-- phpMyAdmin SQL Dump
-- version 4.0.10.15
-- http://www.phpmyadmin.net
--
-- Host: localhost
-- Generation Time: May 28, 2016 at 04:06 PM
-- Server version: 5.1.73
-- PHP Version: 5.3.3

SET SQL_MODE = "NO_AUTO_VALUE_ON_ZERO";
SET time_zone = "+00:00";


/*!40101 SET @OLD_CHARACTER_SET_CLIENT=@@CHARACTER_SET_CLIENT */;
/*!40101 SET @OLD_CHARACTER_SET_RESULTS=@@CHARACTER_SET_RESULTS */;
/*!40101 SET @OLD_COLLATION_CONNECTION=@@COLLATION_CONNECTION */;
/*!40101 SET NAMES utf8 */;

--
-- Database: `jdoher10Ass3`
--

-- --------------------------------------------------------

--
-- Stand-in structure for view `Annual_Dues_Paid_View`
--
CREATE TABLE IF NOT EXISTS `Annual_Dues_Paid_View` (
`Club` varchar(100)
,`Full Name` varchar(102)
,`Email` varchar(254)
,`Phone` varchar(50)
,`Year` int(4)
,`Total Paid` decimal(27,2)
);
-- --------------------------------------------------------

--
-- Table structure for table `BOAT`
--

CREATE TABLE IF NOT EXISTS `BOAT` (
  `BoatName` varchar(100) NOT NULL,
  `ClubName` varchar(100) NOT NULL,
  `Size` tinyint(2) NOT NULL,
  PRIMARY KEY (`BoatName`),
  KEY `CLUB_BOAT_FK` (`ClubName`)
) ENGINE=InnoDB DEFAULT CHARSET=utf8;

--
-- Dumping data for table `BOAT`
--

INSERT INTO `BOAT` (`BoatName`, `ClubName`, `Size`) VALUES
('Ala Maris', 'Coffs Coast Paddlers', 10),
('ALTERNATION', 'Clarence Paddlers', 10),
('APHRODITE', 'Poseidon Paddlers', 10),
('Aqua Therapy', 'Clarence Dragon Boat Club', 10),
('Argo', 'Auris Dragon Boat Club', 10),
('Barebottom', 'Coffs Coast Paddlers', 20),
('Blue Skies', 'Clarence Paddlers', 20),
('Centipede', 'Volaris Dragon Boaters', 10),
('Conqueror', 'Clarence Dragon Boat Club', 20),
('Covenant', 'Auris Dragon Boat Club', 20),
('Dixie Magic', 'Poseidon Paddlers', 20),
('Dragon Lady', 'Clarence Dragon Boat Club', 20),
('Empire Maiden', 'Volaris Dragon Boaters', 20),
('Exarch', 'Oceanus Paddlers', 20),
('Fabio', 'Tweed Dragon Boat Club', 20),
('Funky', 'Oceanus Paddlers', 10),
('Greyhound', 'Tweed Dragon Boat Club', 10),
('Hope Two', 'Different Strokes Dragon Boat Club', 10),
('Horseplay', 'Capricorn Dragon Boaters', 10),
('Hurricane', 'Coffs Coast Paddlers', 10),
('Lady in Red', 'Auris Dragon Boat Club', 20),
('Mallard', 'Clarence Paddlers', 10),
('Moondancer', 'Volaris Dragon Boaters', 20),
('Old Spice', 'Oceanus Paddlers', 20),
('Paddle Paddle', 'Poseidon Paddlers', 10),
('Persistance', 'Tweed Dragon Boat Club', 20),
('Quick Kitty', 'Clarence Dragon Boat Club', 10),
('Raven', 'Different Strokes Dragon Boat Club', 20),
('Red Stripe', 'Different Strokes Dragon Boat Club', 20),
('Sea Hawk', 'Capricorn Dragon Boaters', 20),
('Second Wind', 'Coffs Coast Paddlers', 20),
('Star Grindanger', 'Auris Dragon Boat Club', 10),
('Sun Dancer', 'Clarence Paddlers', 20),
('Taurus', 'Capricorn Dragon Boaters', 20),
('Third Wish', 'Poseidon Paddlers', 20),
('Unity', 'Volaris Dragon Boaters', 10),
('Untouchable', 'Oceanus Paddlers', 10),
('Valentia', 'Tweed Dragon Boat Club', 10),
('Vasari', 'Different Strokes Dragon Boat Club', 10),
('Wolf', 'Capricorn Dragon Boaters', 10);

-- --------------------------------------------------------

--
-- Table structure for table `CLUB`
--

CREATE TABLE IF NOT EXISTS `CLUB` (
  `ClubName` varchar(100) NOT NULL,
  `RegistrationDate` date NOT NULL,
  `Address` varchar(100) NOT NULL,
  `City` varchar(100) NOT NULL,
  `State` varchar(50) NOT NULL,
  `Postcode` varchar(4) NOT NULL,
  `Phone` varchar(50) NOT NULL,
  PRIMARY KEY (`ClubName`)
) ENGINE=InnoDB DEFAULT CHARSET=utf8;

--
-- Dumping data for table `CLUB`
--

INSERT INTO `CLUB` (`ClubName`, `RegistrationDate`, `Address`, `City`, `State`, `Postcode`, `Phone`) VALUES
('Auris Dragon Boat Club', '2010-02-15', '436 Misty Trail', 'Goldbreak', 'NSW', '2654', '0266890563'),
('Capricorn Dragon Boaters', '2012-10-05', '84 Black Pass', 'Ravenbrook', 'NSW', '2484', '0266804419'),
('Clarence Dragon Boat Club', '2014-03-02', 'PO Box 1425', 'Grafton', 'NSW', '2460', '0266421234'),
('Clarence Paddlers', '2010-12-11', '34 Southern Passage', 'Dimhorn', 'NSW', '2784', '0266570016'),
('Coffs Coast Paddlers', '2010-06-24', '56 Lion Roar Route', 'Wildefell', 'NSW', '2707', '0266688784'),
('Different Strokes Dragon Boat Club', '2011-02-09', '2 Appletree Alley', 'Blindrock', 'NSW', '2785', '0266005511'),
('Oceanus Paddlers', '2011-01-23', '15 Northern Passage', 'Swamphold', 'NSW', '2158', '0266276316'),
('Poseidon Paddlers', '2012-06-12', '642 Whisper Mountain Track', 'Littlevein', 'NSW', '2431', '0266197671'),
('Tweed Dragon Boat Club', '2011-05-31', '64 Gleaming Pass', 'Whalecliff', 'NSW', '2480', '0266286914'),
('Volaris Dragon Boaters', '2010-05-06', '3 Dancing Pathway', 'Pineland', 'NSW', '2831', '0266794840');

-- --------------------------------------------------------

--
-- Table structure for table `COACH`
--

CREATE TABLE IF NOT EXISTS `COACH` (
  `MemberID` int(11) NOT NULL,
  `WHSCheckDate` date NOT NULL,
  `PoliceCheckDate` date NOT NULL,
  `Level` tinyint(1) NOT NULL,
  `CertificationDate` date NOT NULL,
  PRIMARY KEY (`MemberID`),
  KEY `MEMBER_COACH_FK` (`MemberID`)
) ENGINE=InnoDB DEFAULT CHARSET=utf8;

--
-- Dumping data for table `COACH`
--

INSERT INTO `COACH` (`MemberID`, `WHSCheckDate`, `PoliceCheckDate`, `Level`, `CertificationDate`) VALUES
(1, '2011-07-25', '2013-01-12', 4, '2011-07-20'),
(2, '2012-04-13', '2012-05-24', 2, '2012-03-28'),
(6, '2011-03-30', '2010-10-29', 4, '2010-10-14'),
(7, '2011-01-18', '2012-11-07', 1, '2015-01-29'),
(15, '2009-11-24', '2012-01-12', 1, '2013-04-25'),
(16, '2012-04-03', '2014-07-22', 3, '2010-05-17'),
(23, '2013-01-08', '2009-06-16', 2, '2011-01-05'),
(26, '2009-08-27', '2012-02-16', 1, '2013-07-19'),
(29, '2012-05-08', '2012-12-28', 4, '2012-06-18'),
(38, '2011-04-04', '2010-12-06', 5, '2011-02-21'),
(45, '2013-09-16', '2009-08-24', 5, '2011-06-10'),
(54, '2010-10-05', '2012-07-23', 1, '2013-08-19'),
(58, '2010-05-31', '2011-05-30', 5, '2013-09-15'),
(66, '2011-04-13', '2011-01-21', 4, '2011-03-02'),
(70, '2012-11-20', '2015-05-14', 4, '2010-10-19'),
(73, '2009-10-05', '2011-10-04', 2, '2013-04-03'),
(83, '2010-10-28', '2012-07-04', 3, '2014-10-31'),
(86, '2010-11-26', '2011-09-20', 3, '2014-01-11'),
(92, '2014-01-23', '2014-01-13', 1, '2013-07-23'),
(93, '2009-06-12', '2010-10-14', 1, '2012-09-18'),
(109, '2011-10-10', '2014-01-13', 4, '2009-10-14'),
(110, '2011-04-20', '2011-10-06', 3, '2014-02-06'),
(117, '2011-08-02', '2011-05-09', 1, '2011-03-29'),
(120, '2012-07-12', '2015-02-06', 5, '2010-09-29'),
(126, '2009-06-05', '2011-04-25', 3, '2013-03-15'),
(129, '2013-10-15', '2009-10-16', 1, '2011-07-13'),
(134, '2010-11-02', '2012-11-23', 1, '2014-01-14'),
(135, '2010-06-11', '2012-05-11', 1, '2014-03-26'),
(144, '2009-06-25', '2010-11-24', 2, '2013-01-28'),
(151, '2014-02-26', '2009-10-21', 1, '2011-10-24'),
(153, '2011-05-06', '2013-01-04', 4, '2014-03-04'),
(158, '2012-01-17', '2014-03-27', 4, '2010-04-26'),
(159, '2011-12-08', '2011-05-30', 3, '2011-05-12'),
(162, '2012-08-02', '2013-02-01', 2, '2012-07-20'),
(165, '2013-06-24', '2009-08-20', 3, '2011-04-20'),
(166, '2011-12-19', '2011-10-14', 4, '2011-05-17'),
(177, '2011-06-24', '2013-08-12', 1, '2015-03-04'),
(181, '2010-05-25', '2012-01-18', 4, '2013-06-06'),
(182, '2015-01-07', '2010-02-18', 2, '2012-02-20'),
(187, '2012-09-11', '2013-03-28', 3, '2012-12-03'),
(192, '2010-01-21', '2012-04-20', 5, '2013-09-16'),
(193, '2011-07-25', '2014-01-09', 3, '2009-08-25'),
(202, '2012-11-12', '2013-07-19', 1, '2013-03-06'),
(208, '2015-01-21', '2010-04-07', 2, '2012-07-18'),
(212, '2012-06-28', '2014-11-14', 1, '2010-09-27'),
(213, '2013-02-07', '2013-08-15', 3, '2013-04-16'),
(218, '2012-03-02', '2012-01-30', 4, '2011-07-04'),
(227, '2012-05-22', '2014-10-13', 5, '2010-09-22'),
(236, '2009-10-08', '2012-03-28', 3, '2013-09-06'),
(240, '2012-03-12', '2012-05-21', 4, '2011-12-26'),
(241, '2011-06-06', '2013-07-24', 2, '2014-09-19'),
(244, '2014-06-19', '2009-10-28', 1, '2012-02-06'),
(260, '2013-02-20', '2013-11-27', 2, '2013-06-06');

-- --------------------------------------------------------

--
-- Stand-in structure for view `Coach_View`
--
CREATE TABLE IF NOT EXISTS `Coach_View` (
`MemberID` int(11)
,`Club` varchar(100)
,`Last Name` varchar(50)
,`First Name` varchar(50)
,`Email` varchar(254)
,`Phone` varchar(50)
,`Coach Level` tinyint(1)
,`Coach Certification Date` date
);
-- --------------------------------------------------------

--
-- Table structure for table `DRUMMER`
--

CREATE TABLE IF NOT EXISTS `DRUMMER` (
  `MemberID` int(11) NOT NULL,
  `LastWorkshopDate` date DEFAULT NULL,
  PRIMARY KEY (`MemberID`),
  KEY `MEMBER_DRUMMER_FK` (`MemberID`)
) ENGINE=InnoDB DEFAULT CHARSET=utf8;

--
-- Dumping data for table `DRUMMER`
--

INSERT INTO `DRUMMER` (`MemberID`, `LastWorkshopDate`) VALUES
(1, '2010-11-19'),
(4, '2009-05-25'),
(5, '2010-07-14'),
(7, '2014-04-28'),
(8, '2015-03-25'),
(12, '2010-03-29'),
(14, '2009-09-01'),
(15, '2011-11-17'),
(19, '2009-07-13'),
(22, '2012-08-24'),
(23, '2012-08-20'),
(25, '2010-05-04'),
(30, '2011-03-31'),
(31, '2010-11-04'),
(32, '2010-02-25'),
(33, '2011-03-23'),
(43, '2011-07-20'),
(50, '2011-03-30'),
(52, '2014-06-30'),
(55, '2011-09-19'),
(57, '2013-01-18'),
(58, '2014-03-03'),
(64, '2013-04-24'),
(68, '2011-05-04'),
(69, '2013-06-03'),
(72, '2012-03-13'),
(75, '2009-07-23'),
(78, '2013-09-13'),
(82, '2012-04-23'),
(85, '2013-09-15'),
(87, '2013-03-08'),
(91, '2010-12-09'),
(92, '2013-08-05'),
(97, '2013-07-08'),
(99, '2015-03-05'),
(100, '2013-06-24'),
(105, '2012-04-20'),
(106, '2011-12-22'),
(107, '2014-10-13'),
(112, '2014-01-11'),
(113, '2010-11-19'),
(114, '2011-10-12'),
(115, '2013-11-20'),
(116, '2011-02-16'),
(121, '2009-10-13'),
(127, '2013-08-20'),
(128, '2013-11-15'),
(129, '2012-08-21'),
(133, '2013-02-26'),
(134, '2011-12-12'),
(136, '2014-02-06'),
(139, '2013-12-06'),
(142, '2014-11-19'),
(143, '2014-01-06'),
(144, '2013-09-03'),
(145, '2014-06-06'),
(146, '2011-09-07'),
(148, '2009-06-18'),
(155, '2009-11-23'),
(157, '2013-03-01'),
(158, '2012-05-04'),
(161, '2014-11-13'),
(163, '2015-01-19'),
(170, '2015-02-16'),
(174, '2015-02-17'),
(175, '2011-02-18'),
(176, '2011-02-25'),
(177, '2011-12-14'),
(179, '2013-01-03'),
(182, '2013-04-02'),
(183, '2013-11-27'),
(184, '2009-11-10'),
(186, '2011-04-14'),
(188, '2012-01-06'),
(191, '2011-09-19'),
(192, '2014-03-19'),
(194, '2011-12-12'),
(196, '2009-07-21'),
(198, '2010-03-04'),
(201, '2012-01-23'),
(205, '2011-08-22'),
(210, '2011-04-15'),
(212, '2012-08-14'),
(214, '2012-09-18'),
(215, '2012-02-07'),
(219, '2012-06-22'),
(220, '2013-01-23'),
(221, '2012-10-11'),
(223, '2011-01-19'),
(226, '2011-12-22'),
(228, '2012-03-08'),
(231, '2015-03-17'),
(239, '2013-09-03'),
(240, '2014-02-25'),
(242, '2014-02-03'),
(243, '2015-05-22'),
(245, '2013-11-01'),
(250, '2013-10-08'),
(254, '2014-07-08'),
(255, '2014-09-04'),
(256, '2010-03-22'),
(259, '2011-10-12');

-- --------------------------------------------------------

--
-- Table structure for table `DUES`
--

CREATE TABLE IF NOT EXISTS `DUES` (
  `ReceiptID` int(8) NOT NULL AUTO_INCREMENT,
  `MemberID` int(11) NOT NULL,
  `PaymentDate` date NOT NULL,
  `MembershipYear` int(4) NOT NULL,
  `Amount` decimal(5,2) NOT NULL,
  PRIMARY KEY (`ReceiptID`),
  KEY `MEMBER_DUES_FK` (`MemberID`)
) ENGINE=InnoDB  DEFAULT CHARSET=utf8 AUTO_INCREMENT=11131 ;

--
-- Dumping data for table `DUES`
--

INSERT INTO `DUES` (`ReceiptID`, `MemberID`, `PaymentDate`, `MembershipYear`, `Amount`) VALUES
(10423, 113, '2012-07-06', 2012, '100.00'),
(10424, 136, '2012-07-08', 2012, '20.00'),
(10425, 56, '2012-07-08', 2012, '25.00'),
(10426, 87, '2012-07-18', 2012, '10.00'),
(10427, 59, '2012-08-09', 2012, '100.00'),
(10428, 112, '2012-08-14', 2012, '100.00'),
(10429, 136, '2012-08-15', 2012, '20.00'),
(10430, 87, '2012-08-20', 2012, '50.00'),
(10431, 136, '2012-09-20', 2012, '10.00'),
(10432, 56, '2012-09-25', 2012, '40.00'),
(10433, 136, '2012-10-06', 2012, '10.00'),
(10434, 58, '2012-11-17', 2012, '100.00'),
(10435, 136, '2012-11-18', 2012, '30.00'),
(10436, 113, '2012-12-10', 2013, '100.00'),
(10437, 86, '2012-12-10', 2012, '100.00'),
(10438, 56, '2012-12-19', 2012, '10.00'),
(10439, 1, '2013-01-02', 2013, '100.00'),
(10440, 136, '2013-02-07', 2013, '100.00'),
(10441, 56, '2013-02-20', 2013, '40.00'),
(10442, 87, '2013-03-19', 2013, '100.00'),
(10443, 111, '2013-03-24', 2013, '100.00'),
(10444, 85, '2013-04-19', 2012, '20.00'),
(10445, 58, '2013-04-19', 2013, '100.00'),
(10446, 56, '2013-05-02', 2013, '50.00'),
(10447, 138, '2013-05-17', 2013, '10.00'),
(10448, 138, '2013-06-08', 2013, '5.00'),
(10449, 59, '2013-06-22', 2013, '100.00'),
(10450, 112, '2013-07-05', 2013, '100.00'),
(10451, 138, '2013-09-16', 2013, '5.00'),
(10452, 137, '2013-10-09', 2013, '100.00'),
(10453, 86, '2013-10-19', 2013, '100.00'),
(10454, 85, '2013-11-01', 2013, '50.00'),
(10455, 57, '2013-11-02', 2013, '100.00'),
(10456, 56, '2013-11-24', 2013, '10.00'),
(10457, 113, '2013-12-05', 2014, '100.00'),
(10458, 85, '2014-01-17', 2013, '25.00'),
(10459, 56, '2014-01-19', 2014, '100.00'),
(10460, 137, '2014-02-02', 2014, '20.00'),
(10461, 136, '2014-02-14', 2013, '10.00'),
(10462, 58, '2014-02-22', 2014, '100.00'),
(10463, 136, '2014-02-26', 2014, '20.00'),
(10464, 87, '2014-02-28', 2014, '20.00'),
(10465, 59, '2014-03-01', 2014, '100.00'),
(10466, 85, '2014-03-15', 2014, '100.00'),
(10467, 136, '2014-03-20', 2014, '30.00'),
(10468, 87, '2014-03-22', 2014, '25.00'),
(10469, 87, '2014-04-04', 2014, '10.00'),
(10470, 111, '2014-04-04', 2014, '100.00'),
(10471, 34, '2012-01-01', 2012, '100.00'),
(10472, 249, '2012-01-09', 2012, '100.00'),
(10473, 16, '2012-01-11', 2012, '100.00'),
(10474, 217, '2012-01-15', 2012, '100.00'),
(10475, 28, '2012-01-17', 2012, '100.00'),
(10476, 250, '2012-01-27', 2012, '100.00'),
(10477, 235, '2012-01-30', 2012, '100.00'),
(10478, 78, '2012-01-30', 2012, '100.00'),
(10479, 11, '2012-02-01', 2012, '100.00'),
(10480, 52, '2012-02-03', 2012, '100.00'),
(10481, 55, '2012-02-03', 2012, '100.00'),
(10482, 194, '2012-02-11', 2012, '100.00'),
(10483, 181, '2012-02-13', 2012, '100.00'),
(10484, 84, '2012-02-14', 2012, '100.00'),
(10485, 60, '2012-02-16', 2012, '100.00'),
(10486, 240, '2012-02-21', 2012, '100.00'),
(10487, 146, '2012-02-21', 2012, '100.00'),
(10488, 15, '2012-03-03', 2012, '100.00'),
(10489, 167, '2012-03-05', 2012, '100.00'),
(10490, 74, '2012-03-05', 2012, '100.00'),
(10491, 202, '2012-03-14', 2012, '100.00'),
(10492, 5, '2012-03-27', 2012, '100.00'),
(10493, 237, '2012-04-05', 2012, '100.00'),
(10494, 32, '2012-04-08', 2012, '100.00'),
(10495, 206, '2012-04-08', 2012, '100.00'),
(10496, 162, '2012-04-09', 2012, '100.00'),
(10497, 24, '2012-04-09', 2012, '100.00'),
(10498, 14, '2012-04-15', 2012, '100.00'),
(10499, 223, '2012-04-16', 2012, '100.00'),
(10500, 110, '2012-04-17', 2012, '100.00'),
(10501, 169, '2012-04-23', 2012, '100.00'),
(10502, 197, '2012-04-25', 2012, '100.00'),
(10503, 9, '2012-05-04', 2012, '100.00'),
(10504, 93, '2012-05-05', 2012, '100.00'),
(10505, 139, '2012-05-07', 2012, '100.00'),
(10506, 208, '2012-05-12', 2012, '100.00'),
(10507, 106, '2012-05-12', 2012, '100.00'),
(10508, 94, '2012-05-14', 2012, '100.00'),
(10509, 182, '2012-05-14', 2012, '100.00'),
(10510, 256, '2012-05-15', 2012, '100.00'),
(10511, 37, '2012-05-27', 2012, '100.00'),
(10512, 2, '2012-05-29', 2012, '100.00'),
(10513, 229, '2012-06-06', 2012, '100.00'),
(10514, 123, '2012-06-06', 2012, '100.00'),
(10515, 142, '2012-06-08', 2012, '100.00'),
(10516, 227, '2012-06-12', 2012, '100.00'),
(10517, 234, '2012-06-12', 2012, '100.00'),
(10518, 100, '2012-06-14', 2012, '100.00'),
(10519, 231, '2012-06-16', 2012, '100.00'),
(10520, 198, '2012-06-17', 2012, '50.00'),
(10521, 70, '2012-06-24', 2012, '50.00'),
(10522, 12, '2012-06-30', 2012, '50.00'),
(10523, 213, '2012-07-03', 2012, '50.00'),
(10524, 54, '2012-07-03', 2012, '50.00'),
(10525, 35, '2012-07-04', 2012, '50.00'),
(10526, 63, '2012-07-05', 2012, '50.00'),
(10527, 173, '2012-07-05', 2012, '50.00'),
(10528, 130, '2012-07-06', 2012, '50.00'),
(10529, 164, '2012-07-06', 2012, '50.00'),
(10530, 66, '2012-07-07', 2012, '50.00'),
(10531, 245, '2012-07-10', 2012, '50.00'),
(10532, 147, '2012-07-10', 2012, '50.00'),
(10533, 125, '2012-07-10', 2012, '50.00'),
(10534, 211, '2012-07-11', 2012, '50.00'),
(10535, 18, '2012-07-12', 2012, '50.00'),
(10536, 6, '2012-07-20', 2012, '50.00'),
(10537, 43, '2012-07-24', 2012, '50.00'),
(10538, 226, '2012-07-26', 2012, '50.00'),
(10539, 49, '2012-07-29', 2012, '50.00'),
(10540, 242, '2012-07-30', 2012, '50.00'),
(10541, 155, '2012-08-11', 2012, '50.00'),
(10542, 124, '2012-08-15', 2012, '50.00'),
(10543, 221, '2012-08-16', 2012, '50.00'),
(10544, 68, '2012-08-16', 2012, '50.00'),
(10545, 7, '2012-08-17', 2012, '50.00'),
(10546, 114, '2012-08-21', 2012, '50.00'),
(10547, 232, '2012-09-03', 2012, '50.00'),
(10548, 216, '2012-09-04', 2012, '50.00'),
(10549, 163, '2012-09-08', 2012, '75.00'),
(10550, 243, '2012-09-09', 2012, '75.00'),
(10551, 36, '2012-09-09', 2012, '75.00'),
(10552, 233, '2012-09-09', 2012, '75.00'),
(10553, 92, '2012-09-14', 2012, '75.00'),
(10554, 154, '2012-09-15', 2012, '75.00'),
(10555, 25, '2012-09-15', 2012, '75.00'),
(10556, 38, '2012-09-26', 2012, '75.00'),
(10557, 225, '2012-10-02', 2012, '75.00'),
(10558, 218, '2012-10-03', 2012, '75.00'),
(10559, 143, '2012-10-08', 2012, '75.00'),
(10560, 238, '2012-10-11', 2012, '75.00'),
(10561, 13, '2012-10-20', 2012, '75.00'),
(10562, 88, '2012-10-22', 2012, '75.00'),
(10563, 149, '2012-10-22', 2012, '75.00'),
(10564, 53, '2012-11-01', 2012, '75.00'),
(10565, 79, '2012-11-01', 2012, '75.00'),
(10566, 203, '2012-11-16', 2012, '75.00'),
(10567, 258, '2012-11-16', 2012, '75.00'),
(10568, 4, '2012-11-18', 2012, '75.00'),
(10569, 30, '2012-11-20', 2012, '75.00'),
(10570, 209, '2012-11-20', 2012, '75.00'),
(10571, 191, '2012-11-21', 2012, '75.00'),
(10572, 246, '2012-11-24', 2012, '75.00'),
(10573, 186, '2012-12-02', 2012, '75.00'),
(10574, 44, '2012-12-04', 2012, '75.00'),
(10575, 98, '2012-12-06', 2012, '75.00'),
(10576, 96, '2012-12-08', 2012, '75.00'),
(10577, 126, '2012-12-08', 2012, '75.00'),
(10578, 22, '2012-12-09', 2012, '75.00'),
(10579, 51, '2012-12-14', 2012, '75.00'),
(10580, 196, '2012-12-18', 2012, '100.00'),
(10581, 152, '2012-12-18', 2012, '100.00'),
(10582, 188, '2012-12-22', 2012, '100.00'),
(10583, 252, '2012-12-25', 2012, '100.00'),
(10584, 179, '2012-12-25', 2012, '100.00'),
(10585, 185, '2012-12-26', 2012, '100.00'),
(10586, 77, '2012-12-30', 2012, '100.00'),
(10587, 159, '2012-12-30', 2012, '100.00'),
(10588, 251, '2012-01-03', 2012, '100.00'),
(10589, 108, '2012-01-03', 2012, '100.00'),
(10590, 172, '2012-01-05', 2012, '100.00'),
(10591, 170, '2012-01-09', 2012, '100.00'),
(10592, 71, '2012-01-13', 2012, '100.00'),
(10593, 129, '2012-01-13', 2012, '100.00'),
(10594, 122, '2012-01-14', 2012, '100.00'),
(10595, 31, '2012-01-19', 2012, '100.00'),
(10596, 127, '2012-01-19', 2012, '100.00'),
(10597, 174, '2012-01-28', 2012, '100.00'),
(10598, 236, '2012-01-28', 2012, '100.00'),
(10599, 29, '2012-01-29', 2012, '100.00'),
(10600, 101, '2012-02-03', 2012, '100.00'),
(10601, 50, '2012-02-05', 2012, '100.00'),
(10602, 89, '2012-02-09', 2012, '100.00'),
(10603, 69, '2012-02-14', 2012, '100.00'),
(10604, 64, '2012-02-24', 2012, '100.00'),
(10605, 176, '2012-02-24', 2012, '100.00'),
(10606, 145, '2012-02-26', 2012, '100.00'),
(10607, 81, '2012-03-02', 2012, '100.00'),
(10608, 103, '2012-03-03', 2012, '100.00'),
(10609, 105, '2012-03-03', 2012, '100.00'),
(10610, 230, '2012-03-05', 2012, '100.00'),
(10611, 47, '2012-03-07', 2012, '100.00'),
(10612, 95, '2012-03-08', 2012, '100.00'),
(10613, 193, '2012-03-11', 2012, '100.00'),
(10614, 117, '2012-03-15', 2012, '100.00'),
(10615, 118, '2012-03-19', 2012, '100.00'),
(10616, 212, '2012-03-27', 2012, '100.00'),
(10617, 219, '2012-04-02', 2012, '100.00'),
(10618, 80, '2012-04-04', 2012, '100.00'),
(10619, 27, '2012-04-04', 2012, '100.00'),
(10620, 253, '2012-04-09', 2012, '100.00'),
(10621, 102, '2012-04-10', 2012, '100.00'),
(10622, 195, '2012-04-11', 2012, '100.00'),
(10623, 132, '2012-04-16', 2012, '100.00'),
(10624, 153, '2012-04-21', 2012, '100.00'),
(10625, 165, '2012-04-26', 2012, '100.00'),
(10626, 157, '2012-04-28', 2012, '100.00'),
(10627, 109, '2012-04-28', 2012, '100.00'),
(10628, 255, '2012-05-01', 2012, '100.00'),
(10629, 254, '2012-05-03', 2012, '100.00'),
(10630, 104, '2012-05-08', 2012, '100.00'),
(10631, 259, '2012-05-08', 2012, '100.00'),
(10632, 248, '2012-05-15', 2012, '100.00'),
(10633, 257, '2012-05-15', 2012, '100.00'),
(10634, 192, '2012-05-17', 2012, '100.00'),
(10635, 65, '2012-05-18', 2012, '100.00'),
(10636, 119, '2012-05-25', 2012, '100.00'),
(10637, 177, '2012-05-25', 2012, '100.00'),
(10638, 220, '2012-05-26', 2012, '100.00'),
(10639, 217, '2013-01-01', 2013, '100.00'),
(10640, 60, '2013-01-09', 2013, '100.00'),
(10641, 139, '2013-01-11', 2013, '100.00'),
(10642, 6, '2013-01-15', 2013, '100.00'),
(10643, 7, '2013-01-17', 2013, '100.00'),
(10644, 114, '2013-01-27', 2013, '100.00'),
(10645, 140, '2013-01-30', 2013, '100.00'),
(10646, 88, '2013-01-30', 2013, '100.00'),
(10647, 89, '2013-02-01', 2013, '100.00'),
(10648, 165, '2013-02-03', 2013, '100.00'),
(10649, 90, '2013-02-03', 2013, '100.00'),
(10650, 141, '2013-02-11', 2013, '100.00'),
(10651, 189, '2013-02-13', 2013, '100.00'),
(10652, 8, '2013-02-14', 2013, '100.00'),
(10653, 241, '2013-02-16', 2013, '100.00'),
(10654, 91, '2013-02-21', 2013, '100.00'),
(10655, 166, '2013-02-21', 2013, '100.00'),
(10656, 190, '2013-03-03', 2013, '100.00'),
(10657, 61, '2013-03-05', 2013, '100.00'),
(10658, 9, '2013-03-05', 2013, '100.00'),
(10659, 142, '2013-03-14', 2013, '100.00'),
(10660, 242, '2013-03-27', 2013, '100.00'),
(10661, 243, '2013-04-05', 2013, '100.00'),
(10662, 92, '2013-04-08', 2013, '100.00'),
(10663, 218, '2013-04-08', 2013, '100.00'),
(10664, 143, '2013-04-09', 2013, '100.00'),
(10665, 191, '2013-04-09', 2013, '100.00'),
(10666, 219, '2013-04-15', 2013, '100.00'),
(10667, 167, '2013-04-16', 2013, '100.00'),
(10668, 192, '2013-04-17', 2013, '100.00'),
(10669, 144, '2013-04-23', 2013, '100.00'),
(10670, 244, '2013-04-25', 2013, '100.00'),
(10671, 10, '2013-05-04', 2013, '100.00'),
(10672, 11, '2013-05-05', 2013, '100.00'),
(10673, 5, '2013-05-07', 2013, '100.00'),
(10674, 93, '2013-05-12', 2013, '100.00'),
(10675, 12, '2013-05-12', 2013, '100.00'),
(10676, 32, '2013-05-14', 2013, '100.00'),
(10677, 238, '2013-05-14', 2013, '100.00'),
(10678, 4, '2013-05-15', 2013, '100.00'),
(10679, 145, '2013-05-27', 2013, '100.00'),
(10680, 193, '2013-05-29', 2013, '100.00'),
(10681, 220, '2013-06-06', 2013, '100.00'),
(10682, 115, '2013-06-06', 2013, '100.00'),
(10683, 33, '2013-06-08', 2013, '100.00'),
(10684, 116, '2013-06-12', 2013, '100.00'),
(10685, 34, '2013-06-12', 2013, '100.00'),
(10686, 194, '2013-06-14', 2013, '100.00'),
(10687, 110, '2013-06-16', 2013, '100.00'),
(10688, 94, '2013-06-17', 2013, '100.00'),
(10689, 35, '2013-06-24', 2013, '100.00'),
(10690, 221, '2013-06-30', 2013, '100.00'),
(10691, 95, '2013-07-03', 2013, '100.00'),
(10692, 195, '2013-07-03', 2013, '100.00'),
(10693, 168, '2013-07-04', 2013, '100.00'),
(10694, 162, '2013-07-05', 2013, '100.00'),
(10695, 222, '2013-07-05', 2013, '100.00'),
(10696, 62, '2013-07-06', 2013, '100.00'),
(10697, 245, '2013-07-06', 2013, '100.00'),
(10698, 240, '2013-07-07', 2013, '100.00'),
(10699, 36, '2013-07-10', 2013, '100.00'),
(10700, 223, '2013-07-10', 2013, '100.00'),
(10701, 96, '2013-07-10', 2013, '100.00'),
(10702, 169, '2013-07-11', 2013, '100.00'),
(10703, 37, '2013-07-12', 2013, '100.00'),
(10704, 63, '2013-07-20', 2013, '100.00'),
(10705, 31, '2013-07-24', 2013, '100.00'),
(10706, 38, '2013-07-26', 2013, '100.00'),
(10707, 13, '2013-07-29', 2013, '100.00'),
(10708, 246, '2013-07-30', 2013, '100.00'),
(10709, 196, '2013-08-11', 2013, '100.00'),
(10710, 185, '2013-08-15', 2013, '100.00'),
(10711, 247, '2013-08-16', 2013, '100.00'),
(10712, 64, '2013-08-16', 2013, '100.00'),
(10713, 239, '2013-08-17', 2013, '100.00'),
(10714, 39, '2013-08-21', 2013, '100.00'),
(10715, 40, '2013-09-03', 2013, '100.00'),
(10716, 146, '2013-09-04', 2013, '100.00'),
(10717, 14, '2013-09-08', 2013, '100.00'),
(10718, 147, '2013-09-09', 2013, '100.00'),
(10719, 163, '2013-09-09', 2013, '100.00'),
(10720, 29, '2013-09-09', 2013, '100.00'),
(10721, 117, '2013-09-14', 2013, '100.00'),
(10722, 118, '2013-09-15', 2013, '100.00'),
(10723, 97, '2013-09-15', 2013, '100.00'),
(10724, 41, '2013-09-26', 2013, '100.00'),
(10725, 42, '2013-10-02', 2013, '100.00'),
(10726, 148, '2013-10-03', 2013, '100.00'),
(10727, 224, '2013-10-08', 2013, '100.00'),
(10728, 28, '2013-10-11', 2013, '100.00'),
(10729, 15, '2013-10-20', 2013, '100.00'),
(10730, 248, '2013-10-22', 2013, '100.00'),
(10731, 197, '2013-10-22', 2013, '100.00'),
(10732, 198, '2013-11-01', 2013, '100.00'),
(10733, 43, '2013-11-01', 2013, '100.00'),
(10734, 225, '2013-11-16', 2013, '100.00'),
(10735, 44, '2013-11-16', 2013, '100.00'),
(10736, 98, '2013-11-18', 2013, '100.00'),
(10737, 170, '2013-11-20', 2013, '100.00'),
(10738, 119, '2013-11-20', 2013, '100.00'),
(10739, 199, '2013-11-21', 2013, '100.00'),
(10740, 99, '2013-11-24', 2013, '100.00'),
(10741, 249, '2013-12-02', 2013, '100.00'),
(10742, 16, '2013-12-04', 2013, '100.00'),
(10743, 17, '2013-12-06', 2013, '100.00'),
(10744, 250, '2013-12-08', 2013, '100.00'),
(10745, 2, '2013-12-08', 2013, '100.00'),
(10746, 18, '2013-12-09', 2013, '100.00'),
(10747, 149, '2013-12-14', 2013, '100.00'),
(10748, 251, '2013-12-18', 2013, '100.00'),
(10749, 65, '2013-12-18', 2013, '100.00'),
(10750, 171, '2013-12-22', 2013, '100.00'),
(10751, 19, '2013-12-25', 2013, '100.00'),
(10752, 120, '2013-12-25', 2013, '100.00'),
(10753, 150, '2013-12-26', 2013, '100.00'),
(10754, 45, '2013-12-30', 2013, '100.00'),
(10755, 200, '2013-12-30', 2013, '100.00'),
(10756, 151, '2013-01-03', 2013, '100.00'),
(10757, 46, '2013-01-03', 2013, '100.00'),
(10758, 20, '2013-01-05', 2013, '100.00'),
(10759, 100, '2013-01-09', 2013, '100.00'),
(10760, 66, '2013-01-13', 2013, '100.00'),
(10761, 226, '2013-01-13', 2013, '100.00'),
(10762, 216, '2013-01-14', 2013, '100.00'),
(10763, 152, '2013-01-19', 2013, '100.00'),
(10764, 121, '2013-01-19', 2013, '100.00'),
(10765, 227, '2013-01-28', 2013, '100.00'),
(10766, 47, '2013-01-28', 2013, '100.00'),
(10767, 153, '2013-01-29', 2013, '100.00'),
(10768, 228, '2013-02-03', 2013, '100.00'),
(10769, 67, '2013-02-05', 2013, '100.00'),
(10770, 201, '2013-02-09', 2013, '100.00'),
(10771, 48, '2013-02-14', 2013, '100.00'),
(10772, 202, '2013-02-24', 2013, '100.00'),
(10773, 237, '2013-02-24', 2013, '100.00'),
(10774, 154, '2013-02-26', 2013, '100.00'),
(10775, 229, '2013-03-02', 2013, '100.00'),
(10776, 203, '2013-03-03', 2013, '100.00'),
(10777, 30, '2013-03-03', 2013, '100.00'),
(10778, 49, '2013-03-05', 2013, '100.00'),
(10779, 68, '2013-03-07', 2013, '100.00'),
(10780, 172, '2013-03-08', 2013, '100.00'),
(10781, 122, '2013-03-11', 2013, '100.00'),
(10782, 101, '2013-03-15', 2013, '100.00'),
(10783, 50, '2013-03-19', 2013, '100.00'),
(10784, 69, '2013-03-27', 2013, '100.00'),
(10785, 230, '2013-04-02', 2013, '100.00'),
(10786, 252, '2013-04-04', 2013, '100.00'),
(10787, 253, '2013-04-04', 2013, '100.00'),
(10788, 254, '2013-04-09', 2013, '100.00'),
(10789, 204, '2013-04-10', 2013, '100.00'),
(10790, 84, '2013-04-11', 2013, '100.00'),
(10791, 123, '2013-04-16', 2013, '100.00'),
(10792, 231, '2013-04-21', 2013, '100.00'),
(10793, 70, '2013-04-26', 2013, '100.00'),
(10794, 173, '2013-04-28', 2013, '100.00'),
(10795, 155, '2013-04-28', 2013, '100.00'),
(10796, 51, '2013-05-01', 2013, '100.00'),
(10797, 71, '2013-05-03', 2013, '100.00'),
(10798, 174, '2013-05-08', 2013, '100.00'),
(10799, 102, '2013-05-08', 2013, '50.00'),
(10800, 255, '2013-05-15', 2013, '50.00'),
(10801, 21, '2013-05-15', 2013, '50.00'),
(10802, 214, '2013-05-17', 2013, '50.00'),
(10803, 103, '2013-05-18', 2013, '50.00'),
(10804, 187, '2013-05-25', 2013, '50.00'),
(10805, 156, '2013-05-25', 2013, '50.00'),
(10806, 52, '2013-05-26', 2013, '50.00'),
(10807, 104, '2013-05-26', 2013, '50.00'),
(10808, 256, '2013-05-26', 2013, '50.00'),
(10809, 124, '2013-05-29', 2013, '50.00'),
(10810, 232, '2013-06-03', 2013, '50.00'),
(10811, 186, '2013-06-05', 2013, '50.00'),
(10812, 22, '2013-06-05', 2013, '50.00'),
(10813, 188, '2013-06-07', 2013, '50.00'),
(10814, 157, '2013-06-10', 2013, '50.00'),
(10815, 175, '2013-06-10', 2013, '50.00'),
(10816, 161, '2013-06-15', 2013, '50.00'),
(10817, 3, '2013-06-25', 2013, '50.00'),
(10818, 72, '2013-06-28', 2013, '50.00'),
(10819, 73, '2013-06-30', 2013, '50.00'),
(10820, 205, '2013-07-02', 2013, '50.00'),
(10821, 23, '2013-07-03', 2013, '50.00'),
(10822, 74, '2013-07-07', 2013, '50.00'),
(10823, 206, '2013-07-15', 2013, '50.00'),
(10824, 24, '2013-07-22', 2013, '50.00'),
(10825, 125, '2013-07-22', 2013, '50.00'),
(10826, 233, '2013-07-30', 2013, '50.00'),
(10827, 126, '2013-07-30', 2013, '50.00'),
(10828, 127, '2013-08-02', 2013, '50.00'),
(10829, 176, '2013-08-02', 2013, '50.00'),
(10830, 257, '2013-08-04', 2013, '50.00'),
(10831, 177, '2013-08-10', 2013, '50.00'),
(10832, 178, '2013-08-11', 2013, '50.00'),
(10833, 128, '2013-08-12', 2013, '50.00'),
(10834, 207, '2013-08-12', 2013, '50.00'),
(10835, 75, '2013-08-21', 2013, '50.00'),
(10836, 158, '2013-08-22', 2013, '50.00'),
(10837, 76, '2013-08-31', 2013, '50.00'),
(10838, 234, '2013-09-02', 2013, '50.00'),
(10839, 25, '2013-09-06', 2013, '50.00'),
(10840, 235, '2013-09-06', 2013, '50.00'),
(10841, 208, '2013-09-08', 2013, '50.00'),
(10842, 258, '2013-09-12', 2013, '50.00'),
(10843, 213, '2013-09-12', 2013, '50.00'),
(10844, 209, '2013-09-21', 2013, '50.00'),
(10845, 179, '2013-09-27', 2013, '50.00'),
(10846, 129, '2013-09-28', 2013, '50.00'),
(10847, 105, '2013-09-29', 2013, '50.00'),
(10848, 259, '2013-09-30', 2013, '50.00'),
(10849, 130, '2013-10-02', 2013, '50.00'),
(10850, 53, '2013-10-02', 2013, '50.00'),
(10851, 260, '2013-10-09', 2013, '50.00'),
(10852, 215, '2013-10-16', 2013, '50.00'),
(10853, 26, '2013-10-19', 2013, '50.00'),
(10854, 210, '2013-10-19', 2013, '50.00'),
(10855, 77, '2013-10-20', 2013, '50.00'),
(10856, 78, '2013-10-20', 2013, '50.00'),
(10857, 106, '2013-10-22', 2013, '50.00'),
(10858, 54, '2013-10-23', 2013, '50.00'),
(10859, 164, '2013-10-23', 2013, '50.00'),
(10860, 79, '2013-10-23', 2013, '50.00'),
(10861, 80, '2013-10-25', 2013, '50.00'),
(10862, 159, '2013-10-25', 2013, '50.00'),
(10863, 160, '2013-10-25', 2013, '50.00'),
(10864, 27, '2013-10-27', 2013, '50.00'),
(10865, 131, '2013-10-31', 2013, '50.00'),
(10866, 107, '2013-11-03', 2013, '50.00'),
(10867, 180, '2013-11-09', 2013, '50.00'),
(10868, 55, '2013-11-14', 2013, '50.00'),
(10869, 181, '2013-11-15', 2013, '50.00'),
(10870, 182, '2013-11-15', 2013, '50.00'),
(10871, 211, '2013-11-22', 2013, '50.00'),
(10872, 108, '2013-12-02', 2013, '50.00'),
(10873, 236, '2013-12-08', 2013, '50.00'),
(10874, 81, '2013-12-08', 2013, '50.00'),
(10875, 212, '2013-12-20', 2013, '50.00'),
(10876, 132, '2013-12-20', 2013, '50.00'),
(10877, 183, '2013-12-22', 2013, '75.00'),
(10878, 133, '2013-12-26', 2013, '75.00'),
(10879, 82, '2013-12-26', 2013, '75.00'),
(10880, 134, '2013-12-31', 2013, '75.00'),
(10881, 109, '2013-12-31', 2013, '75.00'),
(10882, 83, '2013-12-31', 2013, '75.00'),
(10883, 135, '2013-06-05', 2013, '75.00'),
(10884, 184, '2013-05-29', 2013, '75.00'),
(10885, 217, '2014-01-01', 2014, '50.00'),
(10886, 60, '2014-01-09', 2014, '50.00'),
(10887, 139, '2014-01-11', 2014, '50.00'),
(10888, 6, '2014-01-15', 2014, '50.00'),
(10889, 7, '2014-01-17', 2014, '50.00'),
(10890, 114, '2014-01-27', 2014, '50.00'),
(10891, 140, '2014-01-30', 2014, '50.00'),
(10892, 88, '2014-01-30', 2014, '50.00'),
(10893, 89, '2014-02-01', 2014, '50.00'),
(10894, 165, '2014-02-03', 2014, '50.00'),
(10895, 90, '2014-02-03', 2014, '50.00'),
(10896, 141, '2014-02-11', 2014, '50.00'),
(10897, 189, '2014-02-13', 2014, '50.00'),
(10898, 8, '2014-02-14', 2014, '50.00'),
(10899, 241, '2014-02-16', 2014, '50.00'),
(10900, 91, '2014-02-21', 2014, '50.00'),
(10901, 166, '2014-02-21', 2014, '50.00'),
(10902, 190, '2014-03-03', 2014, '50.00'),
(10903, 61, '2014-03-05', 2014, '50.00'),
(10904, 9, '2014-03-05', 2014, '50.00'),
(10905, 142, '2014-03-14', 2014, '50.00'),
(10906, 242, '2014-03-27', 2014, '50.00'),
(10907, 243, '2014-04-05', 2014, '50.00'),
(10908, 92, '2014-04-08', 2014, '50.00'),
(10909, 218, '2014-04-08', 2014, '50.00'),
(10910, 143, '2014-04-09', 2014, '50.00'),
(10911, 191, '2014-04-09', 2014, '50.00'),
(10912, 219, '2014-04-15', 2014, '50.00'),
(10913, 167, '2014-04-16', 2014, '50.00'),
(10914, 192, '2014-04-17', 2014, '50.00'),
(10915, 144, '2014-04-23', 2014, '50.00'),
(10916, 244, '2014-04-25', 2014, '50.00'),
(10917, 10, '2014-05-04', 2014, '50.00'),
(10918, 11, '2014-05-05', 2014, '50.00'),
(10919, 5, '2014-05-07', 2014, '50.00'),
(10920, 93, '2014-05-12', 2014, '50.00'),
(10921, 12, '2014-05-12', 2014, '50.00'),
(10922, 32, '2014-05-14', 2014, '50.00'),
(10923, 238, '2014-05-14', 2014, '50.00'),
(10924, 4, '2014-05-15', 2014, '50.00'),
(10925, 145, '2014-05-27', 2014, '50.00'),
(10926, 193, '2014-05-29', 2014, '50.00'),
(10927, 220, '2014-06-06', 2014, '50.00'),
(10928, 115, '2014-06-06', 2014, '50.00'),
(10929, 33, '2014-06-08', 2014, '50.00'),
(10930, 116, '2014-06-12', 2014, '50.00'),
(10931, 34, '2014-06-12', 2014, '50.00'),
(10932, 194, '2014-06-14', 2014, '50.00'),
(10933, 110, '2014-06-16', 2014, '50.00'),
(10934, 94, '2014-06-17', 2014, '50.00'),
(10935, 35, '2014-06-24', 2014, '50.00'),
(10936, 221, '2014-06-30', 2014, '50.00'),
(10937, 95, '2014-07-03', 2014, '50.00'),
(10938, 195, '2014-07-03', 2014, '50.00'),
(10939, 168, '2014-07-04', 2014, '50.00'),
(10940, 162, '2014-07-05', 2014, '50.00'),
(10941, 222, '2014-07-05', 2014, '50.00'),
(10942, 62, '2014-07-06', 2014, '50.00'),
(10943, 245, '2014-07-06', 2014, '50.00'),
(10944, 240, '2014-07-07', 2014, '50.00'),
(10945, 36, '2014-07-10', 2014, '50.00'),
(10946, 223, '2014-07-10', 2014, '50.00'),
(10947, 96, '2014-07-10', 2014, '50.00'),
(10948, 169, '2014-07-11', 2014, '50.00'),
(10949, 37, '2014-07-12', 2014, '50.00'),
(10950, 63, '2014-07-20', 2014, '50.00'),
(10951, 31, '2014-07-24', 2014, '50.00'),
(10952, 38, '2014-07-26', 2014, '50.00'),
(10953, 13, '2014-07-29', 2014, '50.00'),
(10954, 246, '2014-07-30', 2014, '50.00'),
(10955, 196, '2014-08-11', 2014, '50.00'),
(10956, 185, '2014-08-15', 2014, '50.00'),
(10957, 247, '2014-08-16', 2014, '50.00'),
(10958, 64, '2014-08-16', 2014, '50.00'),
(10959, 239, '2014-08-17', 2014, '50.00'),
(10960, 39, '2014-08-21', 2014, '50.00'),
(10961, 40, '2014-09-03', 2014, '50.00'),
(10962, 146, '2014-09-04', 2014, '50.00'),
(10963, 14, '2014-09-08', 2014, '50.00'),
(10964, 147, '2014-09-09', 2014, '50.00'),
(10965, 163, '2014-09-09', 2014, '50.00'),
(10966, 29, '2014-09-09', 2014, '50.00'),
(10967, 117, '2014-09-14', 2014, '50.00'),
(10968, 118, '2014-09-15', 2014, '50.00'),
(10969, 97, '2014-09-15', 2014, '50.00'),
(10970, 41, '2014-09-26', 2014, '50.00'),
(10971, 42, '2014-10-02', 2014, '50.00'),
(10972, 148, '2014-10-03', 2014, '50.00'),
(10973, 224, '2014-10-08', 2014, '50.00'),
(10974, 28, '2014-10-11', 2014, '50.00'),
(10975, 15, '2014-10-20', 2014, '50.00'),
(10976, 248, '2014-10-22', 2014, '50.00'),
(10977, 197, '2014-10-22', 2014, '50.00'),
(10978, 198, '2014-11-01', 2014, '50.00'),
(10979, 43, '2014-11-01', 2014, '50.00'),
(10980, 225, '2014-11-16', 2014, '50.00'),
(10981, 44, '2014-11-16', 2014, '50.00'),
(10982, 98, '2014-11-18', 2014, '50.00'),
(10983, 170, '2014-11-20', 2014, '50.00'),
(10984, 119, '2014-11-20', 2014, '50.00'),
(10985, 199, '2014-11-21', 2014, '50.00'),
(10986, 99, '2014-11-24', 2014, '50.00'),
(10987, 249, '2014-12-02', 2014, '50.00'),
(10988, 16, '2014-12-04', 2014, '50.00'),
(10989, 17, '2014-12-06', 2014, '50.00'),
(10990, 250, '2014-12-08', 2014, '50.00'),
(10991, 2, '2014-12-08', 2014, '50.00'),
(10992, 18, '2014-12-09', 2014, '50.00'),
(10993, 149, '2014-12-14', 2014, '50.00'),
(10994, 251, '2014-12-18', 2014, '50.00'),
(10995, 65, '2014-12-18', 2014, '50.00'),
(10996, 171, '2014-12-22', 2014, '50.00'),
(10997, 19, '2014-12-25', 2014, '50.00'),
(10998, 120, '2014-12-25', 2014, '50.00'),
(10999, 150, '2014-12-26', 2014, '50.00'),
(11000, 45, '2014-12-30', 2014, '50.00'),
(11001, 200, '2014-12-30', 2014, '50.00'),
(11002, 151, '2014-01-03', 2014, '50.00'),
(11003, 46, '2014-01-03', 2014, '50.00'),
(11004, 20, '2014-01-05', 2014, '50.00'),
(11005, 100, '2014-01-09', 2014, '50.00'),
(11006, 66, '2014-01-13', 2014, '50.00'),
(11007, 226, '2014-01-13', 2014, '50.00'),
(11008, 216, '2014-01-14', 2014, '50.00'),
(11009, 152, '2014-01-19', 2014, '50.00'),
(11010, 121, '2014-01-19', 2014, '50.00'),
(11011, 227, '2014-01-28', 2014, '50.00'),
(11012, 47, '2014-01-28', 2014, '50.00'),
(11013, 153, '2014-01-29', 2014, '50.00'),
(11014, 228, '2014-02-03', 2014, '50.00'),
(11015, 67, '2014-02-05', 2014, '50.00'),
(11016, 201, '2014-02-09', 2014, '50.00'),
(11017, 48, '2014-02-14', 2014, '50.00'),
(11018, 202, '2014-02-24', 2014, '50.00'),
(11019, 237, '2014-02-24', 2014, '50.00'),
(11020, 154, '2014-02-26', 2014, '50.00'),
(11021, 229, '2014-03-02', 2014, '50.00'),
(11022, 203, '2014-03-03', 2014, '50.00'),
(11023, 30, '2014-03-03', 2014, '50.00'),
(11024, 49, '2014-03-05', 2014, '50.00'),
(11025, 68, '2014-03-07', 2014, '50.00'),
(11026, 172, '2014-03-08', 2014, '50.00'),
(11027, 122, '2014-03-11', 2014, '50.00'),
(11028, 101, '2014-03-15', 2014, '50.00'),
(11029, 50, '2014-03-19', 2014, '50.00'),
(11030, 69, '2014-03-27', 2014, '50.00'),
(11031, 230, '2014-04-02', 2014, '50.00'),
(11032, 252, '2014-04-04', 2014, '50.00'),
(11033, 253, '2014-04-04', 2014, '50.00'),
(11034, 254, '2014-04-09', 2014, '50.00'),
(11035, 204, '2014-04-10', 2014, '50.00'),
(11036, 84, '2014-04-11', 2014, '50.00'),
(11037, 123, '2014-04-16', 2014, '50.00'),
(11038, 231, '2014-04-21', 2014, '50.00'),
(11039, 70, '2014-04-26', 2014, '50.00'),
(11040, 173, '2014-04-28', 2014, '50.00'),
(11041, 155, '2014-04-28', 2014, '50.00'),
(11042, 51, '2014-05-01', 2014, '50.00'),
(11043, 71, '2014-05-03', 2014, '50.00'),
(11044, 174, '2014-05-08', 2014, '50.00'),
(11045, 102, '2014-05-08', 2014, '75.00'),
(11046, 255, '2014-05-15', 2014, '75.00'),
(11047, 21, '2014-05-15', 2014, '75.00'),
(11048, 214, '2014-05-17', 2014, '75.00'),
(11049, 103, '2014-05-18', 2014, '75.00'),
(11050, 187, '2014-05-25', 2014, '75.00'),
(11051, 156, '2014-05-25', 2014, '75.00'),
(11052, 52, '2014-05-26', 2014, '75.00'),
(11053, 104, '2014-05-26', 2014, '75.00'),
(11054, 256, '2014-05-26', 2014, '75.00'),
(11055, 124, '2014-05-29', 2014, '75.00'),
(11056, 232, '2014-06-03', 2014, '75.00'),
(11057, 186, '2014-06-05', 2014, '75.00'),
(11058, 22, '2014-06-05', 2014, '75.00'),
(11059, 188, '2014-06-07', 2014, '75.00'),
(11060, 157, '2014-06-10', 2014, '75.00'),
(11061, 175, '2014-06-10', 2014, '75.00'),
(11062, 161, '2014-06-15', 2014, '75.00'),
(11063, 3, '2014-06-25', 2014, '75.00'),
(11064, 72, '2014-06-28', 2014, '75.00'),
(11065, 73, '2014-06-30', 2014, '75.00'),
(11066, 205, '2014-07-02', 2014, '75.00'),
(11067, 23, '2014-07-03', 2014, '75.00'),
(11068, 74, '2014-07-07', 2014, '75.00'),
(11069, 206, '2014-07-15', 2014, '75.00'),
(11070, 24, '2014-07-22', 2014, '75.00'),
(11071, 125, '2014-07-22', 2014, '75.00'),
(11072, 233, '2014-07-30', 2014, '75.00'),
(11073, 126, '2014-07-30', 2014, '75.00'),
(11074, 127, '2014-08-02', 2014, '75.00'),
(11075, 176, '2014-08-02', 2014, '75.00'),
(11076, 257, '2014-08-04', 2014, '75.00'),
(11077, 177, '2014-08-10', 2014, '75.00'),
(11078, 178, '2014-08-11', 2014, '75.00'),
(11079, 128, '2014-08-12', 2014, '75.00'),
(11080, 207, '2014-08-12', 2014, '75.00'),
(11081, 75, '2014-08-21', 2014, '75.00'),
(11082, 158, '2014-08-22', 2014, '75.00'),
(11083, 76, '2014-08-31', 2014, '75.00'),
(11084, 234, '2014-09-02', 2014, '100.00'),
(11085, 25, '2014-09-06', 2014, '100.00'),
(11086, 235, '2014-09-06', 2014, '100.00'),
(11087, 208, '2014-09-08', 2014, '100.00'),
(11088, 258, '2014-09-12', 2014, '100.00'),
(11089, 213, '2014-09-12', 2014, '100.00'),
(11090, 209, '2014-09-21', 2014, '100.00'),
(11091, 179, '2014-09-27', 2014, '100.00'),
(11092, 129, '2014-09-28', 2014, '100.00'),
(11093, 105, '2014-09-29', 2014, '100.00'),
(11094, 259, '2014-09-30', 2014, '100.00'),
(11095, 130, '2014-10-02', 2014, '100.00'),
(11096, 53, '2014-10-02', 2014, '100.00'),
(11097, 260, '2014-10-09', 2014, '100.00'),
(11098, 215, '2014-10-16', 2014, '100.00'),
(11099, 26, '2014-10-19', 2014, '100.00'),
(11100, 210, '2014-10-19', 2014, '100.00'),
(11101, 77, '2014-10-20', 2014, '100.00'),
(11102, 78, '2014-10-20', 2014, '100.00'),
(11103, 106, '2014-10-22', 2014, '100.00'),
(11104, 54, '2014-10-23', 2014, '100.00'),
(11105, 164, '2014-10-23', 2014, '100.00'),
(11106, 79, '2014-10-23', 2014, '100.00'),
(11107, 80, '2014-10-25', 2014, '100.00'),
(11108, 159, '2014-10-25', 2014, '100.00'),
(11109, 160, '2014-10-25', 2014, '100.00'),
(11110, 27, '2014-10-27', 2014, '100.00'),
(11111, 131, '2014-10-31', 2014, '100.00'),
(11112, 107, '2014-11-03', 2014, '100.00'),
(11113, 180, '2014-11-09', 2014, '100.00'),
(11114, 55, '2014-11-14', 2014, '100.00'),
(11115, 181, '2014-11-15', 2014, '100.00'),
(11116, 182, '2014-11-15', 2014, '100.00'),
(11117, 211, '2014-11-22', 2014, '100.00'),
(11118, 108, '2014-12-02', 2014, '100.00'),
(11119, 236, '2014-12-08', 2014, '100.00'),
(11120, 81, '2014-12-08', 2014, '100.00'),
(11121, 212, '2014-12-20', 2014, '100.00'),
(11122, 132, '2014-12-20', 2014, '100.00'),
(11123, 183, '2014-12-22', 2014, '100.00'),
(11124, 133, '2014-12-26', 2014, '100.00'),
(11125, 82, '2014-12-26', 2014, '100.00'),
(11126, 134, '2014-12-31', 2014, '100.00'),
(11127, 109, '2014-12-31', 2014, '100.00'),
(11128, 83, '2014-12-31', 2014, '100.00'),
(11129, 135, '2014-06-05', 2014, '100.00'),
(11130, 184, '2014-05-29', 2014, '100.00');

-- --------------------------------------------------------

--
-- Table structure for table `MEMBER`
--

CREATE TABLE IF NOT EXISTS `MEMBER` (
  `MemberID` int(11) NOT NULL AUTO_INCREMENT,
  `FirstName` varchar(50) NOT NULL,
  `LastName` varchar(50) NOT NULL,
  `Address` varchar(100) NOT NULL,
  `City` varchar(100) NOT NULL,
  `State` varchar(50) NOT NULL,
  `Postcode` varchar(4) NOT NULL,
  `Phone` varchar(50) NOT NULL,
  `Email` varchar(254) NOT NULL,
  `ReferrerID` int(11) DEFAULT NULL,
  `ClubName` varchar(100) NOT NULL,
  `ClubPosition` varchar(50) DEFAULT NULL,
  PRIMARY KEY (`MemberID`),
  KEY `MEMBER_REFERRED_FK` (`MemberID`),
  KEY `MEMBER_REFERRER_FK` (`ReferrerID`),
  KEY `CLUB_MEMBER_FK` (`ClubName`)
) ENGINE=InnoDB  DEFAULT CHARSET=utf8 AUTO_INCREMENT=261 ;

--
-- Dumping data for table `MEMBER`
--

INSERT INTO `MEMBER` (`MemberID`, `FirstName`, `LastName`, `Address`, `City`, `State`, `Postcode`, `Phone`, `Email`, `ReferrerID`, `ClubName`, `ClubPosition`) VALUES
(1, 'Ella', 'Cook', '3/73 Mauris Avenue', 'Evans Head', 'NSW', '2473', '0266821234', 'ellababee@hotmail.com', 136, 'Different Strokes Dragon Boat Club', 'Treasurer'),
(2, 'Harper', 'Atkins', '665 Coral Lane', 'Waeldestone', 'NSW', '2924', '0266188575', 'molestie.dapibus@nibhdolornonummy.net', NULL, 'Auris Dragon Boat Club', 'President'),
(3, 'Pierce', 'Barrington', '177 Luna Way', 'Murtovaara', 'NSW', '2196', '0266147479', 'Nulla.semper.tellus@sem.net', NULL, 'Auris Dragon Boat Club', 'Secretary'),
(4, 'Blair', 'Belmont', '494 Crown Boulevard', 'Eldham', 'NSW', '2425', '0266944523', 'consectetuer@nibhQuisque.co.uk', NULL, 'Auris Dragon Boat Club', 'Treasurer'),
(5, 'Bianca', 'Branigan', '67 Dove Street', 'Huddersfield', 'NSW', '2627', '0266977464', 'mauris@atvelitPellentesque.com', NULL, 'Auris Dragon Boat Club', 'Vice-President'),
(6, 'Adelaide', 'Dewitt', '366 Quarry Boulevard', 'Northwich', 'NSW', '2343', '0266887288', 'Suspendisse@musAenean.ca', 15, 'Auris Dragon Boat Club', NULL),
(7, 'Adin', 'Wechsler', '970 Green Highway', 'Nash Ait', 'NSW', '2791', '0266247319', 'amet.risus.Donec@actellusSuspendisse.edu', NULL, 'Auris Dragon Boat Club', NULL),
(8, 'Anahera', 'Arepata', '771 Champion Passage', 'Heavenly Meadows', 'NSW', '2531', '0266987061', 'in@MaurisnullaInteger.edu', NULL, 'Auris Dragon Boat Club', NULL),
(9, 'Andrianna', 'Hermansen', '930 Gold Route', 'Fardale', 'NSW', '2296', '0266655754', 'gravida.Aliquam.tincidunt@odioEtiamligula.edu', 4, 'Auris Dragon Boat Club', NULL),
(10, 'Benjamin', 'Hargreave', '546 Lowland Lane', 'Threlkeld', 'NSW', '2497', '0266030486', 'sed.consequat.auctor@sed.co.uk', NULL, 'Auris Dragon Boat Club', NULL),
(11, 'Benjamine', 'Distad', '391 Ivy Lane', 'Purebury', 'NSW', '2868', '0266676368', 'mus.Aenean.eget@Suspendissealiquetmolestie.org', NULL, 'Auris Dragon Boat Club', NULL),
(12, 'Bihari', 'Majumder', '790 Broken Carriage Path', 'Banded Jackal Woodland', 'NSW', '2604', '0266971146', 'pede.nonummy@Ut.com', 15, 'Auris Dragon Boat Club', NULL),
(13, 'Edward', 'Bronson', '435 Lotus Avenue', 'Blencathra', 'NSW', '2026', '0266229497', 'molestie.dapibus.ligula@NullaaliquetProin.com', NULL, 'Auris Dragon Boat Club', NULL),
(14, 'Estelle', 'Vazquez', '881 Pinnacle Row', 'The Long Bank', 'NSW', '2204', '0266344076', 'dictum.augue.malesuada@Donec.net', NULL, 'Auris Dragon Boat Club', NULL),
(15, 'Frisco', 'Munoz', '209 Hidden Way', 'Haywire Orchard', 'NSW', '2908', '0266574903', 'erat.eget@morbitristiquesenectus.edu', 6, 'Auris Dragon Boat Club', NULL),
(16, 'Haashim', 'Farrah', '288 Rabbithole Highway', 'Serenity Passage Viaduct', 'NSW', '2539', '0266086565', 'in.consectetuer@Quisquepurus.com', NULL, 'Auris Dragon Boat Club', NULL),
(17, 'Halynn', 'Topwells', '577 Delta Boulevard', 'Meteli', 'NSW', '2274', '0266611720', 'eu.erat.semper@magnaseddui.net', NULL, 'Auris Dragon Boat Club', NULL),
(18, 'Haru', 'Eketone', '240 Conqueror''s Pathway', 'Xynn Peaks', 'NSW', '2790', '0266444589', 'ultrices@rutrumeu.com', NULL, 'Auris Dragon Boat Club', NULL),
(19, 'Hermione', 'Fitzcharles', '429 Lumber Row', 'Solime', 'NSW', '2863', '0266772215', 'Etiam@velarcu.ca', 24, 'Auris Dragon Boat Club', NULL),
(20, 'Isadore', 'Lincoln', '231 Fortune Avenue', 'Lindow', 'NSW', '2475', '0266185115', 'at.iaculis@mi.edu', NULL, 'Auris Dragon Boat Club', NULL),
(21, 'Mirabelle', 'Claymoore', '71 Mandarin Avenue', 'Claethorpes', 'NSW', '2522', '0266810520', 'neque.non.quam@inhendreritconsectetuer.net', NULL, 'Auris Dragon Boat Club', NULL),
(22, 'Noa', 'Sassoon', '540 Auburn Avenue', 'Strohz Lagoon', 'NSW', '2977', '0266183044', 'euismod@enim.com', NULL, 'Auris Dragon Boat Club', NULL),
(23, 'Rafeeqa', 'Lodi', '584 Seaview Lane', 'West Lefulp ', 'NSW', '2795', '0266021302', 'elit@leo.org', NULL, 'Auris Dragon Boat Club', NULL),
(24, 'Raul', 'Voll', '970 Light Passage', 'Claypeak', 'NSW', '2373', '0266880460', 'egestas.a@rhoncusDonec.com', NULL, 'Auris Dragon Boat Club', NULL),
(25, 'Sara', 'Keaton', '461 Feathers Avenue', 'Aerilon ', 'NSW', '2541', '0266864884', 'nisl@Nulla.net', NULL, 'Auris Dragon Boat Club', NULL),
(26, 'Sushma', 'Babaji', '813 Frost Boulevard', 'Olp Harbor', 'NSW', '2407', '0266714190', 'sit@et.org', NULL, 'Auris Dragon Boat Club', NULL),
(27, 'Unal', 'Turan', '196 Clearance Boulevard', 'Xus Beck', 'NSW', '2100', '0266191594', 'dapibus.rutrum.justo@seddui.ca', NULL, 'Auris Dragon Boat Club', NULL),
(28, 'Freddie', 'Brewer', '346 Rowan Street', 'Eastborne', 'NSW', '2738', '0266129256', 'purus.Nullam@nonleoVivamus.com', NULL, 'Capricorn Dragon Boaters', 'President'),
(29, 'Frances', 'Erickson', '400 Bloomfield Passage', 'Sanlow', 'NSW', '2469', '0266646286', 'imperdiet.erat.nonummy@vulputateullamcorpermagna.co.uk', NULL, 'Capricorn Dragon Boaters', 'Secretary'),
(30, 'Katherine', 'Farrington', '397 Bay View Street', 'Blackridgepool', 'NSW', '2231', '0266498474', 'erat.Sed.nunc@risusDuis.com', NULL, 'Capricorn Dragon Boaters', 'Treasurer'),
(31, 'Edith', 'Griggs', '583 Knight Way', 'Hepojoki', 'NSW', '2376', '0266177399', 'purus.ac@sociisnatoque.ca', NULL, 'Capricorn Dragon Boaters', 'Vice-President'),
(32, 'Bishr', 'Jaber', '795 Kutaht Street', 'Major Gateway Bridge', 'NSW', '2017', '0266687372', 'et.nunc@erosNamconsequat.ca', 29, 'Capricorn Dragon Boaters', NULL),
(33, 'Cecilia', 'Sambridge', '71 College Avenue', 'Conriston', 'NSW', '2138', '0266146383', 'sagittis.augue@Vestibulumut.net', NULL, 'Capricorn Dragon Boaters', NULL),
(34, 'Chandraprakaash', 'Maity', '972 Zaihx Walk', 'Mugalst Woodland', 'NSW', '2493', '0266177470', 'augue@semperNam.ca', NULL, 'Capricorn Dragon Boaters', NULL),
(35, 'Chriss', 'Ness', '665 Grove Street', 'Grayland', 'NSW', '2403', '0266638723', 'Nullam.velit.dui@facilisisSuspendissecommodo.org', 38, 'Capricorn Dragon Boaters', NULL),
(36, 'Daniella', 'Lawson', '495 Arch Street', 'Iyesgarth', 'NSW', '2520', '0266022912', 'tincidunt.aliquam.arcu@nonluctus.com', NULL, 'Capricorn Dragon Boaters', NULL),
(37, 'Dikla', 'Pollack', '514 Barley Boulevard', 'Sysesp Shallows', 'NSW', '2745', '0266725910', 'amet@metusurna.co.uk', NULL, 'Capricorn Dragon Boaters', NULL),
(38, 'Edith', 'Mercer', '417 Gray Avenue', 'Llyn', 'NSW', '2443', '0266309610', 'blandit.at.nisi@sempertellusid.org', NULL, 'Capricorn Dragon Boaters', NULL),
(39, 'Elliott', 'Wellington', '582 Flax Lane', 'Penshaw', 'NSW', '2545', '0266192235', 'Nullam.nisl@quisdiamluctus.ca', 32, 'Capricorn Dragon Boaters', NULL),
(40, 'Esaia', 'Dybdahl', '622 Mystery Walk', 'Frosthand', 'NSW', '2378', '0266360868', 'non.justo.Proin@eu.net', NULL, 'Capricorn Dragon Boaters', NULL),
(41, 'Francis', 'Humphries', '565 Hart Passage', 'Porthcrawl', 'NSW', '2117', '0266817298', 'felis@elitafeugiat.net', NULL, 'Capricorn Dragon Boaters', NULL),
(42, 'Francis', 'Winchester', '372 Apostle Lane', 'Ampleforth', 'NSW', '2688', '0266402205', 'fringilla.euismod.enim@dictumplacerat.net', NULL, 'Capricorn Dragon Boaters', NULL),
(43, 'Gideon', 'Lennox', '333 Merchant Boulevard', 'Crasmere', 'NSW', '2906', '0266908246', 'porttitor.eros@egestashendrerit.net', 38, 'Capricorn Dragon Boaters', NULL),
(44, 'Godfred', 'Moe', '405 Druks Alley', 'Greenfrost', 'NSW', '2425', '0266482643', 'tincidunt.dui@Maecenasmi.org', NULL, 'Capricorn Dragon Boaters', NULL),
(45, 'Hujja', 'Zafar', '348 Grime Route', 'Freenatwump Side', 'NSW', '2511', '0266987023', 'metus.sit.amet@nec.com', NULL, 'Capricorn Dragon Boaters', NULL),
(46, 'Ines', 'Romano', '88 Clearance Avenue', 'Crusyp Paradise', 'NSW', '2122', '0266980227', 'arcu@ante.edu', NULL, 'Capricorn Dragon Boaters', NULL),
(47, 'Jasmin', 'Odegaard', '409 Palm Way', 'Grayspell', 'NSW', '2583', '0266021447', 'Aenean.euismod@Cum.net', 47, 'Capricorn Dragon Boaters', NULL),
(48, 'Jon', 'Resnick', '568 Vapahx Highway', 'Greraps Archipelago', 'NSW', '2234', '0266304817', 'non@anteVivamus.ca', NULL, 'Capricorn Dragon Boaters', NULL),
(49, 'Katie', 'Halse', '408 Beaver Avenue', 'Cavehost', 'NSW', '2871', '0266158368', 'Sed.eu.eros@consequat.ca', NULL, 'Capricorn Dragon Boaters', NULL),
(50, 'Layla', 'Tennesley', '223 Mill Street', 'Tillicoultry', 'NSW', '2278', '0266603383', 'eu.elit.Nulla@orciluctuset.net', NULL, 'Capricorn Dragon Boaters', NULL),
(51, 'Makareta', 'Pekama', '970 Bush Lane', 'Brakal Meadows', 'NSW', '2987', '0266792260', 'fringilla.mi.lacinia@actellus.edu', NULL, 'Capricorn Dragon Boaters', NULL),
(52, 'Naihi', 'Waaka', '22 Aholk Trail', 'Stryqemn Highlands', 'NSW', '2717', '0266620889', 'pharetra.sed.hendrerit@turpis.net', NULL, 'Capricorn Dragon Boaters', NULL),
(53, 'Solver', 'Skaar', '462 Mutawth Highway', 'Mythvault', 'NSW', '2411', '0266819726', 'ac.turpis@aliquet.co.uk', NULL, 'Capricorn Dragon Boaters', NULL),
(54, 'Terciero', 'Rivera', '820 Knezent Lane', 'Hidden Creek Farmstead', 'NSW', '2801', '0266331409', 'quis.diam.luctus@tellus.com', NULL, 'Capricorn Dragon Boaters', NULL),
(55, 'Varsha', 'Mokammel', '693 Brown Boulevard', 'Aoq Wharf', 'NSW', '2199', '0266749698', 'risus.quis.diam@non.ca', NULL, 'Capricorn Dragon Boaters', NULL),
(56, 'Jenny', 'Myles', '10 Little Street', 'Grafton', 'NSW', '2473', '0266820101', 'imperdiet.erat.nonummy@utmi.edu', NULL, 'Clarence Dragon Boat Club', 'President'),
(57, 'Kimberley', 'Kerr', '960 Thunderstorm Pass', 'Wildefell', 'NSW', '2707', '0266763471', 'pellentesque.eget@Aliquamauctor.net', NULL, 'Clarence Dragon Boat Club', 'Secretary'),
(58, 'Kiona', 'Sykes', '515 Broken Walk', 'Grafton', 'NSW', '2473', '0266820103', 'Suspendisse@velarcu.org', NULL, 'Clarence Dragon Boat Club', 'Treasurer'),
(59, 'Benjamin', 'Yang', '2/112 Craft Avenue', 'Grafton', 'NSW', '2473', '0266820102', 'Donec.luctus.aliquet@tellussemmollis.ca', NULL, 'Clarence Dragon Boat Club', 'Vice-President'),
(60, 'Abhra', 'Bhaduri', '412 White Path', 'Misty Woods', 'NSW', '2199', '0266310447', 'tempor.diam.dictum@enimEtiam.org', 56, 'Clarence Dragon Boat Club', NULL),
(61, 'Andreas', 'Wickes', '567 Cherry Avenue', 'Brickelwhyte ', 'NSW', '2425', '0266329005', 'Ut.tincidunt@taciti.co.uk', NULL, 'Clarence Dragon Boat Club', NULL),
(62, 'Crawforde', 'St.Claire', '435 Onyx Street', 'Hull ', 'NSW', '2288', '0266353078', 'ridiculus.mus.Aenean@atsemmolestie.co.uk', NULL, 'Clarence Dragon Boat Club', NULL),
(63, 'Dincay', 'Aksu', '266 Hope Passage', 'Tluwth Brook', 'NSW', '2212', '0266980545', 'fermentum@metusAenean.edu', NULL, 'Clarence Dragon Boat Club', NULL),
(64, 'Elijah', 'Beckett', '612 Providence Street', 'Walden', 'NSW', '2574', '0266546828', 'Quisque.fringilla@orcitincidunt.edu', NULL, 'Clarence Dragon Boat Club', NULL),
(65, 'Hendrikke', 'Lia', '773 North Way', 'Fayscar', 'NSW', '2446', '0266052390', 'senectus.et@primis.net', 56, 'Clarence Dragon Boat Club', NULL),
(66, 'Issac', 'Kingsley', '599 Heirloom Avenue', 'Macclesfield', 'NSW', '2567', '0266164286', 'consequat.lectus.sit@atrisus.org', NULL, 'Clarence Dragon Boat Club', NULL),
(67, 'Joel', 'Pierpont', '31 Bridgewater Way', 'Monmouth', 'NSW', '2720', '0266629094', 'primis@nec.com', NULL, 'Clarence Dragon Boat Club', NULL),
(68, 'Kishori', 'Bhonda', '635 Globe Passage', 'Whale Wharf', 'NSW', '2407', '0266571689', 'tempus@Integervitae.co.uk', NULL, 'Clarence Dragon Boat Club', NULL),
(69, 'Levi', 'Ross', '79 Rosemary Row', 'Mirstone ', 'NSW', '2976', '0266391536', 'tempus@nibhvulputate.co.uk', 63, 'Clarence Dragon Boat Club', NULL),
(70, 'Mahmooda', 'Saber', '119 Locust Route', 'Fort Surtond ', 'NSW', '2242', '0266282566', 'rutrum@luctusfelis.co.uk', NULL, 'Clarence Dragon Boat Club', NULL),
(71, 'Mariana', 'Ellestad', '851 Angel Passage', 'Dawnbreach', 'NSW', '2085', '0266858622', 'nulla@sitamet.org', 63, 'Clarence Dragon Boat Club', NULL),
(72, 'Piers', 'Jenson', '14 Grace Street', 'Caister', 'NSW', '2400', '0266619888', 'libero@et.net', NULL, 'Clarence Dragon Boat Club', NULL),
(73, 'Porfiro', 'Trevisani', '868 Moonshine Route', 'Westwood Ranch', 'NSW', '2841', '0266570271', 'auctor.nunc@purus.net', NULL, 'Clarence Dragon Boat Club', NULL),
(74, 'Rafferty', 'Findlay', '92 Valley Boulevard', 'Wealdstone', 'NSW', '2322', '0266875883', 'malesuada.vel@ligulaelit.org', 70, 'Clarence Dragon Boat Club', NULL),
(75, 'Sadi', 'Riaz', '349 Savage Passage', 'Oval Bridge', 'NSW', '2004', '0266426852', 'Mauris.vestibulum@hendreritnequeIn.org', NULL, 'Clarence Dragon Boat Club', NULL),
(76, 'Sancia', 'Halder', '377 Duke Row', 'The Pristine Sands', 'NSW', '2413', '0266565260', 'Phasellus@tortordictumeu.ca', NULL, 'Clarence Dragon Boat Club', NULL),
(77, 'Taha', 'Kurtoglu', '862 Living Trail', 'Idlevale Hall', 'NSW', '2649', '0266789020', 'lacinia@lectus.net', NULL, 'Clarence Dragon Boat Club', NULL),
(78, 'Tangaroa', 'Karaka', '740 Gray Route', 'The Mysterious Hill', 'NSW', '2517', '0266153704', 'quam.quis@risusat.ca', NULL, 'Clarence Dragon Boat Club', NULL),
(79, 'Tun', 'Birdal', '79 Underwood Avenue', 'Mighty River', 'NSW', '2317', '0266503942', 'Vivamus.euismod.urna@velvenenatis.org', NULL, 'Clarence Dragon Boat Club', NULL),
(80, 'Tuner', 'Cavdarli', '91 Strolp Road', 'Crowworthy Mansion', 'NSW', '2478', '0266534491', 'auctor.velit.Aliquam@adipiscingelit.edu', NULL, 'Clarence Dragon Boat Club', NULL),
(81, 'Wa', 'Arona', '243 Theater Avenue', 'Open Water Plaza', 'NSW', '2988', '0266539427', 'nibh.enim.gravida@tristique.edu', NULL, 'Clarence Dragon Boat Club', NULL),
(82, 'Yahel', 'Bamberger', '965 Beach Row', 'Enchanted Waters', 'NSW', '2239', '0266855829', 'tellus.non@sagittisfelisDonec.org', NULL, 'Clarence Dragon Boat Club', NULL),
(83, 'Zachaios', 'Filipowski', '370 Thunder Passage', 'The Light Enclave', 'NSW', '2315', '0266776307', 'est.Mauris.eu@tristique.edu', NULL, 'Clarence Dragon Boat Club', NULL),
(84, 'Lucy', 'Green', '569 Black Forest Passage', 'Dogholde', 'NSW', '2717', '0266654321', 'greenierox@hotmail.com', NULL, 'Clarence Paddlers', 'President'),
(85, 'Collette', 'Dudley', '926 Vluns Trail', 'Blindrock', 'NSW', '2785', '0266557168', 'leo.in.lobortis@Loremipsum.net', NULL, 'Clarence Paddlers', 'Secretary'),
(86, 'Hannah', 'Roy', '625 Isolation Trail', 'Cragpoint', 'NSW', '2528', '0266057576', 'sem@rutrum.com', NULL, 'Clarence Paddlers', 'Treasurer'),
(87, 'Tony', 'Ratcliffe', '707 Dancing Lane', 'Dimhorn', 'NSW', '2784', '0266713587', 'volutpat@Nunclaoreetlectus.edu', 84, 'Clarence Paddlers', 'Vice-President'),
(88, 'Akmac', 'Memis', '497 Brown Bear Path', 'Seamont Hall', 'NSW', '2194', '0266169897', 'mi.Duis.risus@utaliquamiaculis.org', NULL, 'Clarence Paddlers', NULL),
(89, 'Alexander', 'Dennison', '588 Terrace Lane', 'Peterbrugh', 'NSW', '2135', '0266846181', 'elit.sed@dictum.org', NULL, 'Clarence Paddlers', NULL),
(90, 'Alpgiray', 'Kocer', '491 Wosowth Passage', 'Idledew Hall', 'NSW', '2706', '0266262190', 'enim@enimconsequatpurus.net', 84, 'Clarence Paddlers', NULL),
(91, 'Ananda', 'Hore', '702 Dragontooth Path', 'Sickly Linden Grove', 'NSW', '2556', '0266497527', 'arcu.Sed@faucibusid.edu', NULL, 'Clarence Paddlers', NULL),
(92, 'Anthony', 'Kensington', '288 New Castle Way', 'Beckton', 'NSW', '2783', '0266939032', 'varius.et.euismod@ipsum.com', NULL, 'Clarence Paddlers', NULL),
(93, 'Bibhuti', 'Asad', '888 Onyx Lane', 'Salmonville Piers', 'NSW', '2911', '0266918509', 'consectetuer.adipiscing@augue.edu', NULL, 'Clarence Paddlers', NULL),
(94, 'Chester', 'Lockhart', '616 Dew Lane', 'Ritherhithe', 'NSW', '2535', '0266909927', 'erat@enimnectempus.org', NULL, 'Clarence Paddlers', NULL),
(95, 'Claudette', 'Lockwood', '553 Bard Street', 'Swindon', 'NSW', '2253', '0266406941', 'feugiat@Ut.org', NULL, 'Clarence Paddlers', NULL),
(96, 'Demario', 'Mansilla', '417 Owl Passage', 'Gold Mine Pastures', 'NSW', '2604', '0266365217', 'neque.non@risusa.co.uk', 84, 'Clarence Paddlers', NULL),
(97, 'Francine', 'Malone', '143 Parkside Route', 'Jedburgh', 'NSW', '2743', '0266772882', 'eros.Nam@diam.co.uk', NULL, 'Clarence Paddlers', NULL),
(98, 'Gokcen', 'Cagri', '177 Lake Street', 'Western River', 'NSW', '2663', '0266804645', 'ipsum.dolor.sit@egestas.ca', 92, 'Clarence Paddlers', NULL),
(99, 'Guliana', 'Siciliano', '751 Chapel Avenue', 'White Boulder Coastline', 'NSW', '2913', '0266578299', 'mauris.eu.elit@nequeIn.org', NULL, 'Clarence Paddlers', NULL),
(100, 'Isobel', 'Holt', '231 Berry Street', 'Westwend ', 'NSW', '2351', '0266667949', 'diam.Duis.mi@vitaeerat.edu', 94, 'Clarence Paddlers', NULL),
(101, 'Koro', 'Wati', '462 Scarlet Road', 'The Steep Pinnacle', 'NSW', '2045', '0266820238', 'Sed.eu@Vestibulum.ca', NULL, 'Clarence Paddlers', NULL),
(102, 'Matthias', 'Reed', '2 Coastline Lane', 'Kara''s Vale ', 'NSW', '2878', '0266139253', 'elit.Aliquam.auctor@eu.edu', 96, 'Clarence Paddlers', NULL),
(103, 'Mudrika', 'Rashed', '53 Temple Lane', 'Lower Groc ', 'NSW', '2931', '0266097810', 'Quisque.varius@Proinnonmassa.com', NULL, 'Clarence Paddlers', NULL),
(104, 'Nathanael', 'Lebzelter', '238 Light Path', 'The Ivory Refuge', 'NSW', '2083', '0266331190', 'non.nisi@pede.ca', NULL, 'Clarence Paddlers', NULL),
(105, 'Shoval', 'Herzl', '99 Duchess Passage', 'Rainy Reservoir', 'NSW', '2399', '0266485294', 'amet.ornare@velest.ca', NULL, 'Clarence Paddlers', NULL),
(106, 'Tasar', 'Aziz', '948 Ironmine Pathway', 'Milltown Plantation', 'NSW', '2166', '0266718300', 'Sed@vulputateduinec.co.uk', NULL, 'Clarence Paddlers', NULL),
(107, 'Uru', 'Nepe', '538 Bard Street', 'Southside Park', 'NSW', '2795', '0266219754', 'felis.Nulla.tempor@Nulla.org', NULL, 'Clarence Paddlers', NULL),
(108, 'Vivian', 'Branigan', '636 Bright Way', 'Fortaare', 'NSW', '2940', '0266007790', 'Sed.eget@nasceturridiculusmus.org', NULL, 'Clarence Paddlers', NULL),
(109, 'Zaahid', 'Farooq', '696 Crow''s Nest Lane', 'Emerald Bridge', 'NSW', '2653', '0266671131', 'dapibus.quam@Proinnonmassa.co.uk', NULL, 'Clarence Paddlers', NULL),
(110, 'Charlotte', 'Gable', '485 Thundercloud Track', 'Bearshell', 'NSW', '2930', '0266123456', 'char104@hotmail.com', NULL, 'Coffs Coast Paddlers', 'President'),
(111, 'Zorita', 'Kim', '344 Drosh Track', 'Sandhill', 'NSW', '2632', '0266455204', 'pretium.neque@ligulaeuenim.com', NULL, 'Coffs Coast Paddlers', 'Secretary'),
(112, 'Dane', 'Potter', '327 Burned Road', 'Bridgewall', 'NSW', '2669', '0266520874', 'lobortis.nisi@atortor.edu', 110, 'Coffs Coast Paddlers', 'Treasurer'),
(113, 'Lucas', 'Morse', '789 Gray Path', 'Littleford', 'NSW', '2549', '0266536155', 'neque@euismod.org', NULL, 'Coffs Coast Paddlers', 'Vice-President'),
(114, 'Adli', 'Cavus', '923 Jade Street', 'Wheatgreen Hall', 'NSW', '2714', '0266052966', 'pulvinar@dictumaugue.org', NULL, 'Coffs Coast Paddlers', NULL),
(115, 'Cecil', 'Bennet', '319 Amber Row', 'Stawford', 'NSW', '2720', '0266693987', 'aliquet.magna@nostra.edu', NULL, 'Coffs Coast Paddlers', NULL),
(116, 'Chandrakala', 'Gayen', '503 Timber Boulevard', 'Redwood Harbor', 'NSW', '2626', '0266855057', 'dictum.cursus.Nunc@atsem.edu', 136, 'Coffs Coast Paddlers', NULL),
(117, 'Francesca', 'Brent', '111 Honor Avenue', 'Macclesfield', 'NSW', '2256', '0266551354', 'imperdiet@aauctor.edu', NULL, 'Coffs Coast Paddlers', NULL),
(118, 'Francine', 'Curnow', '242 Snowflake Passage', 'Lakeshore ', 'NSW', '2530', '0266507335', 'pretium.neque.Morbi@velitQuisquevarius.org', NULL, 'Coffs Coast Paddlers', NULL),
(119, 'Graham', 'Darrington', '183 Dew Boulevard', 'Thralkeld', 'NSW', '2576', '0266048300', 'Duis.volutpat@utmi.org', NULL, 'Coffs Coast Paddlers', NULL),
(120, 'Hissa', 'Akel', '849 Spring Route', 'Lant Square', 'NSW', '2151', '0266416997', 'et.commodo.at@nondapibusrutrum.net', NULL, 'Coffs Coast Paddlers', NULL),
(121, 'Jameel', 'Niazi', '212 Adamantine Road', 'Bare Bridge', 'NSW', '2121', '0266300431', 'mauris.Integer.sem@quis.com', NULL, 'Coffs Coast Paddlers', NULL),
(122, 'Kivanc', 'Zeybek', '340 Wetland Avenue', 'Empty Canal', 'NSW', '2168', '0266353940', 'ornare@Aliquam.com', NULL, 'Coffs Coast Paddlers', NULL),
(123, 'Lucy', 'Tannenbay', '423 Vale Boulevard', 'Horndean', 'NSW', '2837', '0266745563', 'vel.quam@nisl.co.uk', NULL, 'Coffs Coast Paddlers', NULL),
(124, 'Necmi', 'Hacioglu', '627 Red Brick Track', 'Southcreek Hall', 'NSW', '2434', '0266695440', 'at.arcu.Vestibulum@semperpretiumneque.co.uk', NULL, 'Coffs Coast Paddlers', NULL),
(125, 'Reginald', 'Pattinson', '365 Beaver Avenue', 'Fernsworth', 'NSW', '2281', '0266663234', 'semper@risusMorbi.net', NULL, 'Coffs Coast Paddlers', NULL),
(126, 'Ricardo', 'Vargas', '12 Overhanging Path', 'Phoenix Farm', 'NSW', '2286', '0266481044', 'non.magna@CuraePhasellusornare.edu', NULL, 'Coffs Coast Paddlers', NULL),
(127, 'Richard', 'Alnwick', '412 Cottage Way', 'Dangarnon', 'NSW', '2938', '0266609151', 'lacus@orcitinciduntadipiscing.co.uk', NULL, 'Coffs Coast Paddlers', NULL),
(128, 'Ruby', 'Ashleigh', '444 Moonlight Street', 'Claethorpes', 'NSW', '2546', '0266561230', 'sollicitudin@temporarcuVestibulum.co.uk', NULL, 'Coffs Coast Paddlers', NULL),
(129, 'Shisheer', 'Joyanto', '871 Pickpocket Way', 'Wandering Birch Wood', 'NSW', '2574', '0266580805', 'neque@egetmollislectus.org', NULL, 'Coffs Coast Paddlers', NULL),
(130, 'Simona', 'Wigram', '409 Moonlight Lane', 'Charmed Depths', 'NSW', '2072', '0266562640', 'nisi@turpisvitae.net', NULL, 'Coffs Coast Paddlers', NULL),
(131, 'Unlu', 'Bayar', '149 Sloxiht Trail', 'Boulderport Plantation', 'NSW', '2002', '0266324619', 'Curae.Phasellus.ornare@acnulla.co.uk', NULL, 'Coffs Coast Paddlers', NULL),
(132, 'Whina', 'Wirihana', '900 University Lane', 'Majestic Garden', 'NSW', '2554', '0266963927', 'ut.erat.Sed@lorem.edu', NULL, 'Coffs Coast Paddlers', NULL),
(133, 'Witi', 'Hakopa', '321 Thundercloud Highway', 'The Eroded Slopes', 'NSW', '2687', '0266368041', 'imperdiet@egetnisi.ca', NULL, 'Coffs Coast Paddlers', NULL),
(134, 'Yonaidys', 'Zito', '633 Theater Street', 'Savage Point', 'NSW', '2089', '0266798095', 'Suspendisse.dui.Fusce@montesnascetur.net', NULL, 'Coffs Coast Paddlers', NULL),
(135, 'Zachary', 'Kraushaar', '439 Falcon Street', 'The Bone-Dry Reef', 'NSW', '2387', '0266829679', 'Nullam@aliquet.edu', NULL, 'Coffs Coast Paddlers', NULL),
(136, 'Rebekah', 'Riley', '857 Ancestor''s Alley', 'Steelcliff', 'NSW', '2496', '0266909233', 'consectetuer.adipiscing@pedemalesuada.co.uk', NULL, 'Different Strokes Dragon Boat Club', 'President'),
(137, 'Hu', 'Thompson', '690 Solust Pass', 'Dustburgh', 'NSW', '2626', '0266480223', 'sodales@atarcu.com', NULL, 'Different Strokes Dragon Boat Club', 'Secretary'),
(138, 'India', 'Woods', '103 Tufems Street', 'Purepass', 'NSW', '2060', '0266888576', 'ut@uteratSed.co.uk', NULL, 'Different Strokes Dragon Boat Club', 'Vice-President'),
(139, 'Adam', 'Addison', '385 Innovation Street', 'Larnwick', 'NSW', '2579', '0266072983', 'nascetur.ridiculus.mus@sociisnatoque.edu', NULL, 'Different Strokes Dragon Boat Club', NULL),
(140, 'Akkoz', 'Sarikaya', '924 Killing Trail', 'Claythorne Plantation House', 'NSW', '2320', '0266502746', 'urna.Vivamus.molestie@montesnascetur.co.uk', NULL, 'Different Strokes Dragon Boat Club', NULL),
(141, 'Altan', 'Ipekci', '927 Drid Pass', 'Beemeadow Plantation', 'NSW', '2833', '0266298204', 'Aliquam@tristique.com', 138, 'Different Strokes Dragon Boat Club', NULL),
(142, 'Ani', 'Tame', '728 Starfall Avenue', 'Chestnut Plaza', 'NSW', '2610', '0266056957', 'mauris.Morbi@nectellusNunc.co.uk', NULL, 'Different Strokes Dragon Boat Club', NULL),
(143, 'Archie', 'Crawford', '151 Clove Street', 'Woolhope', 'NSW', '2950', '0266127290', 'auctor.vitae.aliquet@primisin.edu', 136, 'Different Strokes Dragon Boat Club', NULL),
(144, 'Barsha', 'Khan', '942 Greenfield Route', 'Echo Bay Landing', 'NSW', '2760', '0266097241', 'taciti@a.com', NULL, 'Different Strokes Dragon Boat Club', NULL),
(145, 'Blaire', 'Paxton', '451 Crown Lane', 'Lancaster', 'NSW', '2589', '0266465361', 'non@acfermentum.co.uk', NULL, 'Different Strokes Dragon Boat Club', NULL),
(146, 'Eshkol', 'Goldbloom', '497 Isolation Passage', 'The Farthest Enclave', 'NSW', '2298', '0266755228', 'id@euligula.com', 144, 'Different Strokes Dragon Boat Club', NULL),
(147, 'Ezgi', 'Burcak', '388 Garden Boulevard', 'Bux Beck', 'NSW', '2608', '0266417875', 'ultrices@malesuada.ca', NULL, 'Different Strokes Dragon Boat Club', NULL),
(148, 'Franco', 'Hirigoyen', '490 Merchant Passage', 'Mistwood Lands', 'NSW', '2084', '0266689683', 'malesuada.id.erat@rhoncusidmollis.net', 144, 'Different Strokes Dragon Boat Club', NULL),
(149, 'Heath', 'Exeter', '235 Ironwood Lane', 'Walden', 'NSW', '2293', '0266589938', 'aliquet.lobortis@adipiscingelitEtiam.ca', NULL, 'Different Strokes Dragon Boat Club', NULL),
(150, 'Howard', 'Breckenridge', '433 Starfall Avenue', 'Panshaw', 'NSW', '2371', '0266954017', 'eget@Maecenasornareegestas.org', NULL, 'Different Strokes Dragon Boat Club', NULL),
(151, 'Indra', 'Sumon', '673 Broken Highway', 'Healthy Covert', 'NSW', '2311', '0266334373', 'placerat.augue@arcuimperdietullamcorper.net', NULL, 'Different Strokes Dragon Boat Club', NULL),
(152, 'Jale', 'Yenal', '356 Anchor Avenue', 'Iris Beck', 'NSW', '2473', '0266274116', 'at.egestas@neceuismodin.edu', NULL, 'Different Strokes Dragon Boat Club', NULL),
(153, 'Jerrely', 'Auriemma', '622 Valley Boulevard', 'Starfish Point', 'NSW', '2167', '0266693796', 'et.lacinia@non.org', NULL, 'Different Strokes Dragon Boat Club', NULL),
(154, 'Justin', 'Upperton', '496 Liberty Lane', 'Mansfield', 'NSW', '2525', '0266271378', 'lacinia.orci@SuspendisseduiFusce.co.uk', NULL, 'Different Strokes Dragon Boat Club', NULL),
(155, 'Majdiyya', 'Haque', '641 Kingwood Avenue', 'Upper West Whophak ', 'NSW', '2626', '0266045572', 'auctor@consectetuerrhoncusNullam.edu', NULL, 'Different Strokes Dragon Boat Club', NULL),
(156, 'Muriel', 'Whitely', '75 Ferry Avenue', 'Tenby', 'NSW', '2922', '0266019200', 'Cras@consectetueradipiscingelit.net', NULL, 'Different Strokes Dragon Boat Club', NULL),
(157, 'Paiwai', 'Arana', '212 Owl Pass', 'The Decaying Rise', 'NSW', '2642', '0266018316', 'molestie.sodales.Mauris@acarcu.co.uk', NULL, 'Different Strokes Dragon Boat Club', NULL),
(158, 'Salaah', 'Mansoor', '893 Trader''s Lane', 'Bronze Bridge', 'NSW', '2276', '0266269001', 'at.iaculis.quis@id.co.uk', NULL, 'Different Strokes Dragon Boat Club', NULL),
(159, 'Tybalt', 'Davenport', '414 Congress Passage', 'Braedon', 'NSW', '2829', '0266984882', 'pede@Pellentesque.ca', NULL, 'Different Strokes Dragon Boat Club', NULL),
(160, 'Tziona', 'Myer', '704 Fountain Street', 'Red Pond', 'NSW', '2666', '0266071972', 'mollis.nec.cursus@risusat.net', NULL, 'Different Strokes Dragon Boat Club', NULL),
(161, 'Phoebe', 'Ambrose', '635 Petal Lane', 'Lakeshore ', 'NSW', '2818', '0266319522', 'felis.ullamcorper@metusVivamus.edu', NULL, 'Oceanus Paddlers', 'President'),
(162, 'Cornelius', 'Ashdown', '597 Revolution Way', 'Penshaw', 'NSW', '2515', '0266877468', 'a@arcu.net', NULL, 'Oceanus Paddlers', 'Secretary'),
(163, 'Fox', 'Bristol', '316 Delta Avenue', 'Cirencester', 'NSW', '2669', '0266435394', 'ante.ipsum@habitant.org', NULL, 'Oceanus Paddlers', 'Treasurer'),
(164, 'Theodora', 'Covington', '567 Tower Street', 'Meteli', 'NSW', '2933', '0266688813', 'velit.in@nisia.com', NULL, 'Oceanus Paddlers', 'Vice-President'),
(165, 'Aliyya', 'Nasr', '468 Fortune Route', 'Upper West Streotold ', 'NSW', '2379', '0266098543', 'egestas.Sed.pharetra@vitaedolor.co.uk', NULL, 'Oceanus Paddlers', NULL),
(166, 'Anastasia', 'La-Minnings', '468 Coastline Passage', 'Middlesborough', 'NSW', '2643', '0266207461', 'sit.amet.risus@neceleifend.com', 162, 'Oceanus Paddlers', NULL),
(167, 'Asli', 'Safak', '670 Canal Route', 'Xaxolm Beck', 'NSW', '2580', '0266460524', 'In@odioauctor.ca', NULL, 'Oceanus Paddlers', NULL),
(168, 'Claus', 'Richmond', '85 Kingwood Passage', 'Bradford', 'NSW', '2606', '0266720599', 'Mauris.ut.quam@turpisAliquam.org', NULL, 'Oceanus Paddlers', NULL),
(169, 'Diana', 'Lamonia', '191 Sun Route', 'Wallowdale ', 'NSW', '2474', '0266761624', 'parturient.montes@sitamet.com', 162, 'Oceanus Paddlers', NULL),
(170, 'Grace', 'Hargreave', '9 Judge Row', 'Oakheart ', 'NSW', '2038', '0266891741', 'sem@cursusdiamat.net', NULL, 'Oceanus Paddlers', NULL),
(171, 'Henrietta', 'Fairisles', '374 West Street', 'Torrine ', 'NSW', '2476', '0266471396', 'vulputate.posuere.vulputate@consectetuer.com', NULL, 'Oceanus Paddlers', NULL),
(172, 'Kit', 'Folkestad', '729 Bleak Route', 'Elderhelm', 'NSW', '2860', '0266714266', 'dui.nec.urna@nasceturridiculus.org', NULL, 'Oceanus Paddlers', NULL),
(173, 'Maia', 'Hohepa', '306 Quarry Boulevard', 'Grovol Grounds', 'NSW', '2389', '0266627782', 'nascetur.ridiculus@arcuVestibulum.co.uk', NULL, 'Oceanus Paddlers', NULL),
(174, 'Matilda', 'May-Porter', '185 Arch Street', 'Coningsby', 'NSW', '2666', '0266688354', 'metus.Aenean.sed@a.com', 170, 'Oceanus Paddlers', NULL),
(175, 'Paromita', 'Kivaraj', '716 Wellness Avenue', 'Vrilk Landing', 'NSW', '2771', '0266267258', 'egestas@ultricesposuere.com', NULL, 'Oceanus Paddlers', NULL),
(176, 'Rochelle', 'Down', '543 Duke Way', 'Hewe', 'NSW', '2937', '0266876899', 'ridiculus.mus@nulla.co.uk', NULL, 'Oceanus Paddlers', NULL),
(177, 'Rosalia', 'Romero', '947 Colonel Passage', 'Nunumn Margin', 'NSW', '2514', '0266448249', 'eleifend.nunc@Aeneaneuismod.ca', NULL, 'Oceanus Paddlers', NULL),
(178, 'Rose', 'Darrington', '317 Arcade Street', 'Redwater', 'NSW', '2598', '0266614177', 'neque.sed@mauris.org', NULL, 'Oceanus Paddlers', NULL),
(179, 'Sharon', 'Cassel', '998 Green Avenue', 'Uht Waters', 'NSW', '2795', '0266480270', 'lorem.fringilla@nisinibhlacinia.net', NULL, 'Oceanus Paddlers', NULL),
(180, 'Uzziel', 'Dresner', '252 Mahq Trail', 'Rolf Cay', 'NSW', '2402', '0266658056', 'at@Donecnibhenim.com', NULL, 'Oceanus Paddlers', NULL),
(181, 'Victorio', 'Coronel', '525 Knots Way', 'Hollow Hill Ranch', 'NSW', '2311', '0266045619', 'malesuada@malesuadaut.com', NULL, 'Oceanus Paddlers', NULL),
(182, 'Vishwajit', 'Bachchan', '642 Breph Way', 'Nunn Thicket', 'NSW', '2695', '0266341257', 'sit.amet@nec.org', NULL, 'Oceanus Paddlers', NULL),
(183, 'Wiremu', 'Petera', '411 Rez Highway', 'Ohl Pinnacle', 'NSW', '2954', '0266780115', 'posuere.at@turpis.co.uk', NULL, 'Oceanus Paddlers', NULL),
(184, 'Zubair', 'Turay', '179 Nud Highway', 'Aged Gulch Footbridge', 'NSW', '2347', '0266191889', 'vitae.velit.egestas@magnisdis.org', NULL, 'Oceanus Paddlers', NULL),
(185, 'Eleanor', 'Barrington', '459 Moonlight Avenue', 'Bellechulish', 'NSW', '2437', '0266371511', 'In.lorem@acurna.org', NULL, 'Poseidon Paddlers', 'President'),
(186, 'Nicholas', 'Barrington', '111 Timber Boulevard', 'Paethsmouth', 'NSW', '2383', '0266946532', 'dui.nec.urna@non.org', NULL, 'Poseidon Paddlers', 'Secretary'),
(187, 'Muriel', 'Blackburn', '309 Jade Passage', 'Eastcliff', 'NSW', '2679', '0266876652', 'eu.euismod@amagna.ca', NULL, 'Poseidon Paddlers', 'Treasurer'),
(188, 'Olivette', 'Calliwell', '227 Pioneer Passage', 'New Cresthill ', 'NSW', '2397', '0266772536', 'ut.ipsum.ac@facilisismagna.edu', NULL, 'Poseidon Paddlers', 'Vice-President'),
(189, 'Alvilde', 'Lybeck', '975 Olive Passage', 'Ragebrook', 'NSW', '2379', '0266677277', 'ut.eros.non@fringilla.ca', 188, 'Poseidon Paddlers', NULL),
(190, 'Anastasia', 'Wellington', '494 Coastline Way', 'Dalelry', 'NSW', '2998', '0266022556', 'nunc@bibendum.com', NULL, 'Poseidon Paddlers', NULL),
(191, 'Aronui', 'Rehipeti', '405 Cavern Street', 'Droalf Grounds', 'NSW', '2891', '0266549702', 'metus.Aliquam.erat@miacmattis.org', NULL, 'Poseidon Paddlers', NULL),
(192, 'Aswini', 'Hossain', '27 Peace Lane', 'Bliwokx Piers', 'NSW', '2776', '0266560184', 'Mauris.blandit@turpisIn.net', NULL, 'Poseidon Paddlers', NULL),
(193, 'Carminda', 'Falcone', '207 Quarry Street', 'Strihulf Oceanfront', 'NSW', '2273', '0266082276', 'urna@dolorFusce.com', 84, 'Poseidon Paddlers', NULL),
(194, 'Charlie', 'Valentina-Smith', '666 Old Route', 'Spalding', 'NSW', '2877', '0266038312', 'malesuada.fringilla@ProinultricesDuis.edu', NULL, 'Poseidon Paddlers', NULL),
(195, 'Claudia', 'Durchville', '582 Heirloom Passage', 'Cardend', 'NSW', '2387', '0266892248', 'vestibulum.neque.sed@eget.co.uk', NULL, 'Poseidon Paddlers', NULL),
(196, 'Efrain', 'Al Sadd', '564 Epirst Alley', 'Rise and Shine Vineyard', 'NSW', '2642', '0266504172', 'vel.vulputate@vitae.ca', NULL, 'Poseidon Paddlers', NULL),
(197, 'Gebhard', 'Hanssen', '154 Huguwth Track', 'Brineside', 'NSW', '2487', '0266509198', 'penatibus.et@nonfeugiatnec.net', 188, 'Poseidon Paddlers', NULL),
(198, 'Ghaaliba', 'Habeeb', '722 Luna Row', 'Xomoatleft Market', 'NSW', '2058', '0266563838', 'arcu.Sed.eu@nibh.co.uk', NULL, 'Poseidon Paddlers', NULL),
(199, 'Grim', 'Aune', '47 Cul Highway', 'Rageglen', 'NSW', '2997', '0266101241', 'lectus.rutrum@enimcommodo.net', NULL, 'Poseidon Paddlers', NULL),
(200, 'Hunter', 'Conwyn', '62 Harbor Lane', 'Myrefall', 'NSW', '2546', '0266038108', 'leo.Vivamus.nibh@elit.com', NULL, 'Poseidon Paddlers', NULL),
(201, 'Johnny', 'Jacobovits', '958 Nyird Avenue', 'Troxurt Cay', 'NSW', '2979', '0266862274', 'magnis.dis.parturient@semutcursus.ca', 200, 'Poseidon Paddlers', NULL),
(202, 'Jonathan', 'Hagan', '94 Cross Street', 'Norton', 'NSW', '2313', '0266497650', 'sollicitudin.adipiscing.ligula@ridiculus.ca', NULL, 'Poseidon Paddlers', NULL),
(203, 'Kaia', 'Bogh', '38 Greenfield Route', 'Dimmount', 'NSW', '2414', '0266931963', 'Duis.a@sapienCrasdolor.com', NULL, 'Poseidon Paddlers', NULL),
(204, 'Lucretia', 'Dandridge', '533 Greenfield Boulevard', 'Wheldrake', 'NSW', '2115', '0266004963', 'ullamcorper@ornare.org', NULL, 'Poseidon Paddlers', NULL),
(205, 'Portia', 'Renaud', '135 Bard Row', 'Thralkeld', 'NSW', '2233', '0266542644', 'nisi.Mauris.nulla@aliquam.com', NULL, 'Poseidon Paddlers', NULL),
(206, 'Randolf', 'Overland', '194 Butterfly Avenue', 'Cloudmere', 'NSW', '2413', '0266348026', 'sed@eratVivamus.net', NULL, 'Poseidon Paddlers', NULL),
(207, 'Ruki', 'Keeti', '560 Dregat Road', 'Pykelst Hill', 'NSW', '2823', '0266349476', 'metus@orciquislectus.ca', NULL, 'Poseidon Paddlers', NULL),
(208, 'Satyajeet', 'Nagari', '748 Wuvat Passage', 'Bokeg Timberland', 'NSW', '2127', '0266569713', 'Nullam.feugiat@Suspendisse.co.uk', NULL, 'Poseidon Paddlers', NULL),
(209, 'Sgula', 'Cohen', '9 Willow Avenue', 'Pluxogh Depths', 'NSW', '2409', '0266384249', 'mi.fringilla.mi@loremtristiquealiquet.ca', NULL, 'Poseidon Paddlers', NULL),
(210, 'Sylvia', 'Delafontaine', '635 Bay View Passage', 'Woolhope', 'NSW', '2244', '0266067946', 'diam.Proin@MorbimetusVivamus.edu', NULL, 'Poseidon Paddlers', NULL),
(211, 'Viveke', 'Hovde', '696 Honor Route', 'Cragrun', 'NSW', '2032', '0266112135', 'morbi.tristique.senectus@Phaselluselitpede.edu', NULL, 'Poseidon Paddlers', NULL),
(212, 'Waddaah', 'Fayad', '551 Gylust Path', 'Massive Gulch Bridge', 'NSW', '2273', '0266248117', 'fringilla.porttitor.vulputate@quamelementumat.org', NULL, 'Poseidon Paddlers', NULL),
(213, 'Serena', 'Astor', '635 Sunshine Lane', 'Aberdeen ', 'NSW', '2333', '0266148778', 'ut.nulla@ataugueid.edu', NULL, 'Tweed Dragon Boat Club', 'President'),
(214, 'Miranda', 'Bentley', '658 Coastline Lane', 'Swanford', 'NSW', '2887', '0266572632', 'tempor.diam.dictum@cursuset.ca', NULL, 'Tweed Dragon Boat Club', 'Secretary'),
(215, 'Stephen', 'Bexley', '181 Spruce Passage', 'Onryx', 'NSW', '2333', '0266670101', 'et.magnis@lacusQuisqueimperdiet.net', NULL, 'Tweed Dragon Boat Club', 'Treasurer'),
(216, 'Jacqueline', 'Conwyn', '491 Market Lane', 'Keld', 'NSW', '2654', '0266142252', 'dis.parturient@eudolor.org', NULL, 'Tweed Dragon Boat Club', 'Vice-President'),
(217, 'Aayaat', 'Badie', '675 Snowflake Lane', 'Shriapposk Side', 'NSW', '2271', '0266397539', 'lorem.tristique.aliquet@enim.org', NULL, 'Tweed Dragon Boat Club', NULL),
(218, 'Antoinette', 'Maguire', '55 South Route', 'Boatwright ', 'NSW', '2731', '0266870922', 'natoque@diam.co.uk', NULL, 'Tweed Dragon Boat Club', NULL),
(219, 'Ashby', 'Tennesley', '183 Ranger Passage', 'Emall', 'NSW', '2033', '0266674140', 'ornare.Fusce@sed.edu', 216, 'Tweed Dragon Boat Club', NULL),
(220, 'Carmit', 'Segal', '366 Clearance Street', 'Joohm Lagoon', 'NSW', '2077', '0266744428', 'ipsum.non.arcu@Aliquam.co.uk', NULL, 'Tweed Dragon Boat Club', NULL),
(221, 'Clara', 'Da', '413 Ash Street', 'Bellenau', 'NSW', '2519', '0266953899', 'vitae@consectetuerrhoncusNullam.co.uk', 216, 'Tweed Dragon Boat Club', NULL),
(222, 'Courtney', 'Holt', '259 Phoenix Street', 'Holden', 'NSW', '2912', '0266217889', 'lobortis.ultrices.Vivamus@blanditmattisCras.ca', NULL, 'Tweed Dragon Boat Club', NULL),
(223, 'Deeptimoy', 'Yunus', '301 Streln Lane', 'Gelt Wood', 'NSW', '2427', '0266574611', 'Maecenas.malesuada@sagittis.org', NULL, 'Tweed Dragon Boat Club', NULL),
(224, 'Franklin', 'Evans', '15 Cherry Way', 'Rivermouth ', 'NSW', '2683', '0266839337', 'faucibus.ut@ac.ca', NULL, 'Tweed Dragon Boat Club', NULL),
(225, 'Gilberto', 'Pestalozzi', '707 Ast Way', 'Tall Oaks Farm', 'NSW', '2611', '0266545010', 'elit.elit@dapibus.net', 216, 'Tweed Dragon Boat Club', NULL),
(226, 'Ixaka', 'Shimshelewitz', '477 Qik Highway', 'Blisurq Atoll', 'NSW', '2193', '0266721738', 'elit.Etiam.laoreet@adipiscingenimmi.edu', NULL, 'Tweed Dragon Boat Club', NULL),
(227, 'Jareer', 'Nagi', '558 Eks Route', 'Slim Path Bridge', 'NSW', '2070', '0266676094', 'sapien@risusvarius.ca', 224, 'Tweed Dragon Boat Club', NULL),
(228, 'Jessalyn', 'Evans', '228 New Castle Avenue', 'Garthram', 'NSW', '2671', '0266202183', 'vulputate.velit.eu@Nullam.com', NULL, 'Tweed Dragon Boat Club', NULL),
(229, 'Kae', 'Tereiti', '604 Frip Street', 'Plyarf Rise', 'NSW', '2102', '0266501609', 'amet.luctus.vulputate@vitaealiquetnec.net', 224, 'Tweed Dragon Boat Club', NULL),
(230, 'Lila', 'Younger', '604 Peace Lane', 'Helmfirth', 'NSW', '2687', '0266139599', 'accumsan.interdum.libero@lacus.ca', NULL, 'Tweed Dragon Boat Club', NULL),
(231, 'Madre', 'Pestalozzi', '152 Onyx Row', 'Tunorf Sands', 'NSW', '2332', '0266922089', 'sit.amet.metus@Integer.com', NULL, 'Tweed Dragon Boat Club', NULL),
(232, 'Neni', 'Puhipi', '694 Sun Boulevard', 'Vumilm Park', 'NSW', '2599', '0266913534', 'iaculis.lacus.pede@Proin.co.uk', NULL, 'Tweed Dragon Boat Club', NULL),
(233, 'Regnor', 'Wiker', '521 Mystery Street', 'Grayshear', 'NSW', '2706', '0266825129', 'eu@maurisidsapien.ca', NULL, 'Tweed Dragon Boat Club', NULL),
(234, 'Sanem', 'Demirkol', '859 Kings Way', 'Jeop Tributary', 'NSW', '2966', '0266752968', 'non.dapibus.rutrum@etmagnisdis.co.uk', NULL, 'Tweed Dragon Boat Club', NULL),
(235, 'Saskia', 'Tucker', '225 Phoenix Lane', 'Drumchapel', 'NSW', '2858', '0266193479', 'ultrices.sit.amet@justoeuarcu.com', NULL, 'Tweed Dragon Boat Club', NULL),
(236, 'Vrishti', 'Matri', '111 Circus Avenue', 'Clixeln Harbor', 'NSW', '2798', '0266895741', 'adipiscing@erat.org', NULL, 'Tweed Dragon Boat Club', NULL),
(237, 'Josephine', 'Beaumont', '609 Timber Avenue', 'Fallkirk', 'NSW', '2872', '0266764619', 'imperdiet@commodo.net', NULL, 'Volaris Dragon Boaters', 'President'),
(238, 'Blair', 'Belleville', '293 Garden Avenue', 'Red Hawk ', 'NSW', '2057', '0266244068', 'enim@et.org', 237, 'Volaris Dragon Boaters', 'Secretary'),
(239, 'Elliott', 'Claymoore', '213 Ivory Avenue', 'Inverness', 'NSW', '2497', '0266849703', 'aliquet.sem@lacusAliquamrutrum.net', 237, 'Volaris Dragon Boaters', 'Treasurer'),
(240, 'Dana', 'Dewitt', '545 Sunny Street', 'Sharpton', 'NSW', '2023', '0266633941', 'consectetuer.adipiscing@est.co.uk', 237, 'Volaris Dragon Boaters', 'Vice-President'),
(241, 'Anahí', 'Rossi', '149 Bellow Row', 'Fradylst Edge', 'NSW', '2925', '0266317268', 'magna.Ut@non.net', NULL, 'Volaris Dragon Boaters', NULL),
(242, 'Annabelle', 'Stenham', '100 Kings Passage', 'Palperroth', 'NSW', '2450', '0266636214', 'eget@Lorem.ca', NULL, 'Volaris Dragon Boaters', NULL),
(243, 'Ano', 'Waata', '225 Upper Street', 'Petal Garden', 'NSW', '2322', '0266256569', 'cursus.diam@Pellentesquehabitant.edu', NULL, 'Volaris Dragon Boaters', NULL),
(244, 'Basant', 'Chakravarty', '784 Yellow Brick Trail', 'Western Sandpiper Woods', 'NSW', '2295', '0266364165', 'non@scelerisquenequesed.net', 237, 'Volaris Dragon Boaters', NULL),
(245, 'Curtis', 'Jenson', '483 University Street', 'Linemell', 'NSW', '2336', '0266377555', 'urna@Maurisnon.edu', NULL, 'Volaris Dragon Boaters', NULL),
(246, 'Eesha', 'Bhattacharyya', '879 Judge Avenue', 'Wraq Harbor', 'NSW', '2743', '0266189894', 'a@orci.co.uk', NULL, 'Volaris Dragon Boaters', NULL),
(247, 'Eleanor', 'Hargreave', '518 Coastline Lane', 'Goulcrest ', 'NSW', '2176', '0266766237', 'dui@Donectempuslorem.org', NULL, 'Volaris Dragon Boaters', NULL),
(248, 'Funda', 'Altintop', '904 Redwood Street', 'Suolt Canal', 'NSW', '2548', '0266665812', 'tempor@infaucibusorci.net', 245, 'Volaris Dragon Boaters', NULL),
(249, 'Haajid', 'Zia', '874 Sharktooth Passage', 'Jade Point Viaduct', 'NSW', '2528', '0266898450', 'quis.pede.Praesent@metuseu.co.uk', NULL, 'Volaris Dragon Boaters', NULL),
(250, 'Hamonga', 'Taneti', '786 Arid Route', 'Crots Mountain', 'NSW', '2703', '0266235975', 'gravida.sagittis@tincidunt.org', NULL, 'Volaris Dragon Boaters', NULL),
(251, 'Hein', 'Eide', '783 Shadow Trail', 'Falsevein', 'NSW', '2526', '0266209913', 'vel@orci.co.uk', NULL, 'Volaris Dragon Boaters', NULL),
(252, 'Linor', 'Matz', '388 Copper Way', 'Ohq Lake', 'NSW', '2097', '0266932274', 'tempus@tristiquepellentesquetellus.edu', 245, 'Volaris Dragon Boaters', NULL),
(253, 'Loretta', 'Greaves', '580 Chestnut Lane', 'Perlshaw', 'NSW', '2387', '0266473771', 'vitae.sodales.nisi@enimMaurisquis.edu', NULL, 'Volaris Dragon Boaters', NULL),
(254, 'Lucille', 'Griffin', '230 Ivy Passage', 'Bardford', 'NSW', '2024', '0266820360', 'porttitor.scelerisque.neque@quamquis.net', NULL, 'Volaris Dragon Boaters', NULL),
(255, 'Mauricio', 'Miniati', '16 Ancestor''s Passage', 'Bull''s Eye Farmstead', 'NSW', '2895', '0266509108', 'mauris.erat@magnaLoremipsum.ca', NULL, 'Volaris Dragon Boaters', NULL),
(256, 'Nawfa', 'Zaher', '965 Oceanview Way', 'Jowaip West', 'NSW', '2389', '0266845372', 'lorem.tristique.aliquet@etipsumcursus.com', NULL, 'Volaris Dragon Boaters', NULL),
(257, 'Ronald', 'Dewitt', '228 Brewer Avenue', 'Runswick', 'NSW', '2720', '0266442591', 'ligula@sociis.co.uk', NULL, 'Volaris Dragon Boaters', NULL),
(258, 'Selena', 'Ryder', '14 Dove Avenue', 'Porthaethwy', 'NSW', '2003', '0266437514', 'non.luctus.sit@dui.edu', NULL, 'Volaris Dragon Boaters', NULL),
(259, 'Simcha', 'Kollek', '543 Roaming Giant Avenue', 'Rekx Archipelago', 'NSW', '2843', '0266776665', 'a.felis.ullamcorper@acnullaIn.co.uk', NULL, 'Volaris Dragon Boaters', NULL),
(260, 'Spencer', 'Millington', '360 Fortune Lane', 'Windrip ', 'NSW', '2292', '0266953348', 'aliquam.adipiscing@anuncIn.co.uk', NULL, 'Volaris Dragon Boaters', NULL);

-- --------------------------------------------------------

--
-- Stand-in structure for view `Member_Contact_View`
--
CREATE TABLE IF NOT EXISTS `Member_Contact_View` (
`MemberID` int(11)
,`Full Name` varchar(102)
,`Club` varchar(100)
,`Email` varchar(254)
,`Phone` varchar(50)
,`Club Position` varchar(50)
);
-- --------------------------------------------------------

--
-- Stand-in structure for view `Member_Qualification_View`
--
CREATE TABLE IF NOT EXISTS `Member_Qualification_View` (
`MemberID` int(11)
,`Club` varchar(100)
,`Last Name` varchar(50)
,`First Name` varchar(50)
,`Phone` varchar(50)
,`Coach Level` tinyint(1)
,`Coach Certification Date` date
,`Sweep Level` tinyint(1)
,`Sweep Certification Date` date
,`Last Workshop Date` date
);
-- --------------------------------------------------------

--
-- Table structure for table `RACE`
--

CREATE TABLE IF NOT EXISTS `RACE` (
  `RaceID` int(11) NOT NULL AUTO_INCREMENT,
  `RegattaID` int(11) NOT NULL,
  `HeatNumber` tinyint(2) NOT NULL,
  `RaceNumber` tinyint(2) NOT NULL,
  `RaceName` varchar(100) NOT NULL,
  `StartTime` time NOT NULL,
  `WinningClub` varchar(100) DEFAULT NULL,
  `WinningTime` time DEFAULT NULL,
  PRIMARY KEY (`RaceID`),
  KEY `REGATTA_RACE_FK` (`RegattaID`),
  KEY `CLUB_RACE_FK` (`WinningClub`)
) ENGINE=InnoDB  DEFAULT CHARSET=utf8 AUTO_INCREMENT=721 ;

--
-- Dumping data for table `RACE`
--

INSERT INTO `RACE` (`RaceID`, `RegattaID`, `HeatNumber`, `RaceNumber`, `RaceName`, `StartTime`, `WinningClub`, `WinningTime`) VALUES
(1, 30, 1, 1, 'Under 18s Mixed', '10:15:00', 'Coffs Coast Paddlers', '00:01:08'),
(2, 30, 1, 2, 'Mixed 10s', '10:45:00', 'Poseidon Paddlers', '00:01:07'),
(3, 30, 1, 3, 'Mens Open', '11:30:00', 'Clarence Paddlers', '00:01:08'),
(4, 30, 1, 4, 'Ladies Open', '11:45:00', 'Auris Dragon Boat Club', '00:01:16'),
(5, 30, 1, 5, 'Mixed 20s', '12:00:00', 'Tweed Dragon Boat Club', '00:01:15'),
(6, 30, 1, 6, 'Over 50s Mixed', '12:30:00', 'Auris Dragon Boat Club', '00:01:01'),
(7, 30, 2, 1, 'Mixed 10s', '12:30:00', 'Coffs Coast Paddlers', '00:01:00'),
(8, 30, 2, 2, 'Mixed 20s', '13:00:00', 'Clarence Dragon Boat Club', '00:01:00'),
(9, 30, 2, 3, 'Ladies Open', '13:30:00', 'Clarence Dragon Boat Club', '00:01:18'),
(10, 30, 2, 4, 'Mens Open', '13:30:00', 'Tweed Dragon Boat Club', '00:01:01'),
(11, 30, 3, 1, 'Mixed 20s', '14:15:00', 'Auris Dragon Boat Club', '00:01:14'),
(12, 30, 4, 1, 'Mixed 20s', '14:45:00', 'Poseidon Paddlers', '00:01:04'),
(13, 30, 5, 1, 'Under 18s Mixed', '15:15:00', 'Oceanus Paddlers', '00:01:15'),
(14, 30, 5, 2, 'Mixed 10s', '15:15:00', 'Oceanus Paddlers', '00:01:13'),
(15, 30, 5, 3, 'Mens Open', '15:30:00', 'Different Strokes Dragon Boat Club', '00:01:11'),
(16, 30, 5, 4, 'Ladies Open', '15:30:00', 'Volaris Dragon Boaters', '00:01:19'),
(17, 30, 5, 5, 'Mixed 20s', '15:45:00', 'Auris Dragon Boat Club', '00:01:00'),
(18, 30, 5, 6, 'Over 50s Mixed', '15:45:00', 'Coffs Coast Paddlers', '00:01:14'),
(19, 30, 6, 1, 'Under 18s Mixed', '16:00:00', 'Different Strokes Dragon Boat Club', '00:01:18'),
(20, 30, 6, 2, 'Mixed 10s', '16:00:00', 'Volaris Dragon Boaters', '00:01:01'),
(21, 30, 6, 3, 'Mens Open', '16:15:00', 'Oceanus Paddlers', '00:01:06'),
(22, 30, 6, 4, 'Ladies Open', '16:15:00', 'Volaris Dragon Boaters', '00:01:14'),
(23, 30, 6, 5, 'Mixed 20s', '16:30:00', 'Different Strokes Dragon Boat Club', '00:01:16'),
(24, 30, 6, 6, 'Over 50s Mixed', '16:30:00', 'Different Strokes Dragon Boat Club', '00:01:14'),
(25, 29, 1, 1, 'Under 18s Mixed', '10:15:00', 'Clarence Paddlers', '00:01:17'),
(26, 29, 1, 2, 'Mixed 10s', '10:45:00', 'Auris Dragon Boat Club', '00:01:08'),
(27, 29, 1, 3, 'Mens Open', '11:30:00', 'Clarence Paddlers', '00:01:10'),
(28, 29, 1, 4, 'Ladies Open', '11:45:00', 'Auris Dragon Boat Club', '00:01:07'),
(29, 29, 1, 5, 'Mixed 20s', '12:00:00', 'Volaris Dragon Boaters', '00:01:04'),
(30, 29, 1, 6, 'Over 50s Mixed', '12:30:00', 'Capricorn Dragon Boaters', '00:01:00'),
(31, 29, 2, 1, 'Mixed 10s', '12:30:00', 'Oceanus Paddlers', '00:01:09'),
(32, 29, 2, 2, 'Mixed 20s', '13:00:00', 'Clarence Dragon Boat Club', '00:01:14'),
(33, 29, 2, 3, 'Ladies Open', '13:30:00', 'Volaris Dragon Boaters', '00:01:13'),
(34, 29, 2, 4, 'Mens Open', '13:30:00', 'Volaris Dragon Boaters', '00:01:15'),
(35, 29, 3, 1, 'Mixed 20s', '14:15:00', 'Auris Dragon Boat Club', '00:01:11'),
(36, 29, 4, 1, 'Mixed 20s', '14:45:00', 'Poseidon Paddlers', '00:01:12'),
(37, 29, 5, 1, 'Under 18s Mixed', '15:15:00', 'Capricorn Dragon Boaters', '00:01:16'),
(38, 29, 5, 2, 'Mixed 10s', '15:15:00', 'Poseidon Paddlers', '00:01:18'),
(39, 29, 5, 3, 'Mens Open', '15:30:00', 'Volaris Dragon Boaters', '00:01:17'),
(40, 29, 5, 4, 'Ladies Open', '15:30:00', 'Auris Dragon Boat Club', '00:01:17'),
(41, 29, 5, 5, 'Mixed 20s', '15:45:00', 'Oceanus Paddlers', '00:01:14'),
(42, 29, 5, 6, 'Over 50s Mixed', '15:45:00', 'Clarence Dragon Boat Club', '00:01:03'),
(43, 29, 6, 1, 'Under 18s Mixed', '16:00:00', 'Volaris Dragon Boaters', '00:01:19'),
(44, 29, 6, 2, 'Mixed 10s', '16:00:00', 'Different Strokes Dragon Boat Club', '00:01:11'),
(45, 29, 6, 3, 'Mens Open', '16:15:00', 'Clarence Dragon Boat Club', '00:01:02'),
(46, 29, 6, 4, 'Ladies Open', '16:15:00', 'Capricorn Dragon Boaters', '00:01:20'),
(47, 29, 6, 5, 'Mixed 20s', '16:30:00', 'Capricorn Dragon Boaters', '00:01:17'),
(48, 29, 6, 6, 'Over 50s Mixed', '16:30:00', 'Capricorn Dragon Boaters', '00:01:20'),
(49, 28, 1, 1, 'Under 18s Mixed', '10:15:00', 'Capricorn Dragon Boaters', '00:01:07'),
(50, 28, 1, 2, 'Mixed 10s', '10:45:00', 'Coffs Coast Paddlers', '00:01:04'),
(51, 28, 1, 3, 'Mens Open', '11:30:00', 'Different Strokes Dragon Boat Club', '00:01:04'),
(52, 28, 1, 4, 'Ladies Open', '11:45:00', 'Capricorn Dragon Boaters', '00:01:18'),
(53, 28, 1, 5, 'Mixed 20s', '12:00:00', 'Volaris Dragon Boaters', '00:01:00'),
(54, 28, 1, 6, 'Over 50s Mixed', '12:30:00', 'Auris Dragon Boat Club', '00:01:01'),
(55, 28, 2, 1, 'Mixed 10s', '12:30:00', 'Oceanus Paddlers', '00:01:13'),
(56, 28, 2, 2, 'Mixed 20s', '13:00:00', 'Capricorn Dragon Boaters', '00:01:19'),
(57, 28, 2, 3, 'Ladies Open', '13:30:00', 'Clarence Dragon Boat Club', '00:01:14'),
(58, 28, 2, 4, 'Mens Open', '13:30:00', 'Volaris Dragon Boaters', '00:01:14'),
(59, 28, 3, 1, 'Mixed 20s', '14:15:00', 'Auris Dragon Boat Club', '00:01:05'),
(60, 28, 4, 1, 'Mixed 20s', '14:45:00', 'Oceanus Paddlers', '00:01:15'),
(61, 28, 5, 1, 'Under 18s Mixed', '15:15:00', 'Clarence Paddlers', '00:01:09'),
(62, 28, 5, 2, 'Mixed 10s', '15:15:00', 'Oceanus Paddlers', '00:01:18'),
(63, 28, 5, 3, 'Mens Open', '15:30:00', 'Capricorn Dragon Boaters', '00:01:09'),
(64, 28, 5, 4, 'Ladies Open', '15:30:00', 'Auris Dragon Boat Club', '00:01:11'),
(65, 28, 5, 5, 'Mixed 20s', '15:45:00', 'Clarence Dragon Boat Club', '00:01:11'),
(66, 28, 5, 6, 'Over 50s Mixed', '15:45:00', 'Auris Dragon Boat Club', '00:01:08'),
(67, 28, 6, 1, 'Under 18s Mixed', '16:00:00', 'Capricorn Dragon Boaters', '00:01:12'),
(68, 28, 6, 2, 'Mixed 10s', '16:00:00', 'Oceanus Paddlers', '00:01:17'),
(69, 28, 6, 3, 'Mens Open', '16:15:00', 'Tweed Dragon Boat Club', '00:01:06'),
(70, 28, 6, 4, 'Ladies Open', '16:15:00', 'Oceanus Paddlers', '00:01:11'),
(71, 28, 6, 5, 'Mixed 20s', '16:30:00', 'Oceanus Paddlers', '00:01:14'),
(72, 28, 6, 6, 'Over 50s Mixed', '16:30:00', 'Coffs Coast Paddlers', '00:01:02'),
(73, 18, 1, 1, 'Under 18s Mixed', '10:15:00', 'Coffs Coast Paddlers', '00:00:51'),
(74, 18, 1, 2, 'Mixed 10s', '10:45:00', 'Coffs Coast Paddlers', '00:00:52'),
(75, 18, 1, 3, 'Mens Open', '11:30:00', 'Oceanus Paddlers', '00:00:58'),
(76, 18, 1, 4, 'Ladies Open', '11:45:00', 'Auris Dragon Boat Club', '00:00:54'),
(77, 18, 1, 5, 'Mixed 20s', '12:00:00', 'Volaris Dragon Boaters', '00:00:56'),
(78, 18, 1, 6, 'Over 50s Mixed', '12:30:00', 'Auris Dragon Boat Club', '00:00:52'),
(79, 18, 2, 1, 'Mixed 10s', '12:30:00', 'Oceanus Paddlers', '00:00:53'),
(80, 18, 2, 2, 'Mixed 20s', '13:00:00', 'Capricorn Dragon Boaters', '00:00:54'),
(81, 18, 2, 3, 'Ladies Open', '13:30:00', 'Volaris Dragon Boaters', '00:00:50'),
(82, 18, 2, 4, 'Mens Open', '13:30:00', 'Volaris Dragon Boaters', '00:00:57'),
(83, 18, 3, 1, 'Mixed 20s', '14:15:00', 'Auris Dragon Boat Club', '00:00:52'),
(84, 18, 4, 1, 'Mixed 20s', '14:45:00', 'Capricorn Dragon Boaters', '00:00:53'),
(85, 18, 5, 1, 'Under 18s Mixed', '15:15:00', 'Volaris Dragon Boaters', '00:00:50'),
(86, 18, 5, 2, 'Mixed 10s', '15:15:00', 'Clarence Dragon Boat Club', '00:00:50'),
(87, 18, 5, 3, 'Mens Open', '15:30:00', 'Capricorn Dragon Boaters', '00:00:51'),
(88, 18, 5, 4, 'Ladies Open', '15:30:00', 'Different Strokes Dragon Boat Club', '00:00:56'),
(89, 18, 5, 5, 'Mixed 20s', '15:45:00', 'Auris Dragon Boat Club', '00:00:55'),
(90, 18, 5, 6, 'Over 50s Mixed', '15:45:00', 'Capricorn Dragon Boaters', '00:00:50'),
(91, 18, 6, 1, 'Under 18s Mixed', '16:00:00', 'Tweed Dragon Boat Club', '00:00:55'),
(92, 18, 6, 2, 'Mixed 10s', '16:00:00', 'Clarence Paddlers', '00:00:56'),
(93, 18, 6, 3, 'Mens Open', '16:15:00', 'Oceanus Paddlers', '00:00:56'),
(94, 18, 6, 4, 'Ladies Open', '16:15:00', 'Capricorn Dragon Boaters', '00:00:55'),
(95, 18, 6, 5, 'Mixed 20s', '16:30:00', 'Auris Dragon Boat Club', '00:00:57'),
(96, 18, 6, 6, 'Over 50s Mixed', '16:30:00', 'Different Strokes Dragon Boat Club', '00:00:55'),
(97, 17, 1, 1, 'Under 18s Mixed', '10:15:00', 'Coffs Coast Paddlers', '00:00:56'),
(98, 17, 1, 2, 'Mixed 10s', '10:45:00', 'Poseidon Paddlers', '00:00:56'),
(99, 17, 1, 3, 'Mens Open', '11:30:00', 'Clarence Paddlers', '00:00:58'),
(100, 17, 1, 4, 'Ladies Open', '11:45:00', 'Auris Dragon Boat Club', '00:00:56'),
(101, 17, 1, 5, 'Mixed 20s', '12:00:00', 'Tweed Dragon Boat Club', '00:00:58'),
(102, 17, 1, 6, 'Over 50s Mixed', '12:30:00', 'Auris Dragon Boat Club', '00:00:52'),
(103, 17, 2, 1, 'Mixed 10s', '12:30:00', 'Coffs Coast Paddlers', '00:00:52'),
(104, 17, 2, 2, 'Mixed 20s', '13:00:00', 'Different Strokes Dragon Boat Club', '00:00:54'),
(105, 17, 2, 3, 'Ladies Open', '13:30:00', 'Clarence Dragon Boat Club', '00:00:50'),
(106, 17, 2, 4, 'Mens Open', '13:30:00', 'Volaris Dragon Boaters', '00:00:57'),
(107, 17, 3, 1, 'Mixed 20s', '14:15:00', 'Auris Dragon Boat Club', '00:00:56'),
(108, 17, 4, 1, 'Mixed 20s', '14:45:00', 'Poseidon Paddlers', '00:00:55'),
(109, 17, 5, 1, 'Under 18s Mixed', '15:15:00', 'Auris Dragon Boat Club', '00:01:20'),
(110, 17, 5, 2, 'Mixed 10s', '15:15:00', 'Coffs Coast Paddlers', '00:01:14'),
(111, 17, 5, 3, 'Mens Open', '15:30:00', 'Volaris Dragon Boaters', '00:01:14'),
(112, 17, 5, 4, 'Ladies Open', '15:30:00', 'Different Strokes Dragon Boat Club', '00:01:06'),
(113, 17, 5, 5, 'Mixed 20s', '15:45:00', 'Different Strokes Dragon Boat Club', '00:01:16'),
(114, 17, 5, 6, 'Over 50s Mixed', '15:45:00', 'Clarence Dragon Boat Club', '00:01:19'),
(115, 17, 6, 1, 'Under 18s Mixed', '16:00:00', 'Tweed Dragon Boat Club', '00:01:20'),
(116, 17, 6, 2, 'Mixed 10s', '16:00:00', 'Coffs Coast Paddlers', '00:01:16'),
(117, 17, 6, 3, 'Mens Open', '16:15:00', 'Different Strokes Dragon Boat Club', '00:01:11'),
(118, 17, 6, 4, 'Ladies Open', '16:15:00', 'Clarence Dragon Boat Club', '00:01:07'),
(119, 17, 6, 5, 'Mixed 20s', '16:30:00', 'Coffs Coast Paddlers', '00:01:03'),
(120, 17, 6, 6, 'Over 50s Mixed', '16:30:00', 'Different Strokes Dragon Boat Club', '00:01:14'),
(121, 16, 1, 1, 'Under 18s Mixed', '10:15:00', 'Coffs Coast Paddlers', '00:00:50'),
(122, 16, 1, 2, 'Mixed 10s', '10:45:00', 'Auris Dragon Boat Club', '00:00:57'),
(123, 16, 1, 3, 'Mens Open', '11:30:00', 'Coffs Coast Paddlers', '00:00:58'),
(124, 16, 1, 4, 'Ladies Open', '11:45:00', 'Capricorn Dragon Boaters', '00:00:57'),
(125, 16, 1, 5, 'Mixed 20s', '12:00:00', 'Volaris Dragon Boaters', '00:00:50'),
(126, 16, 1, 6, 'Over 50s Mixed', '12:30:00', 'Capricorn Dragon Boaters', '00:00:57'),
(127, 16, 2, 1, 'Mixed 10s', '12:30:00', 'Oceanus Paddlers', '00:00:57'),
(128, 16, 2, 2, 'Mixed 20s', '13:00:00', 'Different Strokes Dragon Boat Club', '00:00:51'),
(129, 16, 2, 3, 'Ladies Open', '13:30:00', 'Clarence Dragon Boat Club', '00:00:58'),
(130, 16, 2, 4, 'Mens Open', '13:30:00', 'Volaris Dragon Boaters', '00:00:56'),
(131, 16, 3, 1, 'Mixed 20s', '14:15:00', 'Auris Dragon Boat Club', '00:00:56'),
(132, 16, 4, 1, 'Mixed 20s', '14:45:00', 'Clarence Paddlers', '00:00:56'),
(133, 16, 5, 1, 'Under 18s Mixed', '15:15:00', 'Auris Dragon Boat Club', '00:00:52'),
(134, 16, 5, 2, 'Mixed 10s', '15:15:00', 'Different Strokes Dragon Boat Club', '00:00:59'),
(135, 16, 5, 3, 'Mens Open', '15:30:00', 'Coffs Coast Paddlers', '00:00:57'),
(136, 16, 5, 4, 'Ladies Open', '15:30:00', 'Different Strokes Dragon Boat Club', '00:00:51'),
(137, 16, 5, 5, 'Mixed 20s', '15:45:00', 'Clarence Paddlers', '00:00:54'),
(138, 16, 5, 6, 'Over 50s Mixed', '15:45:00', 'Oceanus Paddlers', '00:00:54'),
(139, 16, 6, 1, 'Under 18s Mixed', '16:00:00', 'Clarence Dragon Boat Club', '00:00:54'),
(140, 16, 6, 2, 'Mixed 10s', '16:00:00', 'Tweed Dragon Boat Club', '00:00:55'),
(141, 16, 6, 3, 'Mens Open', '16:15:00', 'Volaris Dragon Boaters', '00:01:08'),
(142, 16, 6, 4, 'Ladies Open', '16:15:00', 'Poseidon Paddlers', '00:01:11'),
(143, 16, 6, 5, 'Mixed 20s', '16:30:00', 'Capricorn Dragon Boaters', '00:01:02'),
(144, 16, 6, 6, 'Over 50s Mixed', '16:30:00', 'Clarence Paddlers', '00:01:00'),
(145, 12, 1, 1, 'Under 18s Mixed', '10:15:00', 'Coffs Coast Paddlers', '00:00:55'),
(146, 12, 1, 2, 'Mixed 10s', '10:45:00', 'Auris Dragon Boat Club', '00:00:57'),
(147, 12, 1, 3, 'Mens Open', '11:30:00', 'Coffs Coast Paddlers', '00:00:50'),
(148, 12, 1, 4, 'Ladies Open', '11:45:00', 'Auris Dragon Boat Club', '00:00:58'),
(149, 12, 1, 5, 'Mixed 20s', '12:00:00', 'Tweed Dragon Boat Club', '00:00:53'),
(150, 12, 1, 6, 'Over 50s Mixed', '12:30:00', 'Auris Dragon Boat Club', '00:00:51'),
(151, 12, 2, 1, 'Mixed 10s', '12:30:00', 'Coffs Coast Paddlers', '00:00:51'),
(152, 12, 2, 2, 'Mixed 20s', '13:00:00', 'Capricorn Dragon Boaters', '00:00:50'),
(153, 12, 2, 3, 'Ladies Open', '13:30:00', 'Volaris Dragon Boaters', '00:00:59'),
(154, 12, 2, 4, 'Mens Open', '13:30:00', 'Oceanus Paddlers', '00:00:50'),
(155, 12, 3, 1, 'Mixed 20s', '14:15:00', 'Auris Dragon Boat Club', '00:00:58'),
(156, 12, 4, 1, 'Mixed 20s', '14:45:00', 'Clarence Dragon Boat Club', '00:00:53'),
(157, 12, 5, 1, 'Under 18s Mixed', '15:15:00', 'Coffs Coast Paddlers', '00:00:58'),
(158, 12, 5, 2, 'Mixed 10s', '15:15:00', 'Capricorn Dragon Boaters', '00:00:59'),
(159, 12, 5, 3, 'Mens Open', '15:30:00', 'Tweed Dragon Boat Club', '00:00:56'),
(160, 12, 5, 4, 'Ladies Open', '15:30:00', 'Capricorn Dragon Boaters', '00:00:51'),
(161, 12, 5, 5, 'Mixed 20s', '15:45:00', 'Tweed Dragon Boat Club', '00:00:50'),
(162, 12, 5, 6, 'Over 50s Mixed', '15:45:00', 'Clarence Paddlers', '00:00:59'),
(163, 12, 6, 1, 'Under 18s Mixed', '16:00:00', 'Clarence Dragon Boat Club', '00:00:59'),
(164, 12, 6, 2, 'Mixed 10s', '16:00:00', 'Poseidon Paddlers', '00:00:50'),
(165, 12, 6, 3, 'Mens Open', '16:15:00', 'Different Strokes Dragon Boat Club', '00:00:52'),
(166, 12, 6, 4, 'Ladies Open', '16:15:00', 'Capricorn Dragon Boaters', '00:00:52'),
(167, 12, 6, 5, 'Mixed 20s', '16:30:00', 'Capricorn Dragon Boaters', '00:00:52'),
(168, 12, 6, 6, 'Over 50s Mixed', '16:30:00', 'Tweed Dragon Boat Club', '00:00:54'),
(169, 11, 1, 1, 'Under 18s Mixed', '10:15:00', 'Coffs Coast Paddlers', '00:00:51'),
(170, 11, 1, 2, 'Mixed 10s', '10:45:00', 'Auris Dragon Boat Club', '00:00:59'),
(171, 11, 1, 3, 'Mens Open', '11:30:00', 'Coffs Coast Paddlers', '00:00:56'),
(172, 11, 1, 4, 'Ladies Open', '11:45:00', 'Oceanus Paddlers', '00:00:57'),
(173, 11, 1, 5, 'Mixed 20s', '12:00:00', 'Volaris Dragon Boaters', '00:00:54'),
(174, 11, 1, 6, 'Over 50s Mixed', '12:30:00', 'Clarence Dragon Boat Club', '00:00:58'),
(175, 11, 2, 1, 'Mixed 10s', '12:30:00', 'Oceanus Paddlers', '00:00:59'),
(176, 11, 2, 2, 'Mixed 20s', '13:00:00', 'Capricorn Dragon Boaters', '00:00:55'),
(177, 11, 2, 3, 'Ladies Open', '13:30:00', 'Volaris Dragon Boaters', '00:00:53'),
(178, 11, 2, 4, 'Mens Open', '13:30:00', 'Poseidon Paddlers', '00:00:57'),
(179, 11, 3, 1, 'Mixed 20s', '14:15:00', 'Capricorn Dragon Boaters', '00:00:53'),
(180, 11, 4, 1, 'Mixed 20s', '14:45:00', 'Different Strokes Dragon Boat Club', '00:00:52'),
(181, 11, 5, 1, 'Under 18s Mixed', '15:15:00', 'Volaris Dragon Boaters', '00:00:56'),
(182, 11, 5, 2, 'Mixed 10s', '15:15:00', 'Auris Dragon Boat Club', '00:00:55'),
(183, 11, 5, 3, 'Mens Open', '15:30:00', 'Different Strokes Dragon Boat Club', '00:00:52'),
(184, 11, 5, 4, 'Ladies Open', '15:30:00', 'Poseidon Paddlers', '00:00:52'),
(185, 11, 5, 5, 'Mixed 20s', '15:45:00', 'Auris Dragon Boat Club', '00:00:59'),
(186, 11, 5, 6, 'Over 50s Mixed', '15:45:00', 'Clarence Dragon Boat Club', '00:00:59'),
(187, 11, 6, 1, 'Under 18s Mixed', '16:00:00', 'Different Strokes Dragon Boat Club', '00:00:55'),
(188, 11, 6, 2, 'Mixed 10s', '16:00:00', 'Clarence Paddlers', '00:00:52'),
(189, 11, 6, 3, 'Mens Open', '16:15:00', 'Oceanus Paddlers', '00:00:51'),
(190, 11, 6, 4, 'Ladies Open', '16:15:00', 'Auris Dragon Boat Club', '00:00:58'),
(191, 11, 6, 5, 'Mixed 20s', '16:30:00', 'Auris Dragon Boat Club', '00:00:58'),
(192, 11, 6, 6, 'Over 50s Mixed', '16:30:00', 'Oceanus Paddlers', '00:00:50'),
(193, 10, 1, 1, 'Under 18s Mixed', '10:15:00', 'Tweed Dragon Boat Club', '00:00:50'),
(194, 10, 1, 2, 'Mixed 10s', '10:45:00', 'Auris Dragon Boat Club', '00:00:58'),
(195, 10, 1, 3, 'Mens Open', '11:30:00', 'Different Strokes Dragon Boat Club', '00:00:59'),
(196, 10, 1, 4, 'Ladies Open', '11:45:00', 'Clarence Paddlers', '00:00:57'),
(197, 10, 1, 5, 'Mixed 20s', '12:00:00', 'Volaris Dragon Boaters', '00:00:58'),
(198, 10, 1, 6, 'Over 50s Mixed', '12:30:00', 'Auris Dragon Boat Club', '00:00:50'),
(199, 10, 2, 1, 'Mixed 10s', '12:30:00', 'Oceanus Paddlers', '00:00:52'),
(200, 10, 2, 2, 'Mixed 20s', '13:00:00', 'Clarence Dragon Boat Club', '00:00:56'),
(201, 10, 2, 3, 'Ladies Open', '13:30:00', 'Clarence Dragon Boat Club', '00:00:54'),
(202, 10, 2, 4, 'Mens Open', '13:30:00', 'Oceanus Paddlers', '00:00:53'),
(203, 10, 3, 1, 'Mixed 20s', '14:15:00', 'Clarence Dragon Boat Club', '00:00:58'),
(204, 10, 4, 1, 'Mixed 20s', '14:45:00', 'Coffs Coast Paddlers', '00:00:50'),
(205, 10, 5, 1, 'Under 18s Mixed', '15:15:00', 'Tweed Dragon Boat Club', '00:00:50'),
(206, 10, 5, 2, 'Mixed 10s', '15:15:00', 'Auris Dragon Boat Club', '00:00:52'),
(207, 10, 5, 3, 'Mens Open', '15:30:00', 'Clarence Dragon Boat Club', '00:00:52'),
(208, 10, 5, 4, 'Ladies Open', '15:30:00', 'Volaris Dragon Boaters', '00:00:53'),
(209, 10, 5, 5, 'Mixed 20s', '15:45:00', 'Coffs Coast Paddlers', '00:00:53'),
(210, 10, 5, 6, 'Over 50s Mixed', '15:45:00', 'Oceanus Paddlers', '00:00:52'),
(211, 10, 6, 1, 'Under 18s Mixed', '16:00:00', 'Poseidon Paddlers', '00:00:52'),
(212, 10, 6, 2, 'Mixed 10s', '16:00:00', 'Oceanus Paddlers', '00:00:59'),
(213, 10, 6, 3, 'Mens Open', '16:15:00', 'Clarence Dragon Boat Club', '00:00:59'),
(214, 10, 6, 4, 'Ladies Open', '16:15:00', 'Auris Dragon Boat Club', '00:00:52'),
(215, 10, 6, 5, 'Mixed 20s', '16:30:00', 'Capricorn Dragon Boaters', '00:00:55'),
(216, 10, 6, 6, 'Over 50s Mixed', '16:30:00', 'Tweed Dragon Boat Club', '00:00:58'),
(217, 15, 1, 1, 'Under 18s Mixed', '10:15:00', 'Coffs Coast Paddlers', '00:00:52'),
(218, 15, 1, 2, 'Mixed 10s', '10:45:00', 'Poseidon Paddlers', '00:00:53'),
(219, 15, 1, 3, 'Mens Open', '11:30:00', 'Different Strokes Dragon Boat Club', '00:00:53'),
(220, 15, 1, 4, 'Ladies Open', '11:45:00', 'Auris Dragon Boat Club', '00:00:58'),
(221, 15, 1, 5, 'Mixed 20s', '12:00:00', 'Volaris Dragon Boaters', '00:00:53'),
(222, 15, 1, 6, 'Over 50s Mixed', '12:30:00', 'Auris Dragon Boat Club', '00:00:52'),
(223, 15, 2, 1, 'Mixed 10s', '12:30:00', 'Coffs Coast Paddlers', '00:00:52'),
(224, 15, 2, 2, 'Mixed 20s', '13:00:00', 'Capricorn Dragon Boaters', '00:00:58'),
(225, 15, 2, 3, 'Ladies Open', '13:30:00', 'Tweed Dragon Boat Club', '00:00:57'),
(226, 15, 2, 4, 'Mens Open', '13:30:00', 'Volaris Dragon Boaters', '00:00:53'),
(227, 15, 3, 1, 'Mixed 20s', '14:15:00', 'Auris Dragon Boat Club', '00:00:53'),
(228, 15, 4, 1, 'Mixed 20s', '14:45:00', 'Clarence Dragon Boat Club', '00:00:56'),
(229, 15, 5, 1, 'Under 18s Mixed', '15:15:00', 'Coffs Coast Paddlers', '00:00:53'),
(230, 15, 5, 2, 'Mixed 10s', '15:15:00', 'Auris Dragon Boat Club', '00:00:50'),
(231, 15, 5, 3, 'Mens Open', '15:30:00', 'Coffs Coast Paddlers', '00:00:54'),
(232, 15, 5, 4, 'Ladies Open', '15:30:00', 'Coffs Coast Paddlers', '00:00:54'),
(233, 15, 5, 5, 'Mixed 20s', '15:45:00', 'Coffs Coast Paddlers', '00:00:59'),
(234, 15, 5, 6, 'Over 50s Mixed', '15:45:00', 'Different Strokes Dragon Boat Club', '00:00:50'),
(235, 15, 6, 1, 'Under 18s Mixed', '16:00:00', 'Tweed Dragon Boat Club', '00:00:53'),
(236, 15, 6, 2, 'Mixed 10s', '16:00:00', 'Tweed Dragon Boat Club', '00:00:58'),
(237, 15, 6, 3, 'Mens Open', '16:15:00', 'Auris Dragon Boat Club', '00:00:58'),
(238, 15, 6, 4, 'Ladies Open', '16:15:00', 'Poseidon Paddlers', '00:00:54'),
(239, 15, 6, 5, 'Mixed 20s', '16:30:00', 'Coffs Coast Paddlers', '00:00:57'),
(240, 15, 6, 6, 'Over 50s Mixed', '16:30:00', 'Capricorn Dragon Boaters', '00:00:58'),
(241, 14, 1, 1, 'Under 18s Mixed', '10:15:00', 'Coffs Coast Paddlers', '00:00:56'),
(242, 14, 1, 2, 'Mixed 10s', '10:45:00', 'Poseidon Paddlers', '00:00:53'),
(243, 14, 1, 3, 'Mens Open', '11:30:00', 'Different Strokes Dragon Boat Club', '00:00:58'),
(244, 14, 1, 4, 'Ladies Open', '11:45:00', 'Auris Dragon Boat Club', '00:00:54'),
(245, 14, 1, 5, 'Mixed 20s', '12:00:00', 'Volaris Dragon Boaters', '00:00:58'),
(246, 14, 1, 6, 'Over 50s Mixed', '12:30:00', 'Auris Dragon Boat Club', '00:00:58'),
(247, 14, 2, 1, 'Mixed 10s', '12:30:00', 'Coffs Coast Paddlers', '00:00:57'),
(248, 14, 2, 2, 'Mixed 20s', '13:00:00', 'Clarence Dragon Boat Club', '00:00:50'),
(249, 14, 2, 3, 'Ladies Open', '13:30:00', 'Volaris Dragon Boaters', '00:00:52'),
(250, 14, 2, 4, 'Mens Open', '13:30:00', 'Oceanus Paddlers', '00:00:58'),
(251, 14, 3, 1, 'Mixed 20s', '14:15:00', 'Auris Dragon Boat Club', '00:00:53'),
(252, 14, 4, 1, 'Mixed 20s', '14:45:00', 'Different Strokes Dragon Boat Club', '00:00:56'),
(253, 14, 5, 1, 'Under 18s Mixed', '15:15:00', 'Oceanus Paddlers', '00:00:56'),
(254, 14, 5, 2, 'Mixed 10s', '15:15:00', 'Auris Dragon Boat Club', '00:00:54'),
(255, 14, 5, 3, 'Mens Open', '15:30:00', 'Poseidon Paddlers', '00:00:57'),
(256, 14, 5, 4, 'Ladies Open', '15:30:00', 'Oceanus Paddlers', '00:00:52'),
(257, 14, 5, 5, 'Mixed 20s', '15:45:00', 'Clarence Dragon Boat Club', '00:00:55'),
(258, 14, 5, 6, 'Over 50s Mixed', '15:45:00', 'Poseidon Paddlers', '00:00:56'),
(259, 14, 6, 1, 'Under 18s Mixed', '16:00:00', 'Poseidon Paddlers', '00:00:50'),
(260, 14, 6, 2, 'Mixed 10s', '16:00:00', 'Auris Dragon Boat Club', '00:00:55'),
(261, 14, 6, 3, 'Mens Open', '16:15:00', 'Poseidon Paddlers', '00:00:50'),
(262, 14, 6, 4, 'Ladies Open', '16:15:00', 'Different Strokes Dragon Boat Club', '00:00:57'),
(263, 14, 6, 5, 'Mixed 20s', '16:30:00', 'Volaris Dragon Boaters', '00:00:55'),
(264, 14, 6, 6, 'Over 50s Mixed', '16:30:00', 'Capricorn Dragon Boaters', '00:00:50'),
(265, 13, 1, 1, 'Under 18s Mixed', '10:15:00', 'Coffs Coast Paddlers', '00:00:51'),
(266, 13, 1, 2, 'Mixed 10s', '10:45:00', 'Auris Dragon Boat Club', '00:00:50'),
(267, 13, 1, 3, 'Mens Open', '11:30:00', 'Coffs Coast Paddlers', '00:00:59'),
(268, 13, 1, 4, 'Ladies Open', '11:45:00', 'Oceanus Paddlers', '00:00:50'),
(269, 13, 1, 5, 'Mixed 20s', '12:00:00', 'Volaris Dragon Boaters', '00:00:58'),
(270, 13, 1, 6, 'Over 50s Mixed', '12:30:00', 'Auris Dragon Boat Club', '00:00:50'),
(271, 13, 2, 1, 'Mixed 10s', '12:30:00', 'Coffs Coast Paddlers', '00:00:55'),
(272, 13, 2, 2, 'Mixed 20s', '13:00:00', 'Coffs Coast Paddlers', '00:00:55'),
(273, 13, 2, 3, 'Ladies Open', '13:30:00', 'Volaris Dragon Boaters', '00:00:51'),
(274, 13, 2, 4, 'Mens Open', '13:30:00', 'Volaris Dragon Boaters', '00:00:55'),
(275, 13, 3, 1, 'Mixed 20s', '14:15:00', 'Auris Dragon Boat Club', '00:00:58'),
(276, 13, 4, 1, 'Mixed 20s', '14:45:00', 'Different Strokes Dragon Boat Club', '00:00:50'),
(277, 13, 5, 1, 'Under 18s Mixed', '15:15:00', 'Volaris Dragon Boaters', '00:00:53'),
(278, 13, 5, 2, 'Mixed 10s', '15:15:00', 'Coffs Coast Paddlers', '00:00:50'),
(279, 13, 5, 3, 'Mens Open', '15:30:00', 'Tweed Dragon Boat Club', '00:00:59'),
(280, 13, 5, 4, 'Ladies Open', '15:30:00', 'Clarence Dragon Boat Club', '00:00:56'),
(281, 13, 5, 5, 'Mixed 20s', '15:45:00', 'Volaris Dragon Boaters', '00:00:52'),
(282, 13, 5, 6, 'Over 50s Mixed', '15:45:00', 'Poseidon Paddlers', '00:00:51'),
(283, 13, 6, 1, 'Under 18s Mixed', '16:00:00', 'Clarence Paddlers', '00:00:58'),
(284, 13, 6, 2, 'Mixed 10s', '16:00:00', 'Tweed Dragon Boat Club', '00:00:57'),
(285, 13, 6, 3, 'Mens Open', '16:15:00', 'Different Strokes Dragon Boat Club', '00:00:59'),
(286, 13, 6, 4, 'Ladies Open', '16:15:00', 'Poseidon Paddlers', '00:00:59'),
(287, 13, 6, 5, 'Mixed 20s', '16:30:00', 'Poseidon Paddlers', '00:00:58'),
(288, 13, 6, 6, 'Over 50s Mixed', '16:30:00', 'Auris Dragon Boat Club', '00:00:58'),
(289, 9, 1, 1, 'Under 18s Mixed', '10:15:00', 'Coffs Coast Paddlers', '00:00:54'),
(290, 9, 1, 2, 'Mixed 10s', '10:45:00', 'Auris Dragon Boat Club', '00:00:58'),
(291, 9, 1, 3, 'Mens Open', '11:30:00', 'Different Strokes Dragon Boat Club', '00:00:55'),
(292, 9, 1, 4, 'Ladies Open', '11:45:00', 'Auris Dragon Boat Club', '00:00:50'),
(293, 9, 1, 5, 'Mixed 20s', '12:00:00', 'Volaris Dragon Boaters', '00:00:55'),
(294, 9, 1, 6, 'Over 50s Mixed', '12:30:00', 'Auris Dragon Boat Club', '00:00:57'),
(295, 9, 2, 1, 'Mixed 10s', '12:30:00', 'Oceanus Paddlers', '00:00:50'),
(296, 9, 2, 2, 'Mixed 20s', '13:00:00', 'Capricorn Dragon Boaters', '00:00:57'),
(297, 9, 2, 3, 'Ladies Open', '13:30:00', 'Volaris Dragon Boaters', '00:00:55'),
(298, 9, 2, 4, 'Mens Open', '13:30:00', 'Volaris Dragon Boaters', '00:00:57'),
(299, 9, 3, 1, 'Mixed 20s', '14:15:00', 'Auris Dragon Boat Club', '00:00:50'),
(300, 9, 4, 1, 'Mixed 20s', '14:45:00', 'Poseidon Paddlers', '00:00:59'),
(301, 9, 5, 1, 'Under 18s Mixed', '15:15:00', 'Clarence Paddlers', '00:00:56'),
(302, 9, 5, 2, 'Mixed 10s', '15:15:00', 'Clarence Paddlers', '00:00:52'),
(303, 9, 5, 3, 'Mens Open', '15:30:00', 'Volaris Dragon Boaters', '00:00:55'),
(304, 9, 5, 4, 'Ladies Open', '15:30:00', 'Auris Dragon Boat Club', '00:00:53'),
(305, 9, 5, 5, 'Mixed 20s', '15:45:00', 'Volaris Dragon Boaters', '00:00:57'),
(306, 9, 5, 6, 'Over 50s Mixed', '15:45:00', 'Clarence Dragon Boat Club', '00:00:52'),
(307, 9, 6, 1, 'Under 18s Mixed', '16:00:00', 'Different Strokes Dragon Boat Club', '00:00:58'),
(308, 9, 6, 2, 'Mixed 10s', '16:00:00', 'Oceanus Paddlers', '00:00:53'),
(309, 9, 6, 3, 'Mens Open', '16:15:00', 'Clarence Paddlers', '00:00:58'),
(310, 9, 6, 4, 'Ladies Open', '16:15:00', 'Oceanus Paddlers', '00:00:54'),
(311, 9, 6, 5, 'Mixed 20s', '16:30:00', 'Different Strokes Dragon Boat Club', '00:00:53'),
(312, 9, 6, 6, 'Over 50s Mixed', '16:30:00', 'Volaris Dragon Boaters', '00:00:50'),
(313, 8, 1, 1, 'Under 18s Mixed', '10:15:00', 'Coffs Coast Paddlers', '00:01:03'),
(314, 8, 1, 2, 'Mixed 10s', '10:45:00', 'Clarence Paddlers', '00:01:07'),
(315, 8, 1, 3, 'Mens Open', '11:30:00', 'Clarence Paddlers', '00:01:04'),
(316, 8, 1, 4, 'Ladies Open', '11:45:00', 'Auris Dragon Boat Club', '00:01:20'),
(317, 8, 1, 5, 'Mixed 20s', '12:00:00', 'Volaris Dragon Boaters', '00:01:04'),
(318, 8, 1, 6, 'Over 50s Mixed', '12:30:00', 'Auris Dragon Boat Club', '00:01:12'),
(319, 8, 2, 1, 'Mixed 10s', '12:30:00', 'Coffs Coast Paddlers', '00:01:18'),
(320, 8, 2, 2, 'Mixed 20s', '13:00:00', 'Clarence Dragon Boat Club', '00:01:09'),
(321, 8, 2, 3, 'Ladies Open', '13:30:00', 'Volaris Dragon Boaters', '00:01:08'),
(322, 8, 2, 4, 'Mens Open', '13:30:00', 'Volaris Dragon Boaters', '00:01:07'),
(323, 8, 3, 1, 'Mixed 20s', '14:15:00', 'Capricorn Dragon Boaters', '00:01:19'),
(324, 8, 4, 1, 'Mixed 20s', '14:45:00', 'Clarence Paddlers', '00:01:07'),
(325, 8, 5, 1, 'Under 18s Mixed', '15:15:00', 'Volaris Dragon Boaters', '00:01:20'),
(326, 8, 5, 2, 'Mixed 10s', '15:15:00', 'Tweed Dragon Boat Club', '00:01:11'),
(327, 8, 5, 3, 'Mens Open', '15:30:00', 'Volaris Dragon Boaters', '00:01:12'),
(328, 8, 5, 4, 'Ladies Open', '15:30:00', 'Oceanus Paddlers', '00:01:19'),
(329, 8, 5, 5, 'Mixed 20s', '15:45:00', 'Coffs Coast Paddlers', '00:01:10'),
(330, 8, 5, 6, 'Over 50s Mixed', '15:45:00', 'Tweed Dragon Boat Club', '00:01:15'),
(331, 8, 6, 1, 'Under 18s Mixed', '16:00:00', 'Tweed Dragon Boat Club', '00:01:20'),
(332, 8, 6, 2, 'Mixed 10s', '16:00:00', 'Coffs Coast Paddlers', '00:01:11'),
(333, 8, 6, 3, 'Mens Open', '16:15:00', 'Capricorn Dragon Boaters', '00:01:04'),
(334, 8, 6, 4, 'Ladies Open', '16:15:00', 'Different Strokes Dragon Boat Club', '00:01:00'),
(335, 8, 6, 5, 'Mixed 20s', '16:30:00', 'Different Strokes Dragon Boat Club', '00:01:05'),
(336, 8, 6, 6, 'Over 50s Mixed', '16:30:00', 'Different Strokes Dragon Boat Club', '00:01:17'),
(337, 7, 1, 1, 'Under 18s Mixed', '10:15:00', 'Coffs Coast Paddlers', '00:01:16'),
(338, 7, 1, 2, 'Mixed 10s', '10:45:00', 'Poseidon Paddlers', '00:01:16'),
(339, 7, 1, 3, 'Mens Open', '11:30:00', 'Clarence Paddlers', '00:01:05'),
(340, 7, 1, 4, 'Ladies Open', '11:45:00', 'Auris Dragon Boat Club', '00:01:12'),
(341, 7, 1, 5, 'Mixed 20s', '12:00:00', 'Tweed Dragon Boat Club', '00:01:05'),
(342, 7, 1, 6, 'Over 50s Mixed', '12:30:00', 'Auris Dragon Boat Club', '00:01:00'),
(343, 7, 2, 1, 'Mixed 10s', '12:30:00', 'Poseidon Paddlers', '00:01:02'),
(344, 7, 2, 2, 'Mixed 20s', '13:00:00', 'Clarence Dragon Boat Club', '00:01:14'),
(345, 7, 2, 3, 'Ladies Open', '13:30:00', 'Volaris Dragon Boaters', '00:01:17'),
(346, 7, 2, 4, 'Mens Open', '13:30:00', 'Volaris Dragon Boaters', '00:01:19'),
(347, 7, 3, 1, 'Mixed 20s', '14:15:00', 'Capricorn Dragon Boaters', '00:01:08'),
(348, 7, 4, 1, 'Mixed 20s', '14:45:00', 'Clarence Dragon Boat Club', '00:01:20'),
(349, 7, 5, 1, 'Under 18s Mixed', '15:15:00', 'Volaris Dragon Boaters', '00:01:11'),
(350, 7, 5, 2, 'Mixed 10s', '15:15:00', 'Poseidon Paddlers', '00:01:11'),
(351, 7, 5, 3, 'Mens Open', '15:30:00', 'Poseidon Paddlers', '00:01:06'),
(352, 7, 5, 4, 'Ladies Open', '15:30:00', 'Poseidon Paddlers', '00:01:14'),
(353, 7, 5, 5, 'Mixed 20s', '15:45:00', 'Clarence Dragon Boat Club', '00:01:06'),
(354, 7, 5, 6, 'Over 50s Mixed', '15:45:00', 'Different Strokes Dragon Boat Club', '00:01:03'),
(355, 7, 6, 1, 'Under 18s Mixed', '16:00:00', 'Oceanus Paddlers', '00:01:04'),
(356, 7, 6, 2, 'Mixed 10s', '16:00:00', 'Clarence Paddlers', '00:01:14'),
(357, 7, 6, 3, 'Mens Open', '16:15:00', 'Volaris Dragon Boaters', '00:01:06'),
(358, 7, 6, 4, 'Ladies Open', '16:15:00', 'Clarence Paddlers', '00:01:16'),
(359, 7, 6, 5, 'Mixed 20s', '16:30:00', 'Volaris Dragon Boaters', '00:01:07'),
(360, 7, 6, 6, 'Over 50s Mixed', '16:30:00', 'Clarence Paddlers', '00:01:11'),
(361, 21, 1, 1, 'Under 18s Mixed', '10:15:00', 'Capricorn Dragon Boaters', '00:01:11'),
(362, 21, 1, 2, 'Mixed 10s', '10:45:00', 'Auris Dragon Boat Club', '00:01:05'),
(363, 21, 1, 3, 'Mens Open', '11:30:00', 'Coffs Coast Paddlers', '00:01:13'),
(364, 21, 1, 4, 'Ladies Open', '11:45:00', 'Auris Dragon Boat Club', '00:01:02'),
(365, 21, 1, 5, 'Mixed 20s', '12:00:00', 'Volaris Dragon Boaters', '00:01:00'),
(366, 21, 1, 6, 'Over 50s Mixed', '12:30:00', 'Auris Dragon Boat Club', '00:01:07'),
(367, 21, 2, 1, 'Mixed 10s', '12:30:00', 'Coffs Coast Paddlers', '00:01:08'),
(368, 21, 2, 2, 'Mixed 20s', '13:00:00', 'Capricorn Dragon Boaters', '00:01:16'),
(369, 21, 2, 3, 'Ladies Open', '13:30:00', 'Volaris Dragon Boaters', '00:01:20'),
(370, 21, 2, 4, 'Mens Open', '13:30:00', 'Poseidon Paddlers', '00:01:09'),
(371, 21, 3, 1, 'Mixed 20s', '14:15:00', 'Clarence Dragon Boat Club', '00:01:01'),
(372, 21, 4, 1, 'Mixed 20s', '14:45:00', 'Clarence Dragon Boat Club', '00:01:13'),
(373, 21, 5, 1, 'Under 18s Mixed', '15:15:00', 'Coffs Coast Paddlers', '00:01:00'),
(374, 21, 5, 2, 'Mixed 10s', '15:15:00', 'Poseidon Paddlers', '00:01:08'),
(375, 21, 5, 3, 'Mens Open', '15:30:00', 'Volaris Dragon Boaters', '00:01:17'),
(376, 21, 5, 4, 'Ladies Open', '15:30:00', 'Volaris Dragon Boaters', '00:01:13'),
(377, 21, 5, 5, 'Mixed 20s', '15:45:00', 'Clarence Paddlers', '00:01:15'),
(378, 21, 5, 6, 'Over 50s Mixed', '15:45:00', 'Oceanus Paddlers', '00:01:01'),
(379, 21, 6, 1, 'Under 18s Mixed', '16:00:00', 'Clarence Paddlers', '00:01:01'),
(380, 21, 6, 2, 'Mixed 10s', '16:00:00', 'Clarence Dragon Boat Club', '00:01:15'),
(381, 21, 6, 3, 'Mens Open', '16:15:00', 'Clarence Paddlers', '00:01:04'),
(382, 21, 6, 4, 'Ladies Open', '16:15:00', 'Tweed Dragon Boat Club', '00:01:18'),
(383, 21, 6, 5, 'Mixed 20s', '16:30:00', 'Volaris Dragon Boaters', '00:01:07'),
(384, 21, 6, 6, 'Over 50s Mixed', '16:30:00', 'Different Strokes Dragon Boat Club', '00:01:13'),
(385, 20, 1, 1, 'Under 18s Mixed', '10:15:00', 'Coffs Coast Paddlers', '00:01:02'),
(386, 20, 1, 2, 'Mixed 10s', '10:45:00', 'Auris Dragon Boat Club', '00:01:00'),
(387, 20, 1, 3, 'Mens Open', '11:30:00', 'Different Strokes Dragon Boat Club', '00:01:15'),
(388, 20, 1, 4, 'Ladies Open', '11:45:00', 'Auris Dragon Boat Club', '00:01:03'),
(389, 20, 1, 5, 'Mixed 20s', '12:00:00', 'Volaris Dragon Boaters', '00:01:19'),
(390, 20, 1, 6, 'Over 50s Mixed', '12:30:00', 'Auris Dragon Boat Club', '00:01:20'),
(391, 20, 2, 1, 'Mixed 10s', '12:30:00', 'Coffs Coast Paddlers', '00:01:04'),
(392, 20, 2, 2, 'Mixed 20s', '13:00:00', 'Different Strokes Dragon Boat Club', '00:01:03'),
(393, 20, 2, 3, 'Ladies Open', '13:30:00', 'Volaris Dragon Boaters', '00:01:03'),
(394, 20, 2, 4, 'Mens Open', '13:30:00', 'Volaris Dragon Boaters', '00:01:07'),
(395, 20, 3, 1, 'Mixed 20s', '14:15:00', 'Auris Dragon Boat Club', '00:01:19'),
(396, 20, 4, 1, 'Mixed 20s', '14:45:00', 'Different Strokes Dragon Boat Club', '00:01:01'),
(397, 20, 5, 1, 'Under 18s Mixed', '15:15:00', 'Oceanus Paddlers', '00:01:02'),
(398, 20, 5, 2, 'Mixed 10s', '15:15:00', 'Capricorn Dragon Boaters', '00:01:14'),
(399, 20, 5, 3, 'Mens Open', '15:30:00', 'Coffs Coast Paddlers', '00:01:17'),
(400, 20, 5, 4, 'Ladies Open', '15:30:00', 'Oceanus Paddlers', '00:01:09'),
(401, 20, 5, 5, 'Mixed 20s', '15:45:00', 'Coffs Coast Paddlers', '00:00:59'),
(402, 20, 5, 6, 'Over 50s Mixed', '15:45:00', 'Capricorn Dragon Boaters', '00:00:59'),
(403, 20, 6, 1, 'Under 18s Mixed', '16:00:00', 'Coffs Coast Paddlers', '00:00:59'),
(404, 20, 6, 2, 'Mixed 10s', '16:00:00', 'Clarence Dragon Boat Club', '00:00:53'),
(405, 20, 6, 3, 'Mens Open', '16:15:00', 'Poseidon Paddlers', '00:00:52'),
(406, 20, 6, 4, 'Ladies Open', '16:15:00', 'Clarence Dragon Boat Club', '00:00:52'),
(407, 20, 6, 5, 'Mixed 20s', '16:30:00', 'Different Strokes Dragon Boat Club', '00:00:56'),
(408, 20, 6, 6, 'Over 50s Mixed', '16:30:00', 'Tweed Dragon Boat Club', '00:00:50'),
(409, 19, 1, 1, 'Under 18s Mixed', '10:15:00', 'Tweed Dragon Boat Club', '00:01:12'),
(410, 19, 1, 2, 'Mixed 10s', '10:45:00', 'Auris Dragon Boat Club', '00:01:03'),
(411, 19, 1, 3, 'Mens Open', '11:30:00', 'Coffs Coast Paddlers', '00:01:06'),
(412, 19, 1, 4, 'Ladies Open', '11:45:00', 'Clarence Paddlers', '00:01:11'),
(413, 19, 1, 5, 'Mixed 20s', '12:00:00', 'Volaris Dragon Boaters', '00:01:15'),
(414, 19, 1, 6, 'Over 50s Mixed', '12:30:00', 'Capricorn Dragon Boaters', '00:01:11'),
(415, 19, 2, 1, 'Mixed 10s', '12:30:00', 'Coffs Coast Paddlers', '00:01:14'),
(416, 19, 2, 2, 'Mixed 20s', '13:00:00', 'Capricorn Dragon Boaters', '00:01:02'),
(417, 19, 2, 3, 'Ladies Open', '13:30:00', 'Volaris Dragon Boaters', '00:01:09'),
(418, 19, 2, 4, 'Mens Open', '13:30:00', 'Tweed Dragon Boat Club', '00:01:18'),
(419, 19, 3, 1, 'Mixed 20s', '14:15:00', 'Auris Dragon Boat Club', '00:01:17'),
(420, 19, 4, 1, 'Mixed 20s', '14:45:00', 'Poseidon Paddlers', '00:01:16'),
(421, 19, 5, 1, 'Under 18s Mixed', '15:15:00', 'Different Strokes Dragon Boat Club', '00:01:18'),
(422, 19, 5, 2, 'Mixed 10s', '15:15:00', 'Different Strokes Dragon Boat Club', '00:01:12'),
(423, 19, 5, 3, 'Mens Open', '15:30:00', 'Clarence Dragon Boat Club', '00:01:12'),
(424, 19, 5, 4, 'Ladies Open', '15:30:00', 'Oceanus Paddlers', '00:01:17'),
(425, 19, 5, 5, 'Mixed 20s', '15:45:00', 'Auris Dragon Boat Club', '00:01:14'),
(426, 19, 5, 6, 'Over 50s Mixed', '15:45:00', 'Tweed Dragon Boat Club', '00:01:19'),
(427, 19, 6, 1, 'Under 18s Mixed', '16:00:00', 'Clarence Dragon Boat Club', '00:01:11'),
(428, 19, 6, 2, 'Mixed 10s', '16:00:00', 'Different Strokes Dragon Boat Club', '00:01:14'),
(429, 19, 6, 3, 'Mens Open', '16:15:00', 'Capricorn Dragon Boaters', '00:01:02'),
(430, 19, 6, 4, 'Ladies Open', '16:15:00', 'Poseidon Paddlers', '00:01:19'),
(431, 19, 6, 5, 'Mixed 20s', '16:30:00', 'Auris Dragon Boat Club', '00:01:10'),
(432, 19, 6, 6, 'Over 50s Mixed', '16:30:00', 'Clarence Paddlers', '00:01:20'),
(433, 6, 1, 1, 'Under 18s Mixed', '10:15:00', 'Poseidon Paddlers', '00:00:50'),
(434, 6, 1, 2, 'Mixed 10s', '10:45:00', 'Clarence Paddlers', '00:00:52'),
(435, 6, 1, 3, 'Mens Open', '11:30:00', 'Coffs Coast Paddlers', '00:00:58'),
(436, 6, 1, 4, 'Ladies Open', '11:45:00', 'Clarence Paddlers', '00:00:59'),
(437, 6, 1, 5, 'Mixed 20s', '12:00:00', 'Volaris Dragon Boaters', '00:00:58'),
(438, 6, 1, 6, 'Over 50s Mixed', '12:30:00', 'Auris Dragon Boat Club', '00:00:50'),
(439, 6, 2, 1, 'Mixed 10s', '12:30:00', 'Oceanus Paddlers', '00:00:57'),
(440, 6, 2, 2, 'Mixed 20s', '13:00:00', 'Capricorn Dragon Boaters', '00:00:57'),
(441, 6, 2, 3, 'Ladies Open', '13:30:00', 'Volaris Dragon Boaters', '00:00:56'),
(442, 6, 2, 4, 'Mens Open', '13:30:00', 'Volaris Dragon Boaters', '00:00:56'),
(443, 6, 3, 1, 'Mixed 20s', '14:15:00', 'Auris Dragon Boat Club', '00:00:52'),
(444, 6, 4, 1, 'Mixed 20s', '14:45:00', 'Oceanus Paddlers', '00:00:53'),
(445, 6, 5, 1, 'Under 18s Mixed', '15:15:00', 'Different Strokes Dragon Boat Club', '00:00:58'),
(446, 6, 5, 2, 'Mixed 10s', '15:15:00', 'Auris Dragon Boat Club', '00:00:54'),
(447, 6, 5, 3, 'Mens Open', '15:30:00', 'Oceanus Paddlers', '00:00:59'),
(448, 6, 5, 4, 'Ladies Open', '15:30:00', 'Volaris Dragon Boaters', '00:00:52'),
(449, 6, 5, 5, 'Mixed 20s', '15:45:00', 'Volaris Dragon Boaters', '00:00:55'),
(450, 6, 5, 6, 'Over 50s Mixed', '15:45:00', 'Different Strokes Dragon Boat Club', '00:00:58'),
(451, 6, 6, 1, 'Under 18s Mixed', '16:00:00', 'Oceanus Paddlers', '00:00:55'),
(452, 6, 6, 2, 'Mixed 10s', '16:00:00', 'Coffs Coast Paddlers', '00:00:50'),
(453, 6, 6, 3, 'Mens Open', '16:15:00', 'Clarence Dragon Boat Club', '00:00:59'),
(454, 6, 6, 4, 'Ladies Open', '16:15:00', 'Capricorn Dragon Boaters', '00:00:54'),
(455, 6, 6, 5, 'Mixed 20s', '16:30:00', 'Clarence Dragon Boat Club', '00:00:51'),
(456, 6, 6, 6, 'Over 50s Mixed', '16:30:00', 'Oceanus Paddlers', '00:00:50'),
(457, 5, 1, 1, 'Under 18s Mixed', '10:15:00', 'Coffs Coast Paddlers', '00:00:59'),
(458, 5, 1, 2, 'Mixed 10s', '10:45:00', 'Poseidon Paddlers', '00:00:58'),
(459, 5, 1, 3, 'Mens Open', '11:30:00', 'Clarence Paddlers', '00:00:51'),
(460, 5, 1, 4, 'Ladies Open', '11:45:00', 'Auris Dragon Boat Club', '00:00:52'),
(461, 5, 1, 5, 'Mixed 20s', '12:00:00', 'Volaris Dragon Boaters', '00:00:55'),
(462, 5, 1, 6, 'Over 50s Mixed', '12:30:00', 'Capricorn Dragon Boaters', '00:00:51'),
(463, 5, 2, 1, 'Mixed 10s', '12:30:00', 'Oceanus Paddlers', '00:00:52'),
(464, 5, 2, 2, 'Mixed 20s', '13:00:00', 'Capricorn Dragon Boaters', '00:00:50'),
(465, 5, 2, 3, 'Ladies Open', '13:30:00', 'Tweed Dragon Boat Club', '00:00:58'),
(466, 5, 2, 4, 'Mens Open', '13:30:00', 'Oceanus Paddlers', '00:00:59'),
(467, 5, 3, 1, 'Mixed 20s', '14:15:00', 'Auris Dragon Boat Club', '00:00:58'),
(468, 5, 4, 1, 'Mixed 20s', '14:45:00', 'Capricorn Dragon Boaters', '00:00:54'),
(469, 5, 5, 1, 'Under 18s Mixed', '15:15:00', 'Tweed Dragon Boat Club', '00:00:52'),
(470, 5, 5, 2, 'Mixed 10s', '15:15:00', 'Auris Dragon Boat Club', '00:00:55'),
(471, 5, 5, 3, 'Mens Open', '15:30:00', 'Volaris Dragon Boaters', '00:00:58'),
(472, 5, 5, 4, 'Ladies Open', '15:30:00', 'Clarence Paddlers', '00:00:50'),
(473, 5, 5, 5, 'Mixed 20s', '15:45:00', 'Volaris Dragon Boaters', '00:00:59'),
(474, 5, 5, 6, 'Over 50s Mixed', '15:45:00', 'Poseidon Paddlers', '00:00:58'),
(475, 5, 6, 1, 'Under 18s Mixed', '16:00:00', 'Poseidon Paddlers', '00:00:51'),
(476, 5, 6, 2, 'Mixed 10s', '16:00:00', 'Auris Dragon Boat Club', '00:00:51'),
(477, 5, 6, 3, 'Mens Open', '16:15:00', 'Auris Dragon Boat Club', '00:00:52'),
(478, 5, 6, 4, 'Ladies Open', '16:15:00', 'Poseidon Paddlers', '00:00:58'),
(479, 5, 6, 5, 'Mixed 20s', '16:30:00', 'Clarence Paddlers', '00:00:54'),
(480, 5, 6, 6, 'Over 50s Mixed', '16:30:00', 'Clarence Paddlers', '00:00:55'),
(481, 4, 1, 1, 'Under 18s Mixed', '10:15:00', 'Poseidon Paddlers', '00:00:58'),
(482, 4, 1, 2, 'Mixed 10s', '10:45:00', 'Auris Dragon Boat Club', '00:00:56'),
(483, 4, 1, 3, 'Mens Open', '11:30:00', 'Oceanus Paddlers', '00:00:57'),
(484, 4, 1, 4, 'Ladies Open', '11:45:00', 'Clarence Paddlers', '00:00:50'),
(485, 4, 1, 5, 'Mixed 20s', '12:00:00', 'Volaris Dragon Boaters', '00:00:56'),
(486, 4, 1, 6, 'Over 50s Mixed', '12:30:00', 'Auris Dragon Boat Club', '00:00:50'),
(487, 4, 2, 1, 'Mixed 10s', '12:30:00', 'Coffs Coast Paddlers', '00:00:59'),
(488, 4, 2, 2, 'Mixed 20s', '13:00:00', 'Capricorn Dragon Boaters', '00:00:56'),
(489, 4, 2, 3, 'Ladies Open', '13:30:00', 'Clarence Dragon Boat Club', '00:00:50'),
(490, 4, 2, 4, 'Mens Open', '13:30:00', 'Volaris Dragon Boaters', '00:00:52'),
(491, 4, 3, 1, 'Mixed 20s', '14:15:00', 'Auris Dragon Boat Club', '00:00:51'),
(492, 4, 4, 1, 'Mixed 20s', '14:45:00', 'Capricorn Dragon Boaters', '00:00:52'),
(493, 4, 5, 1, 'Under 18s Mixed', '15:15:00', 'Oceanus Paddlers', '00:00:50'),
(494, 4, 5, 2, 'Mixed 10s', '15:15:00', 'Capricorn Dragon Boaters', '00:00:53'),
(495, 4, 5, 3, 'Mens Open', '15:30:00', 'Coffs Coast Paddlers', '00:00:55'),
(496, 4, 5, 4, 'Ladies Open', '15:30:00', 'Coffs Coast Paddlers', '00:00:50'),
(497, 4, 5, 5, 'Mixed 20s', '15:45:00', 'Auris Dragon Boat Club', '00:00:53'),
(498, 4, 5, 6, 'Over 50s Mixed', '15:45:00', 'Volaris Dragon Boaters', '00:00:59'),
(499, 4, 6, 1, 'Under 18s Mixed', '16:00:00', 'Auris Dragon Boat Club', '00:00:51'),
(500, 4, 6, 2, 'Mixed 10s', '16:00:00', 'Volaris Dragon Boaters', '00:00:53'),
(501, 4, 6, 3, 'Mens Open', '16:15:00', 'Capricorn Dragon Boaters', '00:00:59'),
(502, 4, 6, 4, 'Ladies Open', '16:15:00', 'Oceanus Paddlers', '00:00:50'),
(503, 4, 6, 5, 'Mixed 20s', '16:30:00', 'Different Strokes Dragon Boat Club', '00:00:53'),
(504, 4, 6, 6, 'Over 50s Mixed', '16:30:00', 'Clarence Dragon Boat Club', '00:00:57'),
(505, 24, 1, 1, 'Under 18s Mixed', '10:15:00', 'Coffs Coast Paddlers', '00:01:07'),
(506, 24, 1, 2, 'Mixed 10s', '10:45:00', 'Poseidon Paddlers', '00:01:06'),
(507, 24, 1, 3, 'Mens Open', '11:30:00', 'Coffs Coast Paddlers', '00:01:07'),
(508, 24, 1, 4, 'Ladies Open', '11:45:00', 'Auris Dragon Boat Club', '00:01:18'),
(509, 24, 1, 5, 'Mixed 20s', '12:00:00', 'Volaris Dragon Boaters', '00:01:17'),
(510, 24, 1, 6, 'Over 50s Mixed', '12:30:00', 'Auris Dragon Boat Club', '00:01:04'),
(511, 24, 2, 1, 'Mixed 10s', '12:30:00', 'Coffs Coast Paddlers', '00:01:12'),
(512, 24, 2, 2, 'Mixed 20s', '13:00:00', 'Capricorn Dragon Boaters', '00:01:04'),
(513, 24, 2, 3, 'Ladies Open', '13:30:00', 'Tweed Dragon Boat Club', '00:00:51'),
(514, 24, 2, 4, 'Mens Open', '13:30:00', 'Tweed Dragon Boat Club', '00:00:57'),
(515, 24, 3, 1, 'Mixed 20s', '14:15:00', 'Auris Dragon Boat Club', '00:00:51'),
(516, 24, 4, 1, 'Mixed 20s', '14:45:00', 'Tweed Dragon Boat Club', '00:00:50'),
(517, 24, 5, 1, 'Under 18s Mixed', '15:15:00', 'Clarence Dragon Boat Club', '00:00:50'),
(518, 24, 5, 2, 'Mixed 10s', '15:15:00', 'Oceanus Paddlers', '00:00:55'),
(519, 24, 5, 3, 'Mens Open', '15:30:00', 'Clarence Dragon Boat Club', '00:00:57'),
(520, 24, 5, 4, 'Ladies Open', '15:30:00', 'Tweed Dragon Boat Club', '00:00:53'),
(521, 24, 5, 5, 'Mixed 20s', '15:45:00', 'Clarence Dragon Boat Club', '00:00:54'),
(522, 24, 5, 6, 'Over 50s Mixed', '15:45:00', 'Clarence Dragon Boat Club', '00:00:58'),
(523, 24, 6, 1, 'Under 18s Mixed', '16:00:00', 'Clarence Dragon Boat Club', '00:00:58'),
(524, 24, 6, 2, 'Mixed 10s', '16:00:00', 'Auris Dragon Boat Club', '00:00:59'),
(525, 24, 6, 3, 'Mens Open', '16:15:00', 'Poseidon Paddlers', '00:00:57'),
(526, 24, 6, 4, 'Ladies Open', '16:15:00', 'Capricorn Dragon Boaters', '00:00:58'),
(527, 24, 6, 5, 'Mixed 20s', '16:30:00', 'Auris Dragon Boat Club', '00:00:54'),
(528, 24, 6, 6, 'Over 50s Mixed', '16:30:00', 'Coffs Coast Paddlers', '00:00:54'),
(529, 23, 1, 1, 'Under 18s Mixed', '10:15:00', 'Clarence Paddlers', '00:00:58'),
(530, 23, 1, 2, 'Mixed 10s', '10:45:00', 'Auris Dragon Boat Club', '00:00:56'),
(531, 23, 1, 3, 'Mens Open', '11:30:00', 'Coffs Coast Paddlers', '00:00:58'),
(532, 23, 1, 4, 'Ladies Open', '11:45:00', 'Auris Dragon Boat Club', '00:00:57'),
(533, 23, 1, 5, 'Mixed 20s', '12:00:00', 'Tweed Dragon Boat Club', '00:00:57'),
(534, 23, 1, 6, 'Over 50s Mixed', '12:30:00', 'Auris Dragon Boat Club', '00:00:50'),
(535, 23, 2, 1, 'Mixed 10s', '12:30:00', 'Coffs Coast Paddlers', '00:00:50'),
(536, 23, 2, 2, 'Mixed 20s', '13:00:00', 'Capricorn Dragon Boaters', '00:00:54'),
(537, 23, 2, 3, 'Ladies Open', '13:30:00', 'Clarence Dragon Boat Club', '00:00:53'),
(538, 23, 2, 4, 'Mens Open', '13:30:00', 'Volaris Dragon Boaters', '00:00:54'),
(539, 23, 3, 1, 'Mixed 20s', '14:15:00', 'Auris Dragon Boat Club', '00:00:51'),
(540, 23, 4, 1, 'Mixed 20s', '14:45:00', 'Volaris Dragon Boaters', '00:00:52'),
(541, 23, 5, 1, 'Under 18s Mixed', '15:15:00', 'Coffs Coast Paddlers', '00:00:50'),
(542, 23, 5, 2, 'Mixed 10s', '15:15:00', 'Different Strokes Dragon Boat Club', '00:00:52'),
(543, 23, 5, 3, 'Mens Open', '15:30:00', 'Clarence Paddlers', '00:00:54'),
(544, 23, 5, 4, 'Ladies Open', '15:30:00', 'Tweed Dragon Boat Club', '00:00:55'),
(545, 23, 5, 5, 'Mixed 20s', '15:45:00', 'Volaris Dragon Boaters', '00:00:51'),
(546, 23, 5, 6, 'Over 50s Mixed', '15:45:00', 'Different Strokes Dragon Boat Club', '00:00:50'),
(547, 23, 6, 1, 'Under 18s Mixed', '16:00:00', 'Volaris Dragon Boaters', '00:00:59'),
(548, 23, 6, 2, 'Mixed 10s', '16:00:00', 'Oceanus Paddlers', '00:00:53'),
(549, 23, 6, 3, 'Mens Open', '16:15:00', 'Clarence Paddlers', '00:00:50'),
(550, 23, 6, 4, 'Ladies Open', '16:15:00', 'Tweed Dragon Boat Club', '00:00:52'),
(551, 23, 6, 5, 'Mixed 20s', '16:30:00', 'Clarence Dragon Boat Club', '00:00:58'),
(552, 23, 6, 6, 'Over 50s Mixed', '16:30:00', 'Oceanus Paddlers', '00:00:57'),
(553, 22, 1, 1, 'Under 18s Mixed', '10:15:00', 'Capricorn Dragon Boaters', '00:00:51'),
(554, 22, 1, 2, 'Mixed 10s', '10:45:00', 'Poseidon Paddlers', '00:00:59'),
(555, 22, 1, 3, 'Mens Open', '11:30:00', 'Different Strokes Dragon Boat Club', '00:00:54'),
(556, 22, 1, 4, 'Ladies Open', '11:45:00', 'Capricorn Dragon Boaters', '00:00:50'),
(557, 22, 1, 5, 'Mixed 20s', '12:00:00', 'Tweed Dragon Boat Club', '00:00:51'),
(558, 22, 1, 6, 'Over 50s Mixed', '12:30:00', 'Auris Dragon Boat Club', '00:00:53'),
(559, 22, 2, 1, 'Mixed 10s', '12:30:00', 'Coffs Coast Paddlers', '00:00:55'),
(560, 22, 2, 2, 'Mixed 20s', '13:00:00', 'Clarence Dragon Boat Club', '00:00:52'),
(561, 22, 2, 3, 'Ladies Open', '13:30:00', 'Clarence Dragon Boat Club', '00:00:54'),
(562, 22, 2, 4, 'Mens Open', '13:30:00', 'Tweed Dragon Boat Club', '00:00:55'),
(563, 22, 3, 1, 'Mixed 20s', '14:15:00', 'Auris Dragon Boat Club', '00:00:53'),
(564, 22, 4, 1, 'Mixed 20s', '14:45:00', 'Different Strokes Dragon Boat Club', '00:00:54'),
(565, 22, 5, 1, 'Under 18s Mixed', '15:15:00', 'Poseidon Paddlers', '00:00:53'),
(566, 22, 5, 2, 'Mixed 10s', '15:15:00', 'Tweed Dragon Boat Club', '00:00:50'),
(567, 22, 5, 3, 'Mens Open', '15:30:00', 'Clarence Dragon Boat Club', '00:00:57'),
(568, 22, 5, 4, 'Ladies Open', '15:30:00', 'Coffs Coast Paddlers', '00:00:50'),
(569, 22, 5, 5, 'Mixed 20s', '15:45:00', 'Different Strokes Dragon Boat Club', '00:00:59'),
(570, 22, 5, 6, 'Over 50s Mixed', '15:45:00', 'Different Strokes Dragon Boat Club', '00:00:58'),
(571, 22, 6, 1, 'Under 18s Mixed', '16:00:00', 'Capricorn Dragon Boaters', '00:00:50'),
(572, 22, 6, 2, 'Mixed 10s', '16:00:00', 'Capricorn Dragon Boaters', '00:00:50'),
(573, 22, 6, 3, 'Mens Open', '16:15:00', 'Capricorn Dragon Boaters', '00:00:58'),
(574, 22, 6, 4, 'Ladies Open', '16:15:00', 'Clarence Paddlers', '00:00:53'),
(575, 22, 6, 5, 'Mixed 20s', '16:30:00', 'Coffs Coast Paddlers', '00:00:58'),
(576, 22, 6, 6, 'Over 50s Mixed', '16:30:00', 'Coffs Coast Paddlers', '00:00:56'),
(577, 3, 1, 1, 'Under 18s Mixed', '10:15:00', 'Capricorn Dragon Boaters', '00:00:50'),
(578, 3, 1, 2, 'Mixed 10s', '10:45:00', 'Coffs Coast Paddlers', '00:00:53'),
(579, 3, 1, 3, 'Mens Open', '11:30:00', 'Clarence Paddlers', '00:00:52'),
(580, 3, 1, 4, 'Ladies Open', '11:45:00', 'Auris Dragon Boat Club', '00:00:59'),
(581, 3, 1, 5, 'Mixed 20s', '12:00:00', 'Tweed Dragon Boat Club', '00:01:00'),
(582, 3, 1, 6, 'Over 50s Mixed', '12:30:00', 'Auris Dragon Boat Club', '00:01:16'),
(583, 3, 2, 1, 'Mixed 10s', '12:30:00', 'Oceanus Paddlers', '00:01:04'),
(584, 3, 2, 2, 'Mixed 20s', '13:00:00', 'Capricorn Dragon Boaters', '00:01:08'),
(585, 3, 2, 3, 'Ladies Open', '13:30:00', 'Volaris Dragon Boaters', '00:01:07'),
(586, 3, 2, 4, 'Mens Open', '13:30:00', 'Volaris Dragon Boaters', '00:01:04'),
(587, 3, 3, 1, 'Mixed 20s', '14:15:00', 'Auris Dragon Boat Club', '00:01:03'),
(588, 3, 4, 1, 'Mixed 20s', '14:45:00', 'Volaris Dragon Boaters', '00:01:01'),
(589, 3, 5, 1, 'Under 18s Mixed', '15:15:00', 'Oceanus Paddlers', '00:01:12'),
(590, 3, 5, 2, 'Mixed 10s', '15:15:00', 'Tweed Dragon Boat Club', '00:01:05'),
(591, 3, 5, 3, 'Mens Open', '15:30:00', 'Clarence Paddlers', '00:01:03'),
(592, 3, 5, 4, 'Ladies Open', '15:30:00', 'Different Strokes Dragon Boat Club', '00:01:09'),
(593, 3, 5, 5, 'Mixed 20s', '15:45:00', 'Tweed Dragon Boat Club', '00:01:09'),
(594, 3, 5, 6, 'Over 50s Mixed', '15:45:00', 'Coffs Coast Paddlers', '00:01:03'),
(595, 3, 6, 1, 'Under 18s Mixed', '16:00:00', 'Poseidon Paddlers', '00:01:01'),
(596, 3, 6, 2, 'Mixed 10s', '16:00:00', 'Volaris Dragon Boaters', '00:01:10'),
(597, 3, 6, 3, 'Mens Open', '16:15:00', 'Clarence Dragon Boat Club', '00:01:16'),
(598, 3, 6, 4, 'Ladies Open', '16:15:00', 'Oceanus Paddlers', '00:01:20'),
(599, 3, 6, 5, 'Mixed 20s', '16:30:00', 'Different Strokes Dragon Boat Club', '00:01:13'),
(600, 3, 6, 6, 'Over 50s Mixed', '16:30:00', 'Auris Dragon Boat Club', '00:01:14'),
(601, 2, 1, 1, 'Under 18s Mixed', '10:15:00', 'Coffs Coast Paddlers', '00:01:13'),
(602, 2, 1, 2, 'Mixed 10s', '10:45:00', 'Auris Dragon Boat Club', '00:01:16'),
(603, 2, 1, 3, 'Mens Open', '11:30:00', 'Coffs Coast Paddlers', '00:01:14'),
(604, 2, 1, 4, 'Ladies Open', '11:45:00', 'Auris Dragon Boat Club', '00:01:04'),
(605, 2, 1, 5, 'Mixed 20s', '12:00:00', 'Tweed Dragon Boat Club', '00:01:17'),
(606, 2, 1, 6, 'Over 50s Mixed', '12:30:00', 'Auris Dragon Boat Club', '00:01:03'),
(607, 2, 2, 1, 'Mixed 10s', '12:30:00', 'Coffs Coast Paddlers', '00:01:06'),
(608, 2, 2, 2, 'Mixed 20s', '13:00:00', 'Capricorn Dragon Boaters', '00:01:10'),
(609, 2, 2, 3, 'Ladies Open', '13:30:00', 'Volaris Dragon Boaters', '00:01:07'),
(610, 2, 2, 4, 'Mens Open', '13:30:00', 'Volaris Dragon Boaters', '00:01:09'),
(611, 2, 3, 1, 'Mixed 20s', '14:15:00', 'Auris Dragon Boat Club', '00:01:20'),
(612, 2, 4, 1, 'Mixed 20s', '14:45:00', 'Coffs Coast Paddlers', '00:01:06'),
(613, 2, 5, 1, 'Under 18s Mixed', '15:15:00', 'Tweed Dragon Boat Club', '00:01:01'),
(614, 2, 5, 2, 'Mixed 10s', '15:15:00', 'Coffs Coast Paddlers', '00:01:11'),
(615, 2, 5, 3, 'Mens Open', '15:30:00', 'Clarence Paddlers', '00:01:00'),
(616, 2, 5, 4, 'Ladies Open', '15:30:00', 'Coffs Coast Paddlers', '00:01:17'),
(617, 2, 5, 5, 'Mixed 20s', '15:45:00', 'Capricorn Dragon Boaters', '00:01:13'),
(618, 2, 5, 6, 'Over 50s Mixed', '15:45:00', 'Capricorn Dragon Boaters', '00:01:06'),
(619, 2, 6, 1, 'Under 18s Mixed', '16:00:00', 'Tweed Dragon Boat Club', '00:01:17'),
(620, 2, 6, 2, 'Mixed 10s', '16:00:00', 'Oceanus Paddlers', '00:01:07'),
(621, 2, 6, 3, 'Mens Open', '16:15:00', 'Poseidon Paddlers', '00:01:13'),
(622, 2, 6, 4, 'Ladies Open', '16:15:00', 'Different Strokes Dragon Boat Club', '00:01:00'),
(623, 2, 6, 5, 'Mixed 20s', '16:30:00', 'Poseidon Paddlers', '00:01:00'),
(624, 2, 6, 6, 'Over 50s Mixed', '16:30:00', 'Clarence Dragon Boat Club', '00:01:14'),
(625, 1, 1, 1, 'Under 18s Mixed', '10:15:00', 'Capricorn Dragon Boaters', '00:01:01'),
(626, 1, 1, 2, 'Mixed 10s', '10:45:00', 'Clarence Paddlers', '00:01:03'),
(627, 1, 1, 3, 'Mens Open', '11:30:00', 'Clarence Paddlers', '00:01:18'),
(628, 1, 1, 4, 'Ladies Open', '11:45:00', 'Auris Dragon Boat Club', '00:01:02'),
(629, 1, 1, 5, 'Mixed 20s', '12:00:00', 'Tweed Dragon Boat Club', '00:01:09');
INSERT INTO `RACE` (`RaceID`, `RegattaID`, `HeatNumber`, `RaceNumber`, `RaceName`, `StartTime`, `WinningClub`, `WinningTime`) VALUES
(630, 1, 1, 6, 'Over 50s Mixed', '12:30:00', 'Auris Dragon Boat Club', '00:01:05'),
(631, 1, 2, 1, 'Mixed 10s', '12:30:00', 'Coffs Coast Paddlers', '00:01:04'),
(632, 1, 2, 2, 'Mixed 20s', '13:00:00', 'Capricorn Dragon Boaters', '00:01:06'),
(633, 1, 2, 3, 'Ladies Open', '13:30:00', 'Tweed Dragon Boat Club', '00:01:17'),
(634, 1, 2, 4, 'Mens Open', '13:30:00', 'Volaris Dragon Boaters', '00:01:04'),
(635, 1, 3, 1, 'Mixed 20s', '14:15:00', 'Auris Dragon Boat Club', '00:01:17'),
(636, 1, 4, 1, 'Mixed 20s', '14:45:00', 'Tweed Dragon Boat Club', '00:01:17'),
(637, 1, 5, 1, 'Under 18s Mixed', '15:15:00', 'Coffs Coast Paddlers', '00:01:09'),
(638, 1, 5, 2, 'Mixed 10s', '15:15:00', 'Clarence Paddlers', '00:01:05'),
(639, 1, 5, 3, 'Mens Open', '15:30:00', 'Oceanus Paddlers', '00:01:17'),
(640, 1, 5, 4, 'Ladies Open', '15:30:00', 'Tweed Dragon Boat Club', '00:01:07'),
(641, 1, 5, 5, 'Mixed 20s', '15:45:00', 'Oceanus Paddlers', '00:01:15'),
(642, 1, 5, 6, 'Over 50s Mixed', '15:45:00', 'Clarence Paddlers', '00:01:13'),
(643, 1, 6, 1, 'Under 18s Mixed', '16:00:00', 'Poseidon Paddlers', '00:01:01'),
(644, 1, 6, 2, 'Mixed 10s', '16:00:00', 'Auris Dragon Boat Club', '00:01:12'),
(645, 1, 6, 3, 'Mens Open', '16:15:00', 'Oceanus Paddlers', '00:01:09'),
(646, 1, 6, 4, 'Ladies Open', '16:15:00', 'Different Strokes Dragon Boat Club', '00:01:04'),
(647, 1, 6, 5, 'Mixed 20s', '16:30:00', 'Coffs Coast Paddlers', '00:01:02'),
(648, 1, 6, 6, 'Over 50s Mixed', '16:30:00', 'Volaris Dragon Boaters', '00:01:16'),
(649, 27, 1, 1, 'Under 18s Mixed', '10:15:00', 'Poseidon Paddlers', '00:01:12'),
(650, 27, 1, 2, 'Mixed 10s', '10:45:00', 'Auris Dragon Boat Club', '00:01:01'),
(651, 27, 1, 3, 'Mens Open', '11:30:00', 'Coffs Coast Paddlers', '00:01:04'),
(652, 27, 1, 4, 'Ladies Open', '11:45:00', 'Auris Dragon Boat Club', '00:01:05'),
(653, 27, 1, 5, 'Mixed 20s', '12:00:00', 'Different Strokes Dragon Boat Club', '00:01:10'),
(654, 27, 1, 6, 'Over 50s Mixed', '12:30:00', 'Auris Dragon Boat Club', '00:01:06'),
(655, 27, 2, 1, 'Mixed 10s', '12:30:00', 'Coffs Coast Paddlers', '00:01:13'),
(656, 27, 2, 2, 'Mixed 20s', '13:00:00', 'Capricorn Dragon Boaters', '00:01:02'),
(657, 27, 2, 3, 'Ladies Open', '13:30:00', 'Clarence Dragon Boat Club', '00:01:18'),
(658, 27, 2, 4, 'Mens Open', '13:30:00', 'Volaris Dragon Boaters', '00:01:12'),
(659, 27, 3, 1, 'Mixed 20s', '14:15:00', 'Auris Dragon Boat Club', '00:01:14'),
(660, 27, 4, 1, 'Mixed 20s', '14:45:00', 'Auris Dragon Boat Club', '00:01:11'),
(661, 27, 5, 1, 'Under 18s Mixed', '15:15:00', 'Clarence Paddlers', '00:01:18'),
(662, 27, 5, 2, 'Mixed 10s', '15:15:00', 'Clarence Dragon Boat Club', '00:01:03'),
(663, 27, 5, 3, 'Mens Open', '15:30:00', 'Poseidon Paddlers', '00:01:15'),
(664, 27, 5, 4, 'Ladies Open', '15:30:00', 'Auris Dragon Boat Club', '00:01:04'),
(665, 27, 5, 5, 'Mixed 20s', '15:45:00', 'Auris Dragon Boat Club', '00:01:13'),
(666, 27, 5, 6, 'Over 50s Mixed', '15:45:00', 'Auris Dragon Boat Club', '00:01:15'),
(667, 27, 6, 1, 'Under 18s Mixed', '16:00:00', 'Tweed Dragon Boat Club', '00:01:15'),
(668, 27, 6, 2, 'Mixed 10s', '16:00:00', 'Capricorn Dragon Boaters', '00:01:07'),
(669, 27, 6, 3, 'Mens Open', '16:15:00', 'Different Strokes Dragon Boat Club', '00:01:19'),
(670, 27, 6, 4, 'Ladies Open', '16:15:00', 'Tweed Dragon Boat Club', '00:01:04'),
(671, 27, 6, 5, 'Mixed 20s', '16:30:00', 'Clarence Paddlers', '00:01:16'),
(672, 27, 6, 6, 'Over 50s Mixed', '16:30:00', 'Capricorn Dragon Boaters', '00:01:09'),
(673, 26, 1, 1, 'Under 18s Mixed', '10:15:00', 'Poseidon Paddlers', '00:00:51'),
(674, 26, 1, 2, 'Mixed 10s', '10:45:00', 'Poseidon Paddlers', '00:00:59'),
(675, 26, 1, 3, 'Mens Open', '11:30:00', 'Coffs Coast Paddlers', '00:00:59'),
(676, 26, 1, 4, 'Ladies Open', '11:45:00', 'Different Strokes Dragon Boat Club', '00:00:50'),
(677, 26, 1, 5, 'Mixed 20s', '12:00:00', 'Tweed Dragon Boat Club', '00:00:53'),
(678, 26, 1, 6, 'Over 50s Mixed', '12:30:00', 'Auris Dragon Boat Club', '00:00:58'),
(679, 26, 2, 1, 'Mixed 10s', '12:30:00', 'Different Strokes Dragon Boat Club', '00:00:51'),
(680, 26, 2, 2, 'Mixed 20s', '13:00:00', 'Capricorn Dragon Boaters', '00:00:50'),
(681, 26, 2, 3, 'Ladies Open', '13:30:00', 'Clarence Dragon Boat Club', '00:00:59'),
(682, 26, 2, 4, 'Mens Open', '13:30:00', 'Volaris Dragon Boaters', '00:00:51'),
(683, 26, 3, 1, 'Mixed 20s', '14:15:00', 'Auris Dragon Boat Club', '00:00:56'),
(684, 26, 4, 1, 'Mixed 20s', '14:45:00', 'Volaris Dragon Boaters', '00:00:57'),
(685, 26, 5, 1, 'Under 18s Mixed', '15:15:00', 'Clarence Dragon Boat Club', '00:00:55'),
(686, 26, 5, 2, 'Mixed 10s', '15:15:00', 'Oceanus Paddlers', '00:00:52'),
(687, 26, 5, 3, 'Mens Open', '15:30:00', 'Clarence Paddlers', '00:00:57'),
(688, 26, 5, 4, 'Ladies Open', '15:30:00', 'Poseidon Paddlers', '00:00:53'),
(689, 26, 5, 5, 'Mixed 20s', '15:45:00', 'Volaris Dragon Boaters', '00:00:54'),
(690, 26, 5, 6, 'Over 50s Mixed', '15:45:00', 'Coffs Coast Paddlers', '00:00:57'),
(691, 26, 6, 1, 'Under 18s Mixed', '16:00:00', 'Capricorn Dragon Boaters', '00:00:53'),
(692, 26, 6, 2, 'Mixed 10s', '16:00:00', 'Capricorn Dragon Boaters', '00:00:53'),
(693, 26, 6, 3, 'Mens Open', '16:15:00', 'Poseidon Paddlers', '00:00:55'),
(694, 26, 6, 4, 'Ladies Open', '16:15:00', 'Volaris Dragon Boaters', '00:00:54'),
(695, 26, 6, 5, 'Mixed 20s', '16:30:00', 'Poseidon Paddlers', '00:00:54'),
(696, 26, 6, 6, 'Over 50s Mixed', '16:30:00', 'Auris Dragon Boat Club', '00:00:53'),
(697, 25, 1, 1, 'Under 18s Mixed', '10:15:00', 'Capricorn Dragon Boaters', '00:00:56'),
(698, 25, 1, 2, 'Mixed 10s', '10:45:00', 'Clarence Paddlers', '00:00:55'),
(699, 25, 1, 3, 'Mens Open', '11:30:00', 'Coffs Coast Paddlers', '00:00:55'),
(700, 25, 1, 4, 'Ladies Open', '11:45:00', 'Auris Dragon Boat Club', '00:00:51'),
(701, 25, 1, 5, 'Mixed 20s', '12:00:00', 'Volaris Dragon Boaters', '00:00:59'),
(702, 25, 1, 6, 'Over 50s Mixed', '12:30:00', 'Auris Dragon Boat Club', '00:00:53'),
(703, 25, 2, 1, 'Mixed 10s', '12:30:00', 'Different Strokes Dragon Boat Club', '00:00:54'),
(704, 25, 2, 2, 'Mixed 20s', '13:00:00', 'Clarence Dragon Boat Club', '00:00:55'),
(705, 25, 2, 3, 'Ladies Open', '13:30:00', 'Tweed Dragon Boat Club', '00:00:55'),
(706, 25, 2, 4, 'Mens Open', '13:30:00', 'Tweed Dragon Boat Club', '00:00:55'),
(707, 25, 3, 1, 'Mixed 20s', '14:15:00', 'Auris Dragon Boat Club', '00:00:59'),
(708, 25, 4, 1, 'Mixed 20s', '14:45:00', 'Clarence Paddlers', '00:00:50'),
(709, 25, 5, 1, 'Under 18s Mixed', '15:15:00', 'Different Strokes Dragon Boat Club', '00:00:53'),
(710, 25, 5, 2, 'Mixed 10s', '15:15:00', 'Tweed Dragon Boat Club', '00:00:56'),
(711, 25, 5, 3, 'Mens Open', '15:30:00', 'Clarence Paddlers', '00:00:58'),
(712, 25, 5, 4, 'Ladies Open', '15:30:00', 'Auris Dragon Boat Club', '00:00:59'),
(713, 25, 5, 5, 'Mixed 20s', '15:45:00', 'Tweed Dragon Boat Club', '00:00:57'),
(714, 25, 5, 6, 'Over 50s Mixed', '15:45:00', 'Clarence Dragon Boat Club', '00:00:52'),
(715, 25, 6, 1, 'Under 18s Mixed', '16:00:00', 'Poseidon Paddlers', '00:00:59'),
(716, 25, 6, 2, 'Mixed 10s', '16:00:00', 'Tweed Dragon Boat Club', '00:00:59'),
(717, 25, 6, 3, 'Mens Open', '16:15:00', 'Capricorn Dragon Boaters', '00:00:58'),
(718, 25, 6, 4, 'Ladies Open', '16:15:00', 'Different Strokes Dragon Boat Club', '00:00:55'),
(719, 25, 6, 5, 'Mixed 20s', '16:30:00', 'Tweed Dragon Boat Club', '00:00:56'),
(720, 25, 6, 6, 'Over 50s Mixed', '16:30:00', 'Clarence Dragon Boat Club', '00:00:58');

-- --------------------------------------------------------

--
-- Table structure for table `RACE_REGISTRATION`
--

CREATE TABLE IF NOT EXISTS `RACE_REGISTRATION` (
  `RaceID` int(11) NOT NULL,
  `MemberID` int(11) NOT NULL,
  `BoatName` varchar(100) NOT NULL,
  `FeePaidYN` tinyint(1) NOT NULL,
  `SweepYN` tinyint(1) NOT NULL,
  `DrummerYN` tinyint(1) NOT NULL,
  `DateRegistered` date NOT NULL,
  PRIMARY KEY (`RaceID`,`MemberID`,`BoatName`),
  KEY `RACE_RACE_REGISTRATION_FK` (`RaceID`),
  KEY `MEMBER_RACE_REGISTRATION_FK` (`MemberID`),
  KEY `BOAT_RACE_REGISTRATION_FK` (`BoatName`)
) ENGINE=InnoDB DEFAULT CHARSET=utf8;

--
-- Dumping data for table `RACE_REGISTRATION`
--

INSERT INTO `RACE_REGISTRATION` (`RaceID`, `MemberID`, `BoatName`, `FeePaidYN`, `SweepYN`, `DrummerYN`, `DateRegistered`) VALUES
(1, 34, 'Sea Hawk', 1, 1, 0, '2012-04-08'),
(1, 35, 'Sea Hawk', 1, 1, 0, '2012-04-07'),
(1, 94, 'Blue Skies', 1, 1, 0, '2012-04-06'),
(1, 95, 'Blue Skies', 0, 1, 0, '2012-04-08'),
(1, 110, 'Barebottom', 1, 1, 0, '2012-04-06'),
(1, 116, 'Barebottom', 0, 0, 1, '2012-04-07'),
(1, 117, 'Barebottom', 1, 1, 0, '2012-04-07'),
(1, 119, 'Barebottom', 1, 1, 0, '2012-04-06'),
(1, 128, 'Barebottom', 1, 0, 1, '2012-04-08'),
(1, 194, 'Dixie Magic', 1, 0, 1, '2012-04-08'),
(1, 221, 'Fabio', 1, 0, 1, '2012-04-07'),
(2, 19, 'Argo', 0, 0, 1, '2012-04-06'),
(2, 20, 'Argo', 1, 1, 0, '2012-04-08'),
(2, 21, 'Argo', 1, 1, 0, '2012-04-07'),
(2, 107, 'ALTERNATION', 1, 0, 1, '2012-04-06'),
(2, 108, 'ALTERNATION', 0, 1, 0, '2012-04-08'),
(2, 109, 'ALTERNATION', 1, 1, 0, '2012-04-07'),
(2, 113, 'Ala Maris', 1, 0, 1, '2012-04-06'),
(2, 115, 'Ala Maris', 1, 0, 1, '2012-04-08'),
(2, 199, 'APHRODITE', 0, 1, 0, '2012-04-07'),
(2, 200, 'APHRODITE', 1, 1, 0, '2012-04-06'),
(2, 201, 'APHRODITE', 1, 0, 1, '2012-04-08'),
(3, 87, 'Blue Skies', 1, 0, 1, '2012-04-07'),
(3, 88, 'Blue Skies', 0, 1, 0, '2012-04-06'),
(3, 89, 'Blue Skies', 1, 1, 0, '2012-04-08'),
(3, 90, 'Blue Skies', 1, 1, 0, '2012-04-07'),
(3, 119, 'Barebottom', 1, 1, 0, '2012-04-06'),
(3, 133, 'Barebottom', 0, 0, 1, '2012-04-08'),
(3, 135, 'Barebottom', 1, 1, 0, '2012-04-07'),
(3, 154, 'Raven', 1, 1, 0, '2012-04-06'),
(3, 162, 'Exarch', 1, 1, 0, '2012-04-08'),
(3, 163, 'Exarch', 0, 0, 1, '2012-04-07'),
(3, 168, 'Exarch', 1, 1, 0, '2012-04-06'),
(4, 2, 'Covenant', 1, 1, 0, '2012-04-08'),
(4, 5, 'Covenant', 1, 0, 1, '2012-04-07'),
(4, 6, 'Covenant', 0, 1, 0, '2012-04-06'),
(4, 36, 'Sea Hawk', 1, 1, 0, '2012-04-08'),
(4, 71, 'Conqueror', 1, 1, 0, '2012-04-07'),
(4, 76, 'Conqueror', 1, 1, 0, '2012-04-06'),
(4, 95, 'Blue Skies', 0, 1, 0, '2012-04-08'),
(4, 99, 'Blue Skies', 1, 0, 1, '2012-04-07'),
(4, 158, 'Raven', 1, 0, 1, '2012-04-06'),
(4, 165, 'Exarch', 1, 1, 0, '2012-04-08'),
(4, 166, 'Exarch', 0, 1, 0, '2012-04-07'),
(5, 151, 'Raven', 1, 1, 0, '2012-04-06'),
(5, 152, 'Raven', 1, 1, 0, '2012-04-08'),
(5, 153, 'Raven', 1, 1, 0, '2012-04-07'),
(5, 213, 'Fabio', 0, 1, 0, '2012-04-06'),
(5, 214, 'Fabio', 1, 0, 1, '2012-04-08'),
(5, 215, 'Fabio', 1, 0, 1, '2012-04-07'),
(5, 216, 'Fabio', 1, 1, 0, '2012-04-06'),
(5, 217, 'Fabio', 0, 1, 0, '2012-04-08'),
(5, 243, 'Empire Maiden', 1, 0, 1, '2012-04-07'),
(5, 244, 'Empire Maiden', 1, 1, 0, '2012-04-06'),
(5, 245, 'Empire Maiden', 1, 0, 1, '2012-04-08'),
(6, 11, 'Covenant', 0, 1, 0, '2012-04-07'),
(6, 12, 'Covenant', 1, 0, 1, '2012-04-06'),
(6, 13, 'Covenant', 1, 1, 0, '2012-04-08'),
(6, 14, 'Covenant', 1, 0, 1, '2012-04-07'),
(6, 38, 'Sea Hawk', 0, 1, 0, '2012-04-06'),
(6, 39, 'Sea Hawk', 1, 1, 0, '2012-04-08'),
(6, 40, 'Sea Hawk', 1, 1, 0, '2012-04-07'),
(6, 58, 'Conqueror', 1, 0, 1, '2012-04-06'),
(6, 59, 'Conqueror', 0, 1, 0, '2012-04-08'),
(6, 60, 'Conqueror', 1, 1, 0, '2012-04-07'),
(6, 61, 'Conqueror', 1, 1, 0, '2012-04-06'),
(7, 113, 'Ala Maris', 1, 0, 1, '2012-04-08'),
(7, 115, 'Ala Maris', 1, 0, 1, '2012-04-06'),
(7, 116, 'Ala Maris', 1, 0, 1, '2012-04-08'),
(7, 142, 'Hope Two', 1, 0, 1, '2012-04-07'),
(7, 143, 'Hope Two', 0, 0, 1, '2012-04-06'),
(7, 144, 'Hope Two', 1, 0, 1, '2012-04-08'),
(7, 171, 'Funky', 1, 1, 0, '2012-04-07'),
(7, 172, 'Funky', 1, 1, 0, '2012-04-06'),
(7, 173, 'Funky', 0, 1, 0, '2012-04-08'),
(7, 189, 'APHRODITE', 1, 1, 0, '2012-04-07'),
(8, 42, 'Sea Hawk', 1, 1, 0, '2012-04-06'),
(8, 43, 'Sea Hawk', 1, 0, 1, '2012-04-08'),
(8, 44, 'Sea Hawk', 0, 1, 0, '2012-04-07'),
(8, 64, 'Conqueror', 1, 0, 1, '2012-04-06'),
(8, 65, 'Conqueror', 1, 1, 0, '2012-04-08'),
(8, 66, 'Conqueror', 1, 1, 0, '2012-04-07'),
(8, 67, 'Conqueror', 0, 1, 0, '2012-04-06'),
(8, 149, 'Raven', 1, 1, 0, '2012-04-08'),
(8, 150, 'Raven', 1, 1, 0, '2012-04-07'),
(8, 151, 'Raven', 1, 1, 0, '2012-04-06'),
(8, 152, 'Raven', 0, 1, 0, '2012-04-08'),
(9, 75, 'Conqueror', 1, 0, 1, '2012-04-08'),
(9, 76, 'Conqueror', 0, 1, 0, '2012-04-07'),
(9, 78, 'Conqueror', 1, 0, 1, '2012-04-06'),
(9, 81, 'Conqueror', 1, 1, 0, '2012-04-07'),
(9, 228, 'Fabio', 1, 0, 1, '2012-04-06'),
(9, 229, 'Fabio', 1, 1, 0, '2012-04-08'),
(9, 230, 'Fabio', 1, 1, 0, '2012-04-07'),
(9, 246, 'Empire Maiden', 0, 1, 0, '2012-04-06'),
(9, 247, 'Empire Maiden', 1, 1, 0, '2012-04-08'),
(9, 248, 'Empire Maiden', 1, 1, 0, '2012-04-07'),
(9, 254, 'Empire Maiden', 1, 0, 1, '2012-04-06'),
(10, 162, 'Exarch', 1, 1, 0, '2012-04-07'),
(10, 163, 'Exarch', 1, 0, 1, '2012-04-06'),
(10, 168, 'Exarch', 1, 1, 0, '2012-04-08'),
(10, 172, 'Exarch', 0, 1, 0, '2012-04-08'),
(10, 186, 'Dixie Magic', 1, 0, 1, '2012-04-06'),
(10, 194, 'Dixie Magic', 0, 0, 1, '2012-04-07'),
(10, 215, 'Fabio', 1, 0, 1, '2012-04-08'),
(10, 219, 'Fabio', 1, 0, 1, '2012-04-07'),
(10, 220, 'Fabio', 0, 0, 1, '2012-04-06'),
(10, 245, 'Empire Maiden', 1, 0, 1, '2012-04-08'),
(10, 249, 'Empire Maiden', 1, 1, 0, '2012-04-07'),
(11, 8, 'Covenant', 1, 0, 1, '2012-04-06'),
(11, 9, 'Covenant', 0, 1, 0, '2012-04-08'),
(11, 10, 'Covenant', 1, 1, 0, '2012-04-07'),
(11, 11, 'Covenant', 1, 1, 0, '2012-04-06'),
(11, 12, 'Covenant', 1, 0, 1, '2012-04-08'),
(11, 42, 'Sea Hawk', 0, 1, 0, '2012-04-07'),
(11, 43, 'Sea Hawk', 1, 0, 1, '2012-04-06'),
(11, 44, 'Sea Hawk', 1, 1, 0, '2012-04-08'),
(11, 45, 'Sea Hawk', 1, 1, 0, '2012-04-07'),
(11, 70, 'Conqueror', 0, 1, 0, '2012-04-06'),
(11, 71, 'Conqueror', 1, 1, 0, '2012-04-08'),
(25, 34, 'Sea Hawk', 1, 1, 0, '2013-07-20'),
(25, 35, 'Sea Hawk', 1, 1, 0, '2013-07-19'),
(25, 94, 'Blue Skies', 0, 1, 0, '2013-07-21'),
(25, 95, 'Blue Skies', 1, 1, 0, '2013-07-20'),
(25, 110, 'Barebottom', 1, 1, 0, '2013-07-21'),
(25, 116, 'Barebottom', 1, 0, 1, '2013-07-19'),
(25, 117, 'Barebottom', 1, 1, 0, '2013-07-19'),
(25, 119, 'Barebottom', 1, 1, 0, '2013-07-21'),
(25, 128, 'Barebottom', 0, 0, 1, '2013-07-20'),
(25, 194, 'Dixie Magic', 1, 0, 1, '2013-07-20'),
(25, 221, 'Fabio', 0, 0, 1, '2013-07-19'),
(26, 19, 'Argo', 1, 0, 1, '2013-07-21'),
(26, 20, 'Argo', 1, 1, 0, '2013-07-20'),
(26, 21, 'Argo', 1, 1, 0, '2013-07-19'),
(26, 107, 'ALTERNATION', 0, 0, 1, '2013-07-21'),
(26, 108, 'ALTERNATION', 1, 1, 0, '2013-07-20'),
(26, 109, 'ALTERNATION', 1, 1, 0, '2013-07-19'),
(26, 113, 'Ala Maris', 1, 0, 1, '2013-07-21'),
(26, 115, 'Ala Maris', 0, 0, 1, '2013-07-20'),
(26, 199, 'APHRODITE', 1, 1, 0, '2013-07-19'),
(26, 200, 'APHRODITE', 1, 1, 0, '2013-07-21'),
(26, 201, 'APHRODITE', 1, 0, 1, '2013-07-20'),
(27, 87, 'Blue Skies', 0, 0, 1, '2013-07-19'),
(27, 88, 'Blue Skies', 1, 1, 0, '2013-07-21'),
(27, 89, 'Blue Skies', 1, 1, 0, '2013-07-20'),
(27, 90, 'Blue Skies', 1, 1, 0, '2013-07-19'),
(27, 119, 'Barebottom', 0, 1, 0, '2013-07-21'),
(27, 133, 'Barebottom', 1, 0, 1, '2013-07-20'),
(27, 135, 'Barebottom', 1, 1, 0, '2013-07-19'),
(27, 154, 'Raven', 1, 1, 0, '2013-07-21'),
(27, 162, 'Exarch', 0, 1, 0, '2013-07-20'),
(27, 163, 'Exarch', 1, 0, 1, '2013-07-19'),
(27, 168, 'Exarch', 1, 1, 0, '2013-07-21'),
(28, 2, 'Covenant', 1, 1, 0, '2013-07-20'),
(28, 5, 'Covenant', 0, 0, 1, '2013-07-19'),
(28, 6, 'Covenant', 1, 1, 0, '2013-07-21'),
(28, 36, 'Sea Hawk', 1, 1, 0, '2013-07-20'),
(28, 71, 'Conqueror', 1, 1, 0, '2013-07-19'),
(28, 76, 'Conqueror', 0, 1, 0, '2013-07-21'),
(28, 95, 'Blue Skies', 1, 1, 0, '2013-07-20'),
(28, 99, 'Blue Skies', 1, 0, 1, '2013-07-19'),
(28, 158, 'Raven', 1, 0, 1, '2013-07-21'),
(28, 165, 'Exarch', 0, 1, 0, '2013-07-20'),
(28, 166, 'Exarch', 1, 1, 0, '2013-07-19'),
(29, 151, 'Raven', 1, 1, 0, '2013-07-21'),
(29, 152, 'Raven', 1, 1, 0, '2013-07-20'),
(29, 153, 'Raven', 0, 1, 0, '2013-07-19'),
(29, 213, 'Fabio', 1, 1, 0, '2013-07-21'),
(29, 214, 'Fabio', 1, 0, 1, '2013-07-20'),
(29, 215, 'Fabio', 1, 0, 1, '2013-07-19'),
(29, 216, 'Fabio', 0, 1, 0, '2013-07-21'),
(29, 217, 'Fabio', 1, 1, 0, '2013-07-20'),
(29, 243, 'Empire Maiden', 1, 0, 1, '2013-07-19'),
(29, 244, 'Empire Maiden', 1, 1, 0, '2013-07-21'),
(29, 245, 'Empire Maiden', 0, 0, 1, '2013-07-20'),
(30, 11, 'Covenant', 1, 1, 0, '2013-07-19'),
(30, 12, 'Covenant', 1, 0, 1, '2013-07-21'),
(30, 13, 'Covenant', 1, 1, 0, '2013-07-20'),
(30, 14, 'Covenant', 0, 0, 1, '2013-07-19'),
(30, 38, 'Sea Hawk', 1, 1, 0, '2013-07-21'),
(30, 39, 'Sea Hawk', 1, 1, 0, '2013-07-20'),
(30, 40, 'Sea Hawk', 1, 1, 0, '2013-07-19'),
(30, 58, 'Conqueror', 0, 0, 1, '2013-07-21'),
(30, 59, 'Conqueror', 1, 1, 0, '2013-07-20'),
(30, 60, 'Conqueror', 1, 1, 0, '2013-07-19'),
(30, 61, 'Conqueror', 1, 1, 0, '2013-07-21'),
(31, 113, 'Ala Maris', 0, 0, 1, '2013-07-20'),
(31, 115, 'Ala Maris', 1, 0, 1, '2013-07-21'),
(31, 116, 'Ala Maris', 1, 0, 1, '2013-07-20'),
(31, 142, 'Hope Two', 0, 0, 1, '2013-07-19'),
(31, 143, 'Hope Two', 1, 0, 1, '2013-07-21'),
(31, 144, 'Hope Two', 1, 0, 1, '2013-07-20'),
(31, 171, 'Funky', 1, 1, 0, '2013-07-19'),
(31, 172, 'Funky', 0, 1, 0, '2013-07-21'),
(31, 173, 'Funky', 1, 1, 0, '2013-07-20'),
(31, 189, 'APHRODITE', 1, 1, 0, '2013-07-19'),
(32, 42, 'Sea Hawk', 1, 1, 0, '2013-07-21'),
(32, 43, 'Sea Hawk', 0, 0, 1, '2013-07-20'),
(32, 44, 'Sea Hawk', 1, 1, 0, '2013-07-19'),
(32, 64, 'Conqueror', 1, 0, 1, '2013-07-21'),
(32, 65, 'Conqueror', 1, 1, 0, '2013-07-20'),
(32, 66, 'Conqueror', 0, 1, 0, '2013-07-19'),
(32, 67, 'Conqueror', 1, 1, 0, '2013-07-21'),
(32, 149, 'Raven', 1, 1, 0, '2013-07-20'),
(32, 150, 'Raven', 1, 1, 0, '2013-07-19'),
(32, 151, 'Raven', 0, 1, 0, '2013-07-21'),
(32, 152, 'Raven', 1, 1, 0, '2013-07-20'),
(33, 75, 'Conqueror', 0, 0, 1, '2013-07-20'),
(33, 76, 'Conqueror', 1, 1, 0, '2013-07-19'),
(33, 78, 'Conqueror', 1, 0, 1, '2013-07-21'),
(33, 81, 'Conqueror', 1, 1, 0, '2013-07-19'),
(33, 228, 'Fabio', 1, 0, 1, '2013-07-21'),
(33, 229, 'Fabio', 1, 1, 0, '2013-07-20'),
(33, 230, 'Fabio', 0, 1, 0, '2013-07-19'),
(33, 246, 'Empire Maiden', 1, 1, 0, '2013-07-21'),
(33, 247, 'Empire Maiden', 1, 1, 0, '2013-07-20'),
(33, 248, 'Empire Maiden', 1, 1, 0, '2013-07-19'),
(33, 254, 'Empire Maiden', 0, 0, 1, '2013-07-21'),
(34, 162, 'Exarch', 1, 1, 0, '2013-07-19'),
(34, 163, 'Exarch', 1, 0, 1, '2013-07-21'),
(34, 168, 'Exarch', 0, 1, 0, '2013-07-20'),
(34, 172, 'Exarch', 1, 1, 0, '2013-07-20'),
(34, 186, 'Dixie Magic', 1, 0, 1, '2013-07-21'),
(34, 194, 'Dixie Magic', 1, 0, 1, '2013-07-19'),
(34, 215, 'Fabio', 1, 0, 1, '2013-07-20'),
(34, 219, 'Fabio', 0, 0, 1, '2013-07-19'),
(34, 220, 'Fabio', 1, 0, 1, '2013-07-21'),
(34, 245, 'Empire Maiden', 1, 0, 1, '2013-07-20'),
(34, 249, 'Empire Maiden', 1, 1, 0, '2013-07-19'),
(35, 8, 'Covenant', 0, 0, 1, '2013-07-21'),
(35, 9, 'Covenant', 1, 1, 0, '2013-07-20'),
(35, 10, 'Covenant', 1, 1, 0, '2013-07-19'),
(35, 11, 'Covenant', 1, 1, 0, '2013-07-21'),
(35, 12, 'Covenant', 0, 0, 1, '2013-07-20'),
(35, 42, 'Sea Hawk', 1, 1, 0, '2013-07-19'),
(35, 43, 'Sea Hawk', 1, 0, 1, '2013-07-21'),
(35, 44, 'Sea Hawk', 1, 1, 0, '2013-07-20'),
(35, 45, 'Sea Hawk', 0, 1, 0, '2013-07-19'),
(35, 70, 'Conqueror', 1, 1, 0, '2013-07-21'),
(35, 71, 'Conqueror', 1, 1, 0, '2013-07-20'),
(49, 34, 'Sea Hawk', 1, 1, 0, '2014-02-20'),
(49, 35, 'Sea Hawk', 0, 1, 0, '2014-02-22'),
(49, 94, 'Blue Skies', 1, 1, 0, '2014-02-21'),
(49, 95, 'Blue Skies', 1, 1, 0, '2014-02-20'),
(49, 110, 'Barebottom', 1, 1, 0, '2014-02-21'),
(49, 116, 'Barebottom', 1, 0, 1, '2014-02-22'),
(49, 117, 'Barebottom', 1, 1, 0, '2014-02-22'),
(49, 119, 'Barebottom', 0, 1, 0, '2014-02-21'),
(49, 128, 'Barebottom', 1, 0, 1, '2014-02-20'),
(49, 194, 'Dixie Magic', 0, 0, 1, '2014-02-20'),
(49, 221, 'Fabio', 1, 0, 1, '2014-02-22'),
(50, 19, 'Argo', 1, 0, 1, '2014-02-21'),
(50, 20, 'Argo', 1, 1, 0, '2014-02-20'),
(50, 21, 'Argo', 0, 1, 0, '2014-02-22'),
(50, 107, 'ALTERNATION', 1, 0, 1, '2014-02-21'),
(50, 108, 'ALTERNATION', 1, 1, 0, '2014-02-20'),
(50, 109, 'ALTERNATION', 1, 1, 0, '2014-02-22'),
(50, 113, 'Ala Maris', 0, 0, 1, '2014-02-21'),
(50, 115, 'Ala Maris', 1, 0, 1, '2014-02-20'),
(50, 199, 'APHRODITE', 1, 1, 0, '2014-02-22'),
(50, 200, 'APHRODITE', 1, 1, 0, '2014-02-21'),
(50, 201, 'APHRODITE', 0, 0, 1, '2014-02-20'),
(51, 87, 'Blue Skies', 1, 0, 1, '2014-02-22'),
(51, 88, 'Blue Skies', 1, 1, 0, '2014-02-21'),
(51, 89, 'Blue Skies', 1, 1, 0, '2014-02-20'),
(51, 90, 'Blue Skies', 0, 1, 0, '2014-02-22'),
(51, 119, 'Barebottom', 1, 1, 0, '2014-02-21'),
(51, 133, 'Barebottom', 1, 0, 1, '2014-02-20'),
(51, 135, 'Barebottom', 1, 1, 0, '2014-02-22'),
(51, 154, 'Raven', 0, 1, 0, '2014-02-21'),
(51, 162, 'Exarch', 1, 1, 0, '2014-02-20'),
(51, 163, 'Exarch', 1, 0, 1, '2014-02-22'),
(51, 168, 'Exarch', 1, 1, 0, '2014-02-21'),
(52, 2, 'Covenant', 0, 1, 0, '2014-02-20'),
(52, 5, 'Covenant', 1, 0, 1, '2014-02-22'),
(52, 6, 'Covenant', 1, 1, 0, '2014-02-21'),
(52, 36, 'Sea Hawk', 1, 1, 0, '2014-02-20'),
(52, 71, 'Conqueror', 0, 1, 0, '2014-02-22'),
(52, 76, 'Conqueror', 1, 1, 0, '2014-02-21'),
(52, 95, 'Blue Skies', 1, 1, 0, '2014-02-20'),
(52, 99, 'Blue Skies', 1, 0, 1, '2014-02-22'),
(52, 158, 'Raven', 0, 0, 1, '2014-02-21'),
(52, 165, 'Exarch', 1, 1, 0, '2014-02-20'),
(52, 166, 'Exarch', 1, 1, 0, '2014-02-22'),
(53, 151, 'Raven', 1, 1, 0, '2014-02-21'),
(53, 152, 'Raven', 0, 1, 0, '2014-02-20'),
(53, 153, 'Raven', 1, 1, 0, '2014-02-22'),
(53, 213, 'Fabio', 1, 1, 0, '2014-02-21'),
(53, 214, 'Fabio', 1, 0, 1, '2014-02-20'),
(53, 215, 'Fabio', 0, 0, 1, '2014-02-22'),
(53, 216, 'Fabio', 1, 1, 0, '2014-02-21'),
(53, 217, 'Fabio', 1, 1, 0, '2014-02-20'),
(53, 243, 'Empire Maiden', 1, 0, 1, '2014-02-22'),
(53, 244, 'Empire Maiden', 0, 1, 0, '2014-02-21'),
(53, 245, 'Empire Maiden', 1, 0, 1, '2014-02-20'),
(54, 11, 'Covenant', 1, 1, 0, '2014-02-22'),
(54, 12, 'Covenant', 1, 0, 1, '2014-02-21'),
(54, 13, 'Covenant', 0, 1, 0, '2014-02-20'),
(54, 14, 'Covenant', 1, 0, 1, '2014-02-22'),
(54, 38, 'Sea Hawk', 1, 1, 0, '2014-02-21'),
(54, 39, 'Sea Hawk', 1, 1, 0, '2014-02-20'),
(54, 40, 'Sea Hawk', 0, 1, 0, '2014-02-22'),
(54, 58, 'Conqueror', 1, 0, 1, '2014-02-21'),
(54, 59, 'Conqueror', 1, 1, 0, '2014-02-20'),
(54, 60, 'Conqueror', 1, 1, 0, '2014-02-22'),
(54, 61, 'Conqueror', 0, 1, 0, '2014-02-21'),
(55, 113, 'Ala Maris', 1, 0, 1, '2014-02-20'),
(55, 115, 'Ala Maris', 1, 0, 1, '2014-02-21'),
(55, 116, 'Ala Maris', 0, 0, 1, '2014-02-20'),
(55, 142, 'Hope Two', 1, 0, 1, '2014-02-22'),
(55, 143, 'Hope Two', 1, 0, 1, '2014-02-21'),
(55, 144, 'Hope Two', 1, 0, 1, '2014-02-20'),
(55, 171, 'Funky', 0, 1, 0, '2014-02-22'),
(55, 172, 'Funky', 1, 1, 0, '2014-02-21'),
(55, 173, 'Funky', 1, 1, 0, '2014-02-20'),
(55, 189, 'APHRODITE', 1, 1, 0, '2014-02-22'),
(56, 42, 'Sea Hawk', 0, 1, 0, '2014-02-21'),
(56, 43, 'Sea Hawk', 1, 0, 1, '2014-02-20'),
(56, 44, 'Sea Hawk', 1, 1, 0, '2014-02-22'),
(56, 64, 'Conqueror', 1, 0, 1, '2014-02-21'),
(56, 65, 'Conqueror', 0, 1, 0, '2014-02-20'),
(56, 66, 'Conqueror', 1, 1, 0, '2014-02-22'),
(56, 67, 'Conqueror', 1, 1, 0, '2014-02-21'),
(56, 149, 'Raven', 1, 1, 0, '2014-02-20'),
(56, 150, 'Raven', 0, 1, 0, '2014-02-22'),
(56, 151, 'Raven', 1, 1, 0, '2014-02-21'),
(56, 152, 'Raven', 1, 1, 0, '2014-02-20'),
(57, 75, 'Conqueror', 1, 0, 1, '2014-02-20'),
(57, 76, 'Conqueror', 1, 1, 0, '2014-02-22'),
(57, 78, 'Conqueror', 0, 0, 1, '2014-02-21'),
(57, 81, 'Conqueror', 1, 1, 0, '2014-02-22'),
(57, 228, 'Fabio', 1, 0, 1, '2014-02-21'),
(57, 229, 'Fabio', 0, 1, 0, '2014-02-20'),
(57, 230, 'Fabio', 1, 1, 0, '2014-02-22'),
(57, 246, 'Empire Maiden', 1, 1, 0, '2014-02-21'),
(57, 247, 'Empire Maiden', 1, 1, 0, '2014-02-20'),
(57, 248, 'Empire Maiden', 0, 1, 0, '2014-02-22'),
(57, 254, 'Empire Maiden', 1, 0, 1, '2014-02-21'),
(58, 162, 'Exarch', 1, 1, 0, '2014-02-22'),
(58, 163, 'Exarch', 0, 0, 1, '2014-02-21'),
(58, 168, 'Exarch', 1, 1, 0, '2014-02-20'),
(58, 172, 'Exarch', 1, 1, 0, '2014-02-20'),
(58, 186, 'Dixie Magic', 1, 0, 1, '2014-02-21'),
(58, 194, 'Dixie Magic', 1, 0, 1, '2014-02-22'),
(58, 215, 'Fabio', 0, 0, 1, '2014-02-20'),
(58, 219, 'Fabio', 1, 0, 1, '2014-02-22'),
(58, 220, 'Fabio', 1, 0, 1, '2014-02-21'),
(58, 245, 'Empire Maiden', 1, 0, 1, '2014-02-20'),
(58, 249, 'Empire Maiden', 0, 1, 0, '2014-02-22'),
(59, 8, 'Covenant', 1, 0, 1, '2014-02-21'),
(59, 9, 'Covenant', 1, 1, 0, '2014-02-20'),
(59, 10, 'Covenant', 1, 1, 0, '2014-02-22'),
(59, 11, 'Covenant', 0, 1, 0, '2014-02-21'),
(59, 12, 'Covenant', 1, 0, 1, '2014-02-20'),
(59, 42, 'Sea Hawk', 1, 1, 0, '2014-02-22'),
(59, 43, 'Sea Hawk', 1, 0, 1, '2014-02-21'),
(59, 44, 'Sea Hawk', 0, 1, 0, '2014-02-20'),
(59, 45, 'Sea Hawk', 1, 1, 0, '2014-02-22'),
(59, 70, 'Conqueror', 1, 1, 0, '2014-02-21'),
(59, 71, 'Conqueror', 1, 1, 0, '2014-02-20'),
(73, 34, 'Sea Hawk', 0, 1, 0, '2012-02-11'),
(73, 35, 'Sea Hawk', 1, 1, 0, '2012-02-10'),
(73, 94, 'Blue Skies', 1, 1, 0, '2012-02-09'),
(73, 95, 'Blue Skies', 1, 1, 0, '2012-02-11'),
(73, 110, 'Barebottom', 0, 1, 0, '2012-02-09'),
(73, 116, 'Barebottom', 1, 0, 1, '2012-02-10'),
(73, 117, 'Barebottom', 0, 1, 0, '2012-02-10'),
(73, 119, 'Barebottom', 1, 1, 0, '2012-02-09'),
(73, 128, 'Barebottom', 1, 0, 1, '2012-02-11'),
(73, 194, 'Dixie Magic', 1, 0, 1, '2012-02-11'),
(73, 221, 'Fabio', 1, 0, 1, '2012-02-10'),
(74, 19, 'Argo', 1, 0, 1, '2012-02-09'),
(74, 20, 'Argo', 0, 1, 0, '2012-02-11'),
(74, 21, 'Argo', 1, 1, 0, '2012-02-10'),
(74, 107, 'ALTERNATION', 1, 0, 1, '2012-02-09'),
(74, 108, 'ALTERNATION', 1, 1, 0, '2012-02-11'),
(74, 109, 'ALTERNATION', 0, 1, 0, '2012-02-10'),
(74, 113, 'Ala Maris', 1, 0, 1, '2012-02-09'),
(74, 115, 'Ala Maris', 1, 0, 1, '2012-02-11'),
(74, 199, 'APHRODITE', 1, 1, 0, '2012-02-10'),
(74, 200, 'APHRODITE', 0, 1, 0, '2012-02-09'),
(74, 201, 'APHRODITE', 1, 0, 1, '2012-02-11'),
(75, 87, 'Blue Skies', 1, 0, 1, '2012-02-10'),
(75, 88, 'Blue Skies', 1, 1, 0, '2012-02-09'),
(75, 89, 'Blue Skies', 0, 1, 0, '2012-02-11'),
(75, 90, 'Blue Skies', 1, 1, 0, '2012-02-10'),
(75, 119, 'Barebottom', 1, 1, 0, '2012-02-09'),
(75, 133, 'Barebottom', 1, 0, 1, '2012-02-11'),
(75, 135, 'Barebottom', 0, 1, 0, '2012-02-10'),
(75, 154, 'Raven', 1, 1, 0, '2012-02-09'),
(75, 162, 'Exarch', 1, 1, 0, '2012-02-11'),
(75, 163, 'Exarch', 1, 0, 1, '2012-02-10'),
(75, 168, 'Exarch', 0, 1, 0, '2012-02-09'),
(76, 2, 'Covenant', 1, 1, 0, '2012-02-11'),
(76, 5, 'Covenant', 1, 0, 1, '2012-02-10'),
(76, 6, 'Covenant', 1, 1, 0, '2012-02-09'),
(76, 36, 'Sea Hawk', 0, 1, 0, '2012-02-11'),
(76, 71, 'Conqueror', 1, 1, 0, '2012-02-10'),
(76, 76, 'Conqueror', 1, 1, 0, '2012-02-09'),
(76, 95, 'Blue Skies', 1, 1, 0, '2012-02-11'),
(76, 99, 'Blue Skies', 0, 0, 1, '2012-02-10'),
(76, 158, 'Raven', 1, 0, 1, '2012-02-09'),
(76, 165, 'Exarch', 1, 1, 0, '2012-02-11'),
(76, 166, 'Exarch', 1, 1, 0, '2012-02-10'),
(77, 151, 'Raven', 0, 1, 0, '2012-02-09'),
(77, 152, 'Raven', 1, 1, 0, '2012-02-11'),
(77, 153, 'Raven', 1, 1, 0, '2012-02-10'),
(77, 213, 'Fabio', 1, 1, 0, '2012-02-09'),
(77, 214, 'Fabio', 0, 0, 1, '2012-02-11'),
(77, 215, 'Fabio', 1, 0, 1, '2012-02-10'),
(77, 216, 'Fabio', 1, 1, 0, '2012-02-09'),
(77, 217, 'Fabio', 1, 1, 0, '2012-02-11'),
(77, 243, 'Empire Maiden', 0, 0, 1, '2012-02-10'),
(77, 244, 'Empire Maiden', 1, 1, 0, '2012-02-09'),
(77, 245, 'Empire Maiden', 1, 0, 1, '2012-02-11'),
(78, 11, 'Covenant', 1, 1, 0, '2012-02-10'),
(78, 12, 'Covenant', 0, 0, 1, '2012-02-09'),
(78, 13, 'Covenant', 1, 1, 0, '2012-02-11'),
(78, 14, 'Covenant', 1, 0, 1, '2012-02-10'),
(78, 38, 'Sea Hawk', 1, 1, 0, '2012-02-09'),
(78, 39, 'Sea Hawk', 0, 1, 0, '2012-02-11'),
(78, 40, 'Sea Hawk', 1, 1, 0, '2012-02-10'),
(78, 58, 'Conqueror', 1, 0, 1, '2012-02-09'),
(78, 59, 'Conqueror', 1, 1, 0, '2012-02-11'),
(78, 60, 'Conqueror', 0, 1, 0, '2012-02-10'),
(78, 61, 'Conqueror', 1, 1, 0, '2012-02-09'),
(79, 113, 'Ala Maris', 1, 0, 1, '2012-02-11'),
(79, 115, 'Ala Maris', 0, 0, 1, '2012-02-09'),
(79, 116, 'Ala Maris', 1, 0, 1, '2012-02-11'),
(79, 142, 'Hope Two', 1, 0, 1, '2012-02-10'),
(79, 143, 'Hope Two', 1, 0, 1, '2012-02-09'),
(79, 144, 'Hope Two', 0, 0, 1, '2012-02-11'),
(79, 171, 'Funky', 1, 1, 0, '2012-02-10'),
(79, 172, 'Funky', 1, 1, 0, '2012-02-09'),
(79, 173, 'Funky', 1, 1, 0, '2012-02-11'),
(79, 189, 'APHRODITE', 0, 1, 0, '2012-02-10'),
(80, 42, 'Sea Hawk', 1, 1, 0, '2012-02-09'),
(80, 43, 'Sea Hawk', 1, 0, 1, '2012-02-11'),
(80, 44, 'Sea Hawk', 1, 1, 0, '2012-02-10'),
(80, 64, 'Conqueror', 0, 0, 1, '2012-02-09'),
(80, 65, 'Conqueror', 1, 1, 0, '2012-02-11'),
(80, 66, 'Conqueror', 1, 1, 0, '2012-02-10'),
(80, 67, 'Conqueror', 1, 1, 0, '2012-02-09'),
(80, 149, 'Raven', 0, 1, 0, '2012-02-11'),
(80, 150, 'Raven', 1, 1, 0, '2012-02-10'),
(80, 151, 'Raven', 1, 1, 0, '2012-02-09'),
(80, 152, 'Raven', 1, 1, 0, '2012-02-11'),
(81, 75, 'Conqueror', 1, 0, 1, '2012-02-11'),
(81, 76, 'Conqueror', 1, 1, 0, '2012-02-10'),
(81, 78, 'Conqueror', 1, 0, 1, '2012-02-09'),
(81, 81, 'Conqueror', 0, 1, 0, '2012-02-10'),
(81, 228, 'Fabio', 0, 0, 1, '2012-02-09'),
(81, 229, 'Fabio', 1, 1, 0, '2012-02-11'),
(81, 230, 'Fabio', 1, 1, 0, '2012-02-10'),
(81, 246, 'Empire Maiden', 1, 1, 0, '2012-02-09'),
(81, 247, 'Empire Maiden', 0, 1, 0, '2012-02-11'),
(81, 248, 'Empire Maiden', 1, 1, 0, '2012-02-10'),
(81, 254, 'Empire Maiden', 1, 0, 1, '2012-02-09'),
(82, 162, 'Exarch', 0, 1, 0, '2012-02-10'),
(82, 163, 'Exarch', 1, 0, 1, '2012-02-09'),
(82, 168, 'Exarch', 1, 1, 0, '2012-02-11'),
(82, 172, 'Exarch', 1, 1, 0, '2012-02-11'),
(82, 186, 'Dixie Magic', 0, 0, 1, '2012-02-09'),
(82, 194, 'Dixie Magic', 1, 0, 1, '2012-02-10'),
(82, 215, 'Fabio', 1, 0, 1, '2012-02-11'),
(82, 219, 'Fabio', 1, 0, 1, '2012-02-10'),
(82, 220, 'Fabio', 1, 0, 1, '2012-02-09'),
(82, 245, 'Empire Maiden', 0, 0, 1, '2012-02-11'),
(82, 249, 'Empire Maiden', 1, 1, 0, '2012-02-10'),
(83, 8, 'Covenant', 1, 0, 1, '2012-02-09'),
(83, 9, 'Covenant', 1, 1, 0, '2012-02-11'),
(83, 10, 'Covenant', 0, 1, 0, '2012-02-10'),
(83, 11, 'Covenant', 1, 1, 0, '2012-02-09'),
(83, 12, 'Covenant', 1, 0, 1, '2012-02-11'),
(83, 42, 'Sea Hawk', 1, 1, 0, '2012-02-10'),
(83, 43, 'Sea Hawk', 0, 0, 1, '2012-02-09'),
(83, 44, 'Sea Hawk', 1, 1, 0, '2012-02-11'),
(83, 45, 'Sea Hawk', 1, 1, 0, '2012-02-10'),
(83, 70, 'Conqueror', 1, 1, 0, '2012-02-09'),
(83, 71, 'Conqueror', 0, 1, 0, '2012-02-11'),
(97, 34, 'Sea Hawk', 1, 1, 0, '2013-03-16'),
(97, 35, 'Sea Hawk', 1, 1, 0, '2013-03-15'),
(97, 94, 'Blue Skies', 1, 1, 0, '2013-03-17'),
(97, 95, 'Blue Skies', 0, 1, 0, '2013-03-16'),
(97, 110, 'Barebottom', 1, 1, 0, '2013-03-17'),
(97, 116, 'Barebottom', 0, 0, 1, '2013-03-15'),
(97, 117, 'Barebottom', 1, 1, 0, '2013-03-15'),
(97, 119, 'Barebottom', 1, 1, 0, '2013-03-17'),
(97, 128, 'Barebottom', 1, 0, 1, '2013-03-16'),
(97, 194, 'Dixie Magic', 1, 0, 1, '2013-03-16'),
(97, 221, 'Fabio', 1, 0, 1, '2013-03-15'),
(98, 19, 'Argo', 0, 0, 1, '2013-03-17'),
(98, 20, 'Argo', 1, 1, 0, '2013-03-16'),
(98, 21, 'Argo', 1, 1, 0, '2013-03-15'),
(98, 107, 'ALTERNATION', 1, 0, 1, '2013-03-17'),
(98, 108, 'ALTERNATION', 0, 1, 0, '2013-03-16'),
(98, 109, 'ALTERNATION', 1, 1, 0, '2013-03-15'),
(98, 113, 'Ala Maris', 1, 0, 1, '2013-03-17'),
(98, 115, 'Ala Maris', 1, 0, 1, '2013-03-16'),
(98, 199, 'APHRODITE', 0, 1, 0, '2013-03-15'),
(98, 200, 'APHRODITE', 1, 1, 0, '2013-03-17'),
(98, 201, 'APHRODITE', 1, 0, 1, '2013-03-16'),
(99, 87, 'Blue Skies', 1, 0, 1, '2013-03-15'),
(99, 88, 'Blue Skies', 0, 1, 0, '2013-03-17'),
(99, 89, 'Blue Skies', 1, 1, 0, '2013-03-16'),
(99, 90, 'Blue Skies', 1, 1, 0, '2013-03-15'),
(99, 119, 'Barebottom', 1, 1, 0, '2013-03-17'),
(99, 133, 'Barebottom', 0, 0, 1, '2013-03-16'),
(99, 135, 'Barebottom', 1, 1, 0, '2013-03-15'),
(99, 154, 'Raven', 1, 1, 0, '2013-03-17'),
(99, 162, 'Exarch', 1, 1, 0, '2013-03-16'),
(99, 163, 'Exarch', 0, 0, 1, '2013-03-15'),
(99, 168, 'Exarch', 1, 1, 0, '2013-03-17'),
(100, 2, 'Covenant', 1, 1, 0, '2013-03-16'),
(100, 5, 'Covenant', 1, 0, 1, '2013-03-15'),
(100, 6, 'Covenant', 0, 1, 0, '2013-03-17'),
(100, 36, 'Sea Hawk', 1, 1, 0, '2013-03-16'),
(100, 71, 'Conqueror', 1, 1, 0, '2013-03-15'),
(100, 76, 'Conqueror', 1, 1, 0, '2013-03-17'),
(100, 95, 'Blue Skies', 0, 1, 0, '2013-03-16'),
(100, 99, 'Blue Skies', 1, 0, 1, '2013-03-15'),
(100, 158, 'Raven', 1, 0, 1, '2013-03-17'),
(100, 165, 'Exarch', 1, 1, 0, '2013-03-16'),
(100, 166, 'Exarch', 0, 1, 0, '2013-03-15'),
(101, 151, 'Raven', 1, 1, 0, '2013-03-17'),
(101, 152, 'Raven', 1, 1, 0, '2013-03-16'),
(101, 153, 'Raven', 1, 1, 0, '2013-03-15'),
(101, 213, 'Fabio', 0, 1, 0, '2013-03-17'),
(101, 214, 'Fabio', 1, 0, 1, '2013-03-16'),
(101, 215, 'Fabio', 1, 0, 1, '2013-03-15'),
(101, 216, 'Fabio', 1, 1, 0, '2013-03-17'),
(101, 217, 'Fabio', 0, 1, 0, '2013-03-16'),
(101, 243, 'Empire Maiden', 1, 0, 1, '2013-03-15'),
(101, 244, 'Empire Maiden', 1, 1, 0, '2013-03-17'),
(101, 245, 'Empire Maiden', 1, 0, 1, '2013-03-16'),
(102, 11, 'Covenant', 0, 1, 0, '2013-03-15'),
(102, 12, 'Covenant', 1, 0, 1, '2013-03-17'),
(102, 13, 'Covenant', 1, 1, 0, '2013-03-16'),
(102, 14, 'Covenant', 1, 0, 1, '2013-03-15'),
(102, 38, 'Sea Hawk', 0, 1, 0, '2013-03-17'),
(102, 39, 'Sea Hawk', 1, 1, 0, '2013-03-16'),
(102, 40, 'Sea Hawk', 1, 1, 0, '2013-03-15'),
(102, 58, 'Conqueror', 1, 0, 1, '2013-03-17'),
(102, 59, 'Conqueror', 0, 1, 0, '2013-03-16'),
(102, 60, 'Conqueror', 1, 1, 0, '2013-03-15'),
(102, 61, 'Conqueror', 1, 1, 0, '2013-03-17'),
(103, 113, 'Ala Maris', 1, 0, 1, '2013-03-16'),
(103, 115, 'Ala Maris', 1, 0, 1, '2013-03-17'),
(103, 116, 'Ala Maris', 1, 0, 1, '2013-03-16'),
(103, 142, 'Hope Two', 1, 0, 1, '2013-03-15'),
(103, 143, 'Hope Two', 0, 0, 1, '2013-03-17'),
(103, 144, 'Hope Two', 1, 0, 1, '2013-03-16'),
(103, 171, 'Funky', 1, 1, 0, '2013-03-15'),
(103, 172, 'Funky', 1, 1, 0, '2013-03-17'),
(103, 173, 'Funky', 0, 1, 0, '2013-03-16'),
(103, 189, 'APHRODITE', 1, 1, 0, '2013-03-15'),
(104, 42, 'Sea Hawk', 1, 1, 0, '2013-03-17'),
(104, 43, 'Sea Hawk', 1, 0, 1, '2013-03-16'),
(104, 44, 'Sea Hawk', 0, 1, 0, '2013-03-15'),
(104, 64, 'Conqueror', 1, 0, 1, '2013-03-17'),
(104, 65, 'Conqueror', 1, 1, 0, '2013-03-16'),
(104, 66, 'Conqueror', 1, 1, 0, '2013-03-15'),
(104, 67, 'Conqueror', 0, 1, 0, '2013-03-17'),
(104, 149, 'Raven', 1, 1, 0, '2013-03-16'),
(104, 150, 'Raven', 1, 1, 0, '2013-03-15'),
(104, 151, 'Raven', 1, 1, 0, '2013-03-17'),
(104, 152, 'Raven', 0, 1, 0, '2013-03-16'),
(105, 75, 'Conqueror', 1, 0, 1, '2013-03-16'),
(105, 76, 'Conqueror', 0, 1, 0, '2013-03-15'),
(105, 78, 'Conqueror', 1, 0, 1, '2013-03-17'),
(105, 81, 'Conqueror', 1, 1, 0, '2013-03-15'),
(105, 228, 'Fabio', 1, 0, 1, '2013-03-17'),
(105, 229, 'Fabio', 1, 1, 0, '2013-03-16'),
(105, 230, 'Fabio', 1, 1, 0, '2013-03-15'),
(105, 246, 'Empire Maiden', 0, 1, 0, '2013-03-17'),
(105, 247, 'Empire Maiden', 1, 1, 0, '2013-03-16'),
(105, 248, 'Empire Maiden', 1, 1, 0, '2013-03-15'),
(105, 254, 'Empire Maiden', 1, 0, 1, '2013-03-17'),
(106, 162, 'Exarch', 1, 1, 0, '2013-03-15'),
(106, 163, 'Exarch', 1, 0, 1, '2013-03-17'),
(106, 168, 'Exarch', 1, 1, 0, '2013-03-16'),
(106, 172, 'Exarch', 0, 1, 0, '2013-03-16'),
(106, 186, 'Dixie Magic', 1, 0, 1, '2013-03-17'),
(106, 194, 'Dixie Magic', 0, 0, 1, '2013-03-15'),
(106, 215, 'Fabio', 1, 0, 1, '2013-03-16'),
(106, 219, 'Fabio', 1, 0, 1, '2013-03-15'),
(106, 220, 'Fabio', 0, 0, 1, '2013-03-17'),
(106, 245, 'Empire Maiden', 1, 0, 1, '2013-03-16'),
(106, 249, 'Empire Maiden', 1, 1, 0, '2013-03-15'),
(107, 8, 'Covenant', 1, 0, 1, '2013-03-17'),
(107, 9, 'Covenant', 0, 1, 0, '2013-03-16'),
(107, 10, 'Covenant', 1, 1, 0, '2013-03-15'),
(107, 11, 'Covenant', 1, 1, 0, '2013-03-17'),
(107, 12, 'Covenant', 1, 0, 1, '2013-03-16'),
(107, 42, 'Sea Hawk', 0, 1, 0, '2013-03-15'),
(107, 43, 'Sea Hawk', 1, 0, 1, '2013-03-17'),
(107, 44, 'Sea Hawk', 1, 1, 0, '2013-03-16'),
(107, 45, 'Sea Hawk', 1, 1, 0, '2013-03-15'),
(107, 70, 'Conqueror', 0, 1, 0, '2013-03-17'),
(107, 71, 'Conqueror', 1, 1, 0, '2013-03-16'),
(121, 34, 'Sea Hawk', 1, 1, 0, '2014-01-02'),
(121, 35, 'Sea Hawk', 1, 1, 0, '2014-01-04'),
(121, 94, 'Blue Skies', 0, 1, 0, '2014-01-03'),
(121, 95, 'Blue Skies', 1, 1, 0, '2014-01-02'),
(121, 110, 'Barebottom', 1, 1, 0, '2014-01-03'),
(121, 116, 'Barebottom', 1, 0, 1, '2014-01-04'),
(121, 117, 'Barebottom', 1, 1, 0, '2014-01-04'),
(121, 119, 'Barebottom', 1, 1, 0, '2014-01-03'),
(121, 128, 'Barebottom', 0, 0, 1, '2014-01-02'),
(121, 194, 'Dixie Magic', 1, 0, 1, '2014-01-02'),
(121, 221, 'Fabio', 0, 0, 1, '2014-01-04'),
(122, 19, 'Argo', 1, 0, 1, '2014-01-03'),
(122, 20, 'Argo', 1, 1, 0, '2014-01-02'),
(122, 21, 'Argo', 1, 1, 0, '2014-01-04'),
(122, 107, 'ALTERNATION', 0, 0, 1, '2014-01-03'),
(122, 108, 'ALTERNATION', 1, 1, 0, '2014-01-02'),
(122, 109, 'ALTERNATION', 1, 1, 0, '2014-01-04'),
(122, 113, 'Ala Maris', 1, 0, 1, '2014-01-03'),
(122, 115, 'Ala Maris', 0, 0, 1, '2014-01-02'),
(122, 199, 'APHRODITE', 1, 1, 0, '2014-01-04'),
(122, 200, 'APHRODITE', 1, 1, 0, '2014-01-03'),
(122, 201, 'APHRODITE', 1, 0, 1, '2014-01-02'),
(123, 87, 'Blue Skies', 0, 0, 1, '2014-01-04'),
(123, 88, 'Blue Skies', 1, 1, 0, '2014-01-03'),
(123, 89, 'Blue Skies', 1, 1, 0, '2014-01-02'),
(123, 90, 'Blue Skies', 1, 1, 0, '2014-01-04'),
(123, 119, 'Barebottom', 0, 1, 0, '2014-01-03'),
(123, 133, 'Barebottom', 1, 0, 1, '2014-01-02'),
(123, 135, 'Barebottom', 1, 1, 0, '2014-01-04'),
(123, 154, 'Raven', 1, 1, 0, '2014-01-03'),
(123, 162, 'Exarch', 0, 1, 0, '2014-01-02'),
(123, 163, 'Exarch', 1, 0, 1, '2014-01-04'),
(123, 168, 'Exarch', 1, 1, 0, '2014-01-03'),
(124, 2, 'Covenant', 1, 1, 0, '2014-01-02'),
(124, 5, 'Covenant', 0, 0, 1, '2014-01-04'),
(124, 6, 'Covenant', 1, 1, 0, '2014-01-03'),
(124, 36, 'Sea Hawk', 1, 1, 0, '2014-01-02'),
(124, 71, 'Conqueror', 1, 1, 0, '2014-01-04'),
(124, 76, 'Conqueror', 0, 1, 0, '2014-01-03'),
(124, 95, 'Blue Skies', 1, 1, 0, '2014-01-02'),
(124, 99, 'Blue Skies', 1, 0, 1, '2014-01-04'),
(124, 158, 'Raven', 1, 0, 1, '2014-01-03'),
(124, 165, 'Exarch', 0, 1, 0, '2014-01-02'),
(124, 166, 'Exarch', 1, 1, 0, '2014-01-04'),
(125, 151, 'Raven', 1, 1, 0, '2014-01-03'),
(125, 152, 'Raven', 1, 1, 0, '2014-01-02'),
(125, 153, 'Raven', 0, 1, 0, '2014-01-04'),
(125, 213, 'Fabio', 1, 1, 0, '2014-01-03'),
(125, 214, 'Fabio', 1, 0, 1, '2014-01-02'),
(125, 215, 'Fabio', 1, 0, 1, '2014-01-04'),
(125, 216, 'Fabio', 0, 1, 0, '2014-01-03'),
(125, 217, 'Fabio', 1, 1, 0, '2014-01-02'),
(125, 243, 'Empire Maiden', 1, 0, 1, '2014-01-04'),
(125, 244, 'Empire Maiden', 1, 1, 0, '2014-01-03'),
(125, 245, 'Empire Maiden', 0, 0, 1, '2014-01-02'),
(126, 11, 'Covenant', 1, 1, 0, '2014-01-04'),
(126, 12, 'Covenant', 1, 0, 1, '2014-01-03'),
(126, 13, 'Covenant', 1, 1, 0, '2014-01-02'),
(126, 14, 'Covenant', 0, 0, 1, '2014-01-04'),
(126, 38, 'Sea Hawk', 1, 1, 0, '2014-01-03'),
(126, 39, 'Sea Hawk', 1, 1, 0, '2014-01-02'),
(126, 40, 'Sea Hawk', 1, 1, 0, '2014-01-04'),
(126, 58, 'Conqueror', 0, 0, 1, '2014-01-03'),
(126, 59, 'Conqueror', 1, 1, 0, '2014-01-02'),
(126, 60, 'Conqueror', 1, 1, 0, '2014-01-04'),
(126, 61, 'Conqueror', 1, 1, 0, '2014-01-03'),
(127, 113, 'Ala Maris', 0, 0, 1, '2014-01-02'),
(127, 115, 'Ala Maris', 1, 0, 1, '2014-01-03'),
(127, 116, 'Ala Maris', 1, 0, 1, '2014-01-02'),
(127, 142, 'Hope Two', 0, 0, 1, '2014-01-04'),
(127, 143, 'Hope Two', 1, 0, 1, '2014-01-03'),
(127, 144, 'Hope Two', 1, 0, 1, '2014-01-02'),
(127, 171, 'Funky', 1, 1, 0, '2014-01-04'),
(127, 172, 'Funky', 0, 1, 0, '2014-01-03'),
(127, 173, 'Funky', 1, 1, 0, '2014-01-02'),
(127, 189, 'APHRODITE', 1, 1, 0, '2014-01-04'),
(128, 42, 'Sea Hawk', 1, 1, 0, '2014-01-03'),
(128, 43, 'Sea Hawk', 0, 0, 1, '2014-01-02'),
(128, 44, 'Sea Hawk', 1, 1, 0, '2014-01-04'),
(128, 64, 'Conqueror', 1, 0, 1, '2014-01-03'),
(128, 65, 'Conqueror', 1, 1, 0, '2014-01-02'),
(128, 66, 'Conqueror', 0, 1, 0, '2014-01-04'),
(128, 67, 'Conqueror', 1, 1, 0, '2014-01-03'),
(128, 149, 'Raven', 1, 1, 0, '2014-01-02'),
(128, 150, 'Raven', 1, 1, 0, '2014-01-04'),
(128, 151, 'Raven', 0, 1, 0, '2014-01-03'),
(128, 152, 'Raven', 1, 1, 0, '2014-01-02'),
(129, 75, 'Conqueror', 0, 0, 1, '2014-01-02'),
(129, 76, 'Conqueror', 1, 1, 0, '2014-01-04'),
(129, 78, 'Conqueror', 1, 0, 1, '2014-01-03'),
(129, 81, 'Conqueror', 1, 1, 0, '2014-01-04'),
(129, 228, 'Fabio', 1, 0, 1, '2014-01-03'),
(129, 229, 'Fabio', 1, 1, 0, '2014-01-02'),
(129, 230, 'Fabio', 0, 1, 0, '2014-01-04'),
(129, 246, 'Empire Maiden', 1, 1, 0, '2014-01-03'),
(129, 247, 'Empire Maiden', 1, 1, 0, '2014-01-02'),
(129, 248, 'Empire Maiden', 1, 1, 0, '2014-01-04'),
(129, 254, 'Empire Maiden', 0, 0, 1, '2014-01-03'),
(130, 162, 'Exarch', 1, 1, 0, '2014-01-04'),
(130, 163, 'Exarch', 1, 0, 1, '2014-01-03'),
(130, 168, 'Exarch', 0, 1, 0, '2014-01-02'),
(130, 172, 'Exarch', 1, 1, 0, '2014-01-02'),
(130, 186, 'Dixie Magic', 1, 0, 1, '2014-01-03'),
(130, 194, 'Dixie Magic', 1, 0, 1, '2014-01-04'),
(130, 215, 'Fabio', 1, 0, 1, '2014-01-02'),
(130, 219, 'Fabio', 0, 0, 1, '2014-01-04'),
(130, 220, 'Fabio', 1, 0, 1, '2014-01-03'),
(130, 245, 'Empire Maiden', 1, 0, 1, '2014-01-02'),
(130, 249, 'Empire Maiden', 1, 1, 0, '2014-01-04'),
(131, 8, 'Covenant', 0, 0, 1, '2014-01-03'),
(131, 9, 'Covenant', 1, 1, 0, '2014-01-02'),
(131, 10, 'Covenant', 1, 1, 0, '2014-01-04'),
(131, 11, 'Covenant', 1, 1, 0, '2014-01-03'),
(131, 12, 'Covenant', 0, 0, 1, '2014-01-02'),
(131, 42, 'Sea Hawk', 1, 1, 0, '2014-01-04'),
(131, 43, 'Sea Hawk', 1, 0, 1, '2014-01-03'),
(131, 44, 'Sea Hawk', 1, 1, 0, '2014-01-02'),
(131, 45, 'Sea Hawk', 0, 1, 0, '2014-01-04'),
(131, 70, 'Conqueror', 1, 1, 0, '2014-01-03'),
(131, 71, 'Conqueror', 1, 1, 0, '2014-01-02'),
(145, 34, 'Sea Hawk', 1, 1, 0, '2012-02-05'),
(145, 35, 'Sea Hawk', 0, 1, 0, '2012-02-04'),
(145, 94, 'Blue Skies', 1, 1, 0, '2012-02-03'),
(145, 95, 'Blue Skies', 1, 1, 0, '2012-02-05'),
(145, 110, 'Barebottom', 1, 1, 0, '2012-02-03'),
(145, 116, 'Barebottom', 1, 0, 1, '2012-02-04'),
(145, 117, 'Barebottom', 1, 1, 0, '2012-02-04'),
(145, 119, 'Barebottom', 0, 1, 0, '2012-02-03'),
(145, 128, 'Barebottom', 1, 0, 1, '2012-02-05'),
(145, 194, 'Dixie Magic', 0, 0, 1, '2012-02-05'),
(145, 221, 'Fabio', 1, 0, 1, '2012-02-04'),
(146, 19, 'Argo', 1, 0, 1, '2012-02-03'),
(146, 20, 'Argo', 1, 1, 0, '2012-02-05'),
(146, 21, 'Argo', 0, 1, 0, '2012-02-04'),
(146, 107, 'ALTERNATION', 1, 0, 1, '2012-02-03'),
(146, 108, 'ALTERNATION', 1, 1, 0, '2012-02-05'),
(146, 109, 'ALTERNATION', 1, 1, 0, '2012-02-04'),
(146, 113, 'Ala Maris', 0, 0, 1, '2012-02-03'),
(146, 115, 'Ala Maris', 1, 0, 1, '2012-02-05'),
(146, 199, 'APHRODITE', 1, 1, 0, '2012-02-04'),
(146, 200, 'APHRODITE', 1, 1, 0, '2012-02-03'),
(146, 201, 'APHRODITE', 0, 0, 1, '2012-02-05'),
(147, 87, 'Blue Skies', 1, 0, 1, '2012-02-04'),
(147, 88, 'Blue Skies', 1, 1, 0, '2012-02-03'),
(147, 89, 'Blue Skies', 1, 1, 0, '2012-02-05'),
(147, 90, 'Blue Skies', 0, 1, 0, '2012-02-04'),
(147, 119, 'Barebottom', 1, 1, 0, '2012-02-03'),
(147, 133, 'Barebottom', 1, 0, 1, '2012-02-05'),
(147, 135, 'Barebottom', 1, 1, 0, '2012-02-04'),
(147, 154, 'Raven', 0, 1, 0, '2012-02-03'),
(147, 162, 'Exarch', 1, 1, 0, '2012-02-05'),
(147, 163, 'Exarch', 1, 0, 1, '2012-02-04'),
(147, 168, 'Exarch', 1, 1, 0, '2012-02-03'),
(148, 2, 'Covenant', 0, 1, 0, '2012-02-05'),
(148, 5, 'Covenant', 1, 0, 1, '2012-02-04'),
(148, 6, 'Covenant', 1, 1, 0, '2012-02-03'),
(148, 36, 'Sea Hawk', 1, 1, 0, '2012-02-05'),
(148, 71, 'Conqueror', 0, 1, 0, '2012-02-04'),
(148, 76, 'Conqueror', 1, 1, 0, '2012-02-03'),
(148, 95, 'Blue Skies', 1, 1, 0, '2012-02-05'),
(148, 99, 'Blue Skies', 1, 0, 1, '2012-02-04'),
(148, 158, 'Raven', 0, 0, 1, '2012-02-03'),
(148, 165, 'Exarch', 1, 1, 0, '2012-02-05'),
(148, 166, 'Exarch', 1, 1, 0, '2012-02-04'),
(149, 151, 'Raven', 1, 1, 0, '2012-02-03'),
(149, 152, 'Raven', 0, 1, 0, '2012-02-05'),
(149, 153, 'Raven', 1, 1, 0, '2012-02-04'),
(149, 213, 'Fabio', 1, 1, 0, '2012-02-03'),
(149, 214, 'Fabio', 1, 0, 1, '2012-02-05'),
(149, 215, 'Fabio', 0, 0, 1, '2012-02-04'),
(149, 216, 'Fabio', 1, 1, 0, '2012-02-03'),
(149, 217, 'Fabio', 1, 1, 0, '2012-02-05'),
(149, 243, 'Empire Maiden', 1, 0, 1, '2012-02-04'),
(149, 244, 'Empire Maiden', 0, 1, 0, '2012-02-03'),
(149, 245, 'Empire Maiden', 1, 0, 1, '2012-02-05'),
(150, 11, 'Covenant', 1, 1, 0, '2012-02-04'),
(150, 12, 'Covenant', 1, 0, 1, '2012-02-03'),
(150, 13, 'Covenant', 0, 1, 0, '2012-02-05'),
(150, 14, 'Covenant', 1, 0, 1, '2012-02-04'),
(150, 38, 'Sea Hawk', 1, 1, 0, '2012-02-03'),
(150, 39, 'Sea Hawk', 1, 1, 0, '2012-02-05'),
(150, 40, 'Sea Hawk', 0, 1, 0, '2012-02-04'),
(150, 58, 'Conqueror', 1, 0, 1, '2012-02-03'),
(150, 59, 'Conqueror', 1, 1, 0, '2012-02-05'),
(150, 60, 'Conqueror', 1, 1, 0, '2012-02-04'),
(150, 61, 'Conqueror', 0, 1, 0, '2012-02-03'),
(151, 113, 'Ala Maris', 1, 0, 1, '2012-02-04'),
(151, 115, 'Ala Maris', 1, 0, 1, '2012-02-03'),
(151, 116, 'Ala Maris', 0, 0, 1, '2012-02-05'),
(151, 142, 'Hope Two', 1, 0, 1, '2012-02-04'),
(151, 143, 'Hope Two', 1, 0, 1, '2012-02-03'),
(151, 171, 'Funky', 0, 1, 0, '2012-02-04'),
(151, 172, 'Funky', 1, 1, 0, '2012-02-03'),
(151, 173, 'Funky', 1, 1, 0, '2012-02-05'),
(151, 189, 'APHRODITE', 1, 1, 0, '2012-02-04'),
(152, 42, 'Sea Hawk', 0, 1, 0, '2012-02-03'),
(152, 43, 'Sea Hawk', 1, 0, 1, '2012-02-05'),
(152, 44, 'Sea Hawk', 1, 1, 0, '2012-02-04'),
(152, 64, 'Conqueror', 1, 0, 1, '2012-02-03'),
(152, 65, 'Conqueror', 0, 1, 0, '2012-02-05'),
(152, 66, 'Conqueror', 1, 1, 0, '2012-02-04'),
(152, 67, 'Conqueror', 1, 1, 0, '2012-02-03'),
(152, 149, 'Raven', 1, 1, 0, '2012-02-05'),
(152, 150, 'Raven', 0, 1, 0, '2012-02-04'),
(152, 151, 'Raven', 1, 1, 0, '2012-02-03'),
(152, 152, 'Raven', 1, 1, 0, '2012-02-05'),
(153, 75, 'Conqueror', 1, 0, 1, '2012-02-05'),
(153, 76, 'Conqueror', 1, 1, 0, '2012-02-04'),
(153, 78, 'Conqueror', 0, 0, 1, '2012-02-03'),
(153, 81, 'Conqueror', 1, 1, 0, '2012-02-04'),
(153, 228, 'Fabio', 1, 0, 1, '2012-02-03'),
(153, 229, 'Fabio', 0, 1, 0, '2012-02-05'),
(153, 230, 'Fabio', 1, 1, 0, '2012-02-04'),
(153, 246, 'Empire Maiden', 1, 1, 0, '2012-02-03'),
(153, 247, 'Empire Maiden', 1, 1, 0, '2012-02-05'),
(153, 248, 'Empire Maiden', 0, 1, 0, '2012-02-04'),
(153, 254, 'Empire Maiden', 1, 0, 1, '2012-02-03'),
(154, 162, 'Exarch', 1, 1, 0, '2012-02-04'),
(154, 163, 'Exarch', 0, 0, 1, '2012-02-03'),
(154, 168, 'Exarch', 1, 1, 0, '2012-02-05'),
(154, 172, 'Exarch', 1, 1, 0, '2012-02-05'),
(154, 186, 'Dixie Magic', 1, 0, 1, '2012-02-03'),
(154, 194, 'Dixie Magic', 1, 0, 1, '2012-02-04'),
(154, 215, 'Fabio', 0, 0, 1, '2012-02-05'),
(154, 219, 'Fabio', 1, 0, 1, '2012-02-04'),
(154, 220, 'Fabio', 1, 0, 1, '2012-02-03'),
(154, 245, 'Empire Maiden', 1, 0, 1, '2012-02-05'),
(154, 249, 'Empire Maiden', 0, 1, 0, '2012-02-04'),
(155, 8, 'Covenant', 1, 0, 1, '2012-02-03'),
(155, 9, 'Covenant', 1, 1, 0, '2012-02-05'),
(155, 10, 'Covenant', 1, 1, 0, '2012-02-04'),
(155, 11, 'Covenant', 0, 1, 0, '2012-02-03'),
(155, 12, 'Covenant', 1, 0, 1, '2012-02-05'),
(155, 42, 'Sea Hawk', 1, 1, 0, '2012-02-04'),
(155, 43, 'Sea Hawk', 1, 0, 1, '2012-02-03'),
(155, 44, 'Sea Hawk', 0, 1, 0, '2012-02-05'),
(155, 45, 'Sea Hawk', 1, 1, 0, '2012-02-04'),
(155, 70, 'Conqueror', 1, 1, 0, '2012-02-03'),
(155, 71, 'Conqueror', 1, 1, 0, '2012-02-05'),
(169, 34, 'Sea Hawk', 0, 1, 0, '2013-03-09'),
(169, 35, 'Sea Hawk', 1, 1, 0, '2013-03-08'),
(169, 94, 'Blue Skies', 1, 1, 0, '2013-03-10'),
(169, 95, 'Blue Skies', 1, 1, 0, '2013-03-09'),
(169, 110, 'Barebottom', 0, 1, 0, '2013-03-10'),
(169, 116, 'Barebottom', 1, 0, 1, '2013-03-08'),
(169, 117, 'Barebottom', 0, 1, 0, '2013-03-08'),
(169, 119, 'Barebottom', 1, 1, 0, '2013-03-10'),
(169, 128, 'Barebottom', 1, 0, 1, '2013-03-09'),
(169, 194, 'Dixie Magic', 1, 0, 1, '2013-03-09'),
(169, 221, 'Fabio', 1, 0, 1, '2013-03-08'),
(170, 19, 'Argo', 1, 0, 1, '2013-03-10'),
(170, 20, 'Argo', 0, 1, 0, '2013-03-09'),
(170, 21, 'Argo', 1, 1, 0, '2013-03-08'),
(170, 107, 'ALTERNATION', 1, 0, 1, '2013-03-10'),
(170, 108, 'ALTERNATION', 1, 1, 0, '2013-03-09'),
(170, 109, 'ALTERNATION', 0, 1, 0, '2013-03-08'),
(170, 113, 'Ala Maris', 1, 0, 1, '2013-03-10'),
(170, 115, 'Ala Maris', 1, 0, 1, '2013-03-09'),
(170, 199, 'APHRODITE', 1, 1, 0, '2013-03-08'),
(170, 200, 'APHRODITE', 0, 1, 0, '2013-03-10'),
(170, 201, 'APHRODITE', 1, 0, 1, '2013-03-09'),
(171, 87, 'Blue Skies', 1, 0, 1, '2013-03-08'),
(171, 88, 'Blue Skies', 1, 1, 0, '2013-03-10'),
(171, 89, 'Blue Skies', 0, 1, 0, '2013-03-09'),
(171, 90, 'Blue Skies', 1, 1, 0, '2013-03-08'),
(171, 119, 'Barebottom', 1, 1, 0, '2013-03-10'),
(171, 133, 'Barebottom', 1, 0, 1, '2013-03-09'),
(171, 135, 'Barebottom', 0, 1, 0, '2013-03-08'),
(171, 154, 'Raven', 1, 1, 0, '2013-03-10'),
(171, 162, 'Exarch', 1, 1, 0, '2013-03-09'),
(171, 163, 'Exarch', 1, 0, 1, '2013-03-08'),
(171, 168, 'Exarch', 0, 1, 0, '2013-03-10'),
(172, 2, 'Covenant', 1, 1, 0, '2013-03-09'),
(172, 5, 'Covenant', 1, 0, 1, '2013-03-08'),
(172, 6, 'Covenant', 1, 1, 0, '2013-03-10'),
(172, 36, 'Sea Hawk', 0, 1, 0, '2013-03-09'),
(172, 71, 'Conqueror', 1, 1, 0, '2013-03-08'),
(172, 76, 'Conqueror', 1, 1, 0, '2013-03-10'),
(172, 95, 'Blue Skies', 1, 1, 0, '2013-03-09'),
(172, 99, 'Blue Skies', 0, 0, 1, '2013-03-08'),
(172, 158, 'Raven', 1, 0, 1, '2013-03-10'),
(172, 165, 'Exarch', 1, 1, 0, '2013-03-09'),
(172, 166, 'Exarch', 1, 1, 0, '2013-03-08'),
(173, 151, 'Raven', 0, 1, 0, '2013-03-10'),
(173, 152, 'Raven', 1, 1, 0, '2013-03-09'),
(173, 153, 'Raven', 1, 1, 0, '2013-03-08'),
(173, 213, 'Fabio', 1, 1, 0, '2013-03-10'),
(173, 214, 'Fabio', 0, 0, 1, '2013-03-09'),
(173, 215, 'Fabio', 1, 0, 1, '2013-03-08'),
(173, 216, 'Fabio', 1, 1, 0, '2013-03-10'),
(173, 217, 'Fabio', 1, 1, 0, '2013-03-09'),
(173, 243, 'Empire Maiden', 0, 0, 1, '2013-03-08'),
(173, 244, 'Empire Maiden', 1, 1, 0, '2013-03-10'),
(173, 245, 'Empire Maiden', 1, 0, 1, '2013-03-09'),
(174, 11, 'Covenant', 1, 1, 0, '2013-03-08'),
(174, 12, 'Covenant', 0, 0, 1, '2013-03-10'),
(174, 13, 'Covenant', 1, 1, 0, '2013-03-09'),
(174, 14, 'Covenant', 1, 0, 1, '2013-03-08'),
(174, 38, 'Sea Hawk', 1, 1, 0, '2013-03-10'),
(174, 39, 'Sea Hawk', 0, 1, 0, '2013-03-09'),
(174, 40, 'Sea Hawk', 1, 1, 0, '2013-03-08'),
(174, 58, 'Conqueror', 1, 0, 1, '2013-03-10'),
(174, 59, 'Conqueror', 1, 1, 0, '2013-03-09'),
(174, 60, 'Conqueror', 0, 1, 0, '2013-03-08'),
(174, 61, 'Conqueror', 1, 1, 0, '2013-03-10'),
(175, 113, 'Ala Maris', 1, 0, 1, '2013-03-08'),
(175, 115, 'Ala Maris', 0, 0, 1, '2013-03-10'),
(175, 116, 'Ala Maris', 1, 0, 1, '2013-03-09'),
(175, 142, 'Hope Two', 1, 0, 1, '2013-03-08'),
(175, 143, 'Hope Two', 1, 0, 1, '2013-03-10'),
(175, 171, 'Funky', 1, 1, 0, '2013-03-08'),
(175, 172, 'Funky', 1, 1, 0, '2013-03-10'),
(175, 173, 'Funky', 1, 1, 0, '2013-03-09'),
(175, 189, 'APHRODITE', 0, 1, 0, '2013-03-08'),
(176, 42, 'Sea Hawk', 1, 1, 0, '2013-03-10'),
(176, 43, 'Sea Hawk', 1, 0, 1, '2013-03-09'),
(176, 44, 'Sea Hawk', 1, 1, 0, '2013-03-08'),
(176, 64, 'Conqueror', 0, 0, 1, '2013-03-10'),
(176, 65, 'Conqueror', 1, 1, 0, '2013-03-09'),
(176, 66, 'Conqueror', 1, 1, 0, '2013-03-08'),
(176, 67, 'Conqueror', 1, 1, 0, '2013-03-10'),
(176, 149, 'Raven', 0, 1, 0, '2013-03-09'),
(176, 150, 'Raven', 1, 1, 0, '2013-03-08'),
(176, 151, 'Raven', 1, 1, 0, '2013-03-10'),
(176, 152, 'Raven', 1, 1, 0, '2013-03-09'),
(177, 75, 'Conqueror', 1, 0, 1, '2013-03-09'),
(177, 76, 'Conqueror', 1, 1, 0, '2013-03-08'),
(177, 78, 'Conqueror', 1, 0, 1, '2013-03-10'),
(177, 81, 'Conqueror', 0, 1, 0, '2013-03-08'),
(177, 228, 'Fabio', 0, 0, 1, '2013-03-10'),
(177, 229, 'Fabio', 1, 1, 0, '2013-03-09'),
(177, 230, 'Fabio', 1, 1, 0, '2013-03-08'),
(177, 246, 'Empire Maiden', 1, 1, 0, '2013-03-10'),
(177, 247, 'Empire Maiden', 0, 1, 0, '2013-03-09'),
(177, 248, 'Empire Maiden', 1, 1, 0, '2013-03-08'),
(177, 254, 'Empire Maiden', 1, 0, 1, '2013-03-10'),
(178, 162, 'Exarch', 0, 1, 0, '2013-03-08'),
(178, 163, 'Exarch', 1, 0, 1, '2013-03-10'),
(178, 168, 'Exarch', 1, 1, 0, '2013-03-09'),
(178, 172, 'Exarch', 1, 1, 0, '2013-03-09'),
(178, 186, 'Dixie Magic', 0, 0, 1, '2013-03-10'),
(178, 194, 'Dixie Magic', 1, 0, 1, '2013-03-08'),
(178, 215, 'Fabio', 1, 0, 1, '2013-03-09'),
(178, 219, 'Fabio', 1, 0, 1, '2013-03-08'),
(178, 220, 'Fabio', 1, 0, 1, '2013-03-10'),
(178, 245, 'Empire Maiden', 0, 0, 1, '2013-03-09'),
(178, 249, 'Empire Maiden', 1, 1, 0, '2013-03-08'),
(179, 8, 'Covenant', 1, 0, 1, '2013-03-10'),
(179, 9, 'Covenant', 1, 1, 0, '2013-03-09'),
(179, 10, 'Covenant', 0, 1, 0, '2013-03-08'),
(179, 11, 'Covenant', 1, 1, 0, '2013-03-10'),
(179, 12, 'Covenant', 1, 0, 1, '2013-03-09'),
(179, 42, 'Sea Hawk', 1, 1, 0, '2013-03-08'),
(179, 43, 'Sea Hawk', 0, 0, 1, '2013-03-10'),
(179, 44, 'Sea Hawk', 1, 1, 0, '2013-03-09'),
(179, 45, 'Sea Hawk', 1, 1, 0, '2013-03-08'),
(179, 70, 'Conqueror', 1, 1, 0, '2013-03-10'),
(179, 71, 'Conqueror', 0, 1, 0, '2013-03-09'),
(193, 34, 'Sea Hawk', 1, 1, 0, '2014-05-24'),
(193, 35, 'Sea Hawk', 1, 1, 0, '2014-05-26'),
(193, 94, 'Blue Skies', 1, 1, 0, '2014-05-25'),
(193, 95, 'Blue Skies', 0, 1, 0, '2014-05-24'),
(193, 110, 'Barebottom', 1, 1, 0, '2014-05-25'),
(193, 116, 'Barebottom', 0, 0, 1, '2014-05-26'),
(193, 117, 'Barebottom', 1, 1, 0, '2014-05-26'),
(193, 119, 'Barebottom', 1, 1, 0, '2014-05-25'),
(193, 128, 'Barebottom', 1, 0, 1, '2014-05-24'),
(193, 194, 'Dixie Magic', 1, 0, 1, '2014-05-24'),
(193, 221, 'Fabio', 1, 0, 1, '2014-05-26'),
(194, 19, 'Argo', 0, 0, 1, '2014-05-25'),
(194, 20, 'Argo', 1, 1, 0, '2014-05-24'),
(194, 21, 'Argo', 1, 1, 0, '2014-05-26'),
(194, 107, 'ALTERNATION', 1, 0, 1, '2014-05-25'),
(194, 108, 'ALTERNATION', 0, 1, 0, '2014-05-24'),
(194, 109, 'ALTERNATION', 1, 1, 0, '2014-05-26'),
(194, 113, 'Ala Maris', 1, 0, 1, '2014-05-25'),
(194, 115, 'Ala Maris', 1, 0, 1, '2014-05-24'),
(194, 199, 'APHRODITE', 0, 1, 0, '2014-05-26'),
(194, 200, 'APHRODITE', 1, 1, 0, '2014-05-25'),
(194, 201, 'APHRODITE', 1, 0, 1, '2014-05-24'),
(195, 87, 'Blue Skies', 1, 0, 1, '2014-05-26'),
(195, 88, 'Blue Skies', 0, 1, 0, '2014-05-25'),
(195, 89, 'Blue Skies', 1, 1, 0, '2014-05-24'),
(195, 90, 'Blue Skies', 1, 1, 0, '2014-05-26'),
(195, 119, 'Barebottom', 1, 1, 0, '2014-05-25'),
(195, 133, 'Barebottom', 0, 0, 1, '2014-05-24'),
(195, 135, 'Barebottom', 1, 1, 0, '2014-05-26'),
(195, 154, 'Raven', 1, 1, 0, '2014-05-25'),
(195, 162, 'Exarch', 1, 1, 0, '2014-05-24'),
(195, 163, 'Exarch', 0, 0, 1, '2014-05-26'),
(195, 168, 'Exarch', 1, 1, 0, '2014-05-25'),
(196, 2, 'Covenant', 1, 1, 0, '2014-05-24'),
(196, 5, 'Covenant', 1, 0, 1, '2014-05-26'),
(196, 6, 'Covenant', 0, 1, 0, '2014-05-25'),
(196, 36, 'Sea Hawk', 1, 1, 0, '2014-05-24'),
(196, 71, 'Conqueror', 1, 1, 0, '2014-05-26'),
(196, 76, 'Conqueror', 1, 1, 0, '2014-05-25'),
(196, 95, 'Blue Skies', 0, 1, 0, '2014-05-24'),
(196, 99, 'Blue Skies', 1, 0, 1, '2014-05-26'),
(196, 158, 'Raven', 1, 0, 1, '2014-05-25'),
(196, 165, 'Exarch', 1, 1, 0, '2014-05-24'),
(196, 166, 'Exarch', 0, 1, 0, '2014-05-26'),
(197, 151, 'Raven', 1, 1, 0, '2014-05-25'),
(197, 152, 'Raven', 1, 1, 0, '2014-05-24'),
(197, 153, 'Raven', 1, 1, 0, '2014-05-26'),
(197, 213, 'Fabio', 0, 1, 0, '2014-05-25'),
(197, 214, 'Fabio', 1, 0, 1, '2014-05-24'),
(197, 215, 'Fabio', 1, 0, 1, '2014-05-26'),
(197, 216, 'Fabio', 1, 1, 0, '2014-05-25'),
(197, 217, 'Fabio', 0, 1, 0, '2014-05-24'),
(197, 243, 'Empire Maiden', 1, 0, 1, '2014-05-26'),
(197, 244, 'Empire Maiden', 1, 1, 0, '2014-05-25'),
(197, 245, 'Empire Maiden', 1, 0, 1, '2014-05-24'),
(198, 11, 'Covenant', 0, 1, 0, '2014-05-26'),
(198, 12, 'Covenant', 1, 0, 1, '2014-05-25'),
(198, 13, 'Covenant', 1, 1, 0, '2014-05-24'),
(198, 14, 'Covenant', 1, 0, 1, '2014-05-26'),
(198, 38, 'Sea Hawk', 0, 1, 0, '2014-05-25'),
(198, 39, 'Sea Hawk', 1, 1, 0, '2014-05-24'),
(198, 40, 'Sea Hawk', 1, 1, 0, '2014-05-26'),
(198, 58, 'Conqueror', 1, 0, 1, '2014-05-25'),
(198, 59, 'Conqueror', 0, 1, 0, '2014-05-24'),
(198, 60, 'Conqueror', 1, 1, 0, '2014-05-26'),
(198, 61, 'Conqueror', 1, 1, 0, '2014-05-25'),
(199, 113, 'Ala Maris', 1, 0, 1, '2014-05-24'),
(199, 115, 'Ala Maris', 1, 0, 1, '2014-05-25'),
(199, 116, 'Ala Maris', 1, 0, 1, '2014-05-24'),
(199, 142, 'Hope Two', 1, 0, 1, '2014-05-26'),
(199, 143, 'Hope Two', 0, 0, 1, '2014-05-25'),
(199, 144, 'Hope Two', 1, 0, 1, '2014-05-24'),
(199, 171, 'Funky', 1, 1, 0, '2014-05-26'),
(199, 172, 'Funky', 1, 1, 0, '2014-05-25'),
(199, 173, 'Funky', 0, 1, 0, '2014-05-24'),
(199, 189, 'APHRODITE', 1, 1, 0, '2014-05-26'),
(200, 42, 'Sea Hawk', 1, 1, 0, '2014-05-25'),
(200, 43, 'Sea Hawk', 1, 0, 1, '2014-05-24'),
(200, 44, 'Sea Hawk', 0, 1, 0, '2014-05-26'),
(200, 64, 'Conqueror', 1, 0, 1, '2014-05-25'),
(200, 65, 'Conqueror', 1, 1, 0, '2014-05-24'),
(200, 66, 'Conqueror', 1, 1, 0, '2014-05-26'),
(200, 67, 'Conqueror', 0, 1, 0, '2014-05-25'),
(200, 149, 'Raven', 1, 1, 0, '2014-05-24'),
(200, 150, 'Raven', 1, 1, 0, '2014-05-26'),
(200, 151, 'Raven', 1, 1, 0, '2014-05-25'),
(200, 152, 'Raven', 0, 1, 0, '2014-05-24'),
(201, 75, 'Conqueror', 1, 0, 1, '2014-05-24'),
(201, 76, 'Conqueror', 0, 1, 0, '2014-05-26'),
(201, 78, 'Conqueror', 1, 0, 1, '2014-05-25'),
(201, 81, 'Conqueror', 1, 1, 0, '2014-05-26'),
(201, 228, 'Fabio', 1, 0, 1, '2014-05-25'),
(201, 229, 'Fabio', 1, 1, 0, '2014-05-24'),
(201, 230, 'Fabio', 1, 1, 0, '2014-05-26'),
(201, 246, 'Empire Maiden', 0, 1, 0, '2014-05-25'),
(201, 247, 'Empire Maiden', 1, 1, 0, '2014-05-24'),
(201, 248, 'Empire Maiden', 1, 1, 0, '2014-05-26'),
(201, 254, 'Empire Maiden', 1, 0, 1, '2014-05-25'),
(202, 162, 'Exarch', 1, 1, 0, '2014-05-26'),
(202, 163, 'Exarch', 1, 0, 1, '2014-05-25'),
(202, 168, 'Exarch', 1, 1, 0, '2014-05-24'),
(202, 172, 'Exarch', 0, 1, 0, '2014-05-24'),
(202, 186, 'Dixie Magic', 1, 0, 1, '2014-05-25'),
(202, 194, 'Dixie Magic', 0, 0, 1, '2014-05-26'),
(202, 215, 'Fabio', 1, 0, 1, '2014-05-24'),
(202, 219, 'Fabio', 1, 0, 1, '2014-05-26'),
(202, 220, 'Fabio', 0, 0, 1, '2014-05-25'),
(202, 245, 'Empire Maiden', 1, 0, 1, '2014-05-24'),
(202, 249, 'Empire Maiden', 1, 1, 0, '2014-05-26'),
(203, 8, 'Covenant', 1, 0, 1, '2014-05-25'),
(203, 9, 'Covenant', 0, 1, 0, '2014-05-24'),
(203, 10, 'Covenant', 1, 1, 0, '2014-05-26'),
(203, 11, 'Covenant', 1, 1, 0, '2014-05-25'),
(203, 12, 'Covenant', 1, 0, 1, '2014-05-24'),
(203, 42, 'Sea Hawk', 0, 1, 0, '2014-05-26'),
(203, 43, 'Sea Hawk', 1, 0, 1, '2014-05-25'),
(203, 44, 'Sea Hawk', 1, 1, 0, '2014-05-24'),
(203, 45, 'Sea Hawk', 1, 1, 0, '2014-05-26'),
(203, 70, 'Conqueror', 0, 1, 0, '2014-05-25'),
(203, 71, 'Conqueror', 1, 1, 0, '2014-05-24'),
(217, 34, 'Sea Hawk', 1, 1, 0, '2012-01-14'),
(217, 35, 'Sea Hawk', 1, 1, 0, '2012-01-13'),
(217, 94, 'Blue Skies', 0, 1, 0, '2012-01-12'),
(217, 95, 'Blue Skies', 1, 1, 0, '2012-01-14'),
(217, 110, 'Barebottom', 1, 1, 0, '2012-01-12'),
(217, 116, 'Barebottom', 1, 0, 1, '2012-01-13'),
(217, 117, 'Barebottom', 1, 1, 0, '2012-01-13'),
(217, 119, 'Barebottom', 1, 1, 0, '2012-01-12'),
(217, 128, 'Barebottom', 0, 0, 1, '2012-01-14'),
(217, 194, 'Dixie Magic', 1, 0, 1, '2012-01-14'),
(217, 221, 'Fabio', 0, 0, 1, '2012-01-13'),
(218, 19, 'Argo', 1, 0, 1, '2012-01-12'),
(218, 20, 'Argo', 1, 1, 0, '2012-01-14'),
(218, 21, 'Argo', 1, 1, 0, '2012-01-13'),
(218, 107, 'ALTERNATION', 0, 0, 1, '2012-01-12'),
(218, 108, 'ALTERNATION', 1, 1, 0, '2012-01-14'),
(218, 109, 'ALTERNATION', 1, 1, 0, '2012-01-13'),
(218, 113, 'Ala Maris', 1, 0, 1, '2012-01-12'),
(218, 115, 'Ala Maris', 0, 0, 1, '2012-01-14'),
(218, 199, 'APHRODITE', 1, 1, 0, '2012-01-13'),
(218, 200, 'APHRODITE', 1, 1, 0, '2012-01-12'),
(218, 201, 'APHRODITE', 1, 0, 1, '2012-01-14'),
(219, 87, 'Blue Skies', 0, 0, 1, '2012-01-13'),
(219, 88, 'Blue Skies', 1, 1, 0, '2012-01-12'),
(219, 89, 'Blue Skies', 1, 1, 0, '2012-01-14'),
(219, 90, 'Blue Skies', 1, 1, 0, '2012-01-13'),
(219, 119, 'Barebottom', 0, 1, 0, '2012-01-12'),
(219, 133, 'Barebottom', 1, 0, 1, '2012-01-14'),
(219, 135, 'Barebottom', 1, 1, 0, '2012-01-13'),
(219, 154, 'Raven', 1, 1, 0, '2012-01-12'),
(219, 162, 'Exarch', 0, 1, 0, '2012-01-14'),
(219, 163, 'Exarch', 1, 0, 1, '2012-01-13'),
(219, 168, 'Exarch', 1, 1, 0, '2012-01-12'),
(220, 2, 'Covenant', 1, 1, 0, '2012-01-14'),
(220, 5, 'Covenant', 0, 0, 1, '2012-01-13'),
(220, 6, 'Covenant', 1, 1, 0, '2012-01-12'),
(220, 36, 'Sea Hawk', 1, 1, 0, '2012-01-14'),
(220, 71, 'Conqueror', 1, 1, 0, '2012-01-13'),
(220, 76, 'Conqueror', 0, 1, 0, '2012-01-12'),
(220, 95, 'Blue Skies', 1, 1, 0, '2012-01-14'),
(220, 99, 'Blue Skies', 1, 0, 1, '2012-01-13'),
(220, 158, 'Raven', 1, 0, 1, '2012-01-12'),
(220, 165, 'Exarch', 0, 1, 0, '2012-01-14'),
(220, 166, 'Exarch', 1, 1, 0, '2012-01-13'),
(221, 151, 'Raven', 1, 1, 0, '2012-01-12'),
(221, 152, 'Raven', 1, 1, 0, '2012-01-14'),
(221, 153, 'Raven', 0, 1, 0, '2012-01-13'),
(221, 213, 'Fabio', 1, 1, 0, '2012-01-12'),
(221, 214, 'Fabio', 1, 0, 1, '2012-01-14'),
(221, 215, 'Fabio', 1, 0, 1, '2012-01-13'),
(221, 216, 'Fabio', 0, 1, 0, '2012-01-12'),
(221, 217, 'Fabio', 1, 1, 0, '2012-01-14');
INSERT INTO `RACE_REGISTRATION` (`RaceID`, `MemberID`, `BoatName`, `FeePaidYN`, `SweepYN`, `DrummerYN`, `DateRegistered`) VALUES
(221, 243, 'Empire Maiden', 1, 0, 1, '2012-01-13'),
(221, 244, 'Empire Maiden', 1, 1, 0, '2012-01-12'),
(221, 245, 'Empire Maiden', 0, 0, 1, '2012-01-14'),
(222, 11, 'Covenant', 1, 1, 0, '2012-01-13'),
(222, 12, 'Covenant', 1, 0, 1, '2012-01-12'),
(222, 13, 'Covenant', 1, 1, 0, '2012-01-14'),
(222, 14, 'Covenant', 0, 0, 1, '2012-01-13'),
(222, 38, 'Sea Hawk', 1, 1, 0, '2012-01-12'),
(222, 39, 'Sea Hawk', 1, 1, 0, '2012-01-14'),
(222, 40, 'Sea Hawk', 1, 1, 0, '2012-01-13'),
(222, 58, 'Conqueror', 0, 0, 1, '2012-01-12'),
(222, 59, 'Conqueror', 1, 1, 0, '2012-01-14'),
(222, 60, 'Conqueror', 1, 1, 0, '2012-01-13'),
(222, 61, 'Conqueror', 1, 1, 0, '2012-01-12'),
(223, 113, 'Ala Maris', 0, 0, 1, '2012-01-14'),
(223, 115, 'Ala Maris', 1, 0, 1, '2012-01-12'),
(223, 116, 'Ala Maris', 1, 0, 1, '2012-01-14'),
(223, 142, 'Hope Two', 0, 0, 1, '2012-01-13'),
(223, 143, 'Hope Two', 1, 0, 1, '2012-01-12'),
(223, 144, 'Hope Two', 1, 0, 1, '2012-01-14'),
(223, 171, 'Funky', 1, 1, 0, '2012-01-13'),
(223, 172, 'Funky', 0, 1, 0, '2012-01-12'),
(223, 173, 'Funky', 1, 1, 0, '2012-01-14'),
(223, 189, 'APHRODITE', 1, 1, 0, '2012-01-13'),
(224, 42, 'Sea Hawk', 1, 1, 0, '2012-01-12'),
(224, 43, 'Sea Hawk', 0, 0, 1, '2012-01-14'),
(224, 44, 'Sea Hawk', 1, 1, 0, '2012-01-13'),
(224, 64, 'Conqueror', 1, 0, 1, '2012-01-12'),
(224, 65, 'Conqueror', 1, 1, 0, '2012-01-14'),
(224, 66, 'Conqueror', 0, 1, 0, '2012-01-13'),
(224, 67, 'Conqueror', 1, 1, 0, '2012-01-12'),
(224, 149, 'Raven', 1, 1, 0, '2012-01-14'),
(224, 150, 'Raven', 1, 1, 0, '2012-01-13'),
(224, 151, 'Raven', 0, 1, 0, '2012-01-12'),
(224, 152, 'Raven', 1, 1, 0, '2012-01-14'),
(225, 75, 'Conqueror', 0, 0, 1, '2012-01-14'),
(225, 76, 'Conqueror', 1, 1, 0, '2012-01-13'),
(225, 78, 'Conqueror', 1, 0, 1, '2012-01-12'),
(225, 81, 'Conqueror', 1, 1, 0, '2012-01-13'),
(225, 228, 'Fabio', 1, 0, 1, '2012-01-12'),
(225, 229, 'Fabio', 1, 1, 0, '2012-01-14'),
(225, 230, 'Fabio', 0, 1, 0, '2012-01-13'),
(225, 246, 'Empire Maiden', 1, 1, 0, '2012-01-12'),
(225, 247, 'Empire Maiden', 1, 1, 0, '2012-01-14'),
(225, 248, 'Empire Maiden', 1, 1, 0, '2012-01-13'),
(225, 254, 'Empire Maiden', 0, 0, 1, '2012-01-12'),
(226, 162, 'Exarch', 1, 1, 0, '2012-01-13'),
(226, 163, 'Exarch', 1, 0, 1, '2012-01-12'),
(226, 168, 'Exarch', 0, 1, 0, '2012-01-14'),
(226, 172, 'Exarch', 1, 1, 0, '2012-01-14'),
(226, 186, 'Dixie Magic', 1, 0, 1, '2012-01-12'),
(226, 194, 'Dixie Magic', 1, 0, 1, '2012-01-13'),
(226, 215, 'Fabio', 1, 0, 1, '2012-01-14'),
(226, 219, 'Fabio', 0, 0, 1, '2012-01-13'),
(226, 220, 'Fabio', 1, 0, 1, '2012-01-12'),
(226, 245, 'Empire Maiden', 1, 0, 1, '2012-01-14'),
(226, 249, 'Empire Maiden', 1, 1, 0, '2012-01-13'),
(227, 8, 'Covenant', 0, 0, 1, '2012-01-12'),
(227, 9, 'Covenant', 1, 1, 0, '2012-01-14'),
(227, 10, 'Covenant', 1, 1, 0, '2012-01-13'),
(227, 11, 'Covenant', 1, 1, 0, '2012-01-12'),
(227, 12, 'Covenant', 0, 0, 1, '2012-01-14'),
(227, 42, 'Sea Hawk', 1, 1, 0, '2012-01-13'),
(227, 43, 'Sea Hawk', 1, 0, 1, '2012-01-12'),
(227, 44, 'Sea Hawk', 1, 1, 0, '2012-01-14'),
(227, 45, 'Sea Hawk', 0, 1, 0, '2012-01-13'),
(227, 70, 'Conqueror', 1, 1, 0, '2012-01-12'),
(227, 71, 'Conqueror', 1, 1, 0, '2012-01-14'),
(241, 34, 'Sea Hawk', 1, 1, 0, '2013-02-23'),
(241, 35, 'Sea Hawk', 0, 1, 0, '2013-02-22'),
(241, 94, 'Blue Skies', 1, 1, 0, '2013-02-24'),
(241, 95, 'Blue Skies', 1, 1, 0, '2013-02-23'),
(241, 110, 'Barebottom', 1, 1, 0, '2013-02-24'),
(241, 116, 'Barebottom', 1, 0, 1, '2013-02-22'),
(241, 117, 'Barebottom', 1, 1, 0, '2013-02-22'),
(241, 119, 'Barebottom', 0, 1, 0, '2013-02-24'),
(241, 128, 'Barebottom', 1, 0, 1, '2013-02-23'),
(241, 194, 'Dixie Magic', 0, 0, 1, '2013-02-23'),
(241, 221, 'Fabio', 1, 0, 1, '2013-02-22'),
(242, 19, 'Argo', 1, 0, 1, '2013-02-24'),
(242, 20, 'Argo', 1, 1, 0, '2013-02-23'),
(242, 21, 'Argo', 0, 1, 0, '2013-02-22'),
(242, 107, 'ALTERNATION', 1, 0, 1, '2013-02-24'),
(242, 108, 'ALTERNATION', 1, 1, 0, '2013-02-23'),
(242, 109, 'ALTERNATION', 1, 1, 0, '2013-02-22'),
(242, 113, 'Ala Maris', 0, 0, 1, '2013-02-24'),
(242, 115, 'Ala Maris', 1, 0, 1, '2013-02-23'),
(242, 199, 'APHRODITE', 1, 1, 0, '2013-02-22'),
(242, 200, 'APHRODITE', 1, 1, 0, '2013-02-24'),
(242, 201, 'APHRODITE', 0, 0, 1, '2013-02-23'),
(243, 87, 'Blue Skies', 1, 0, 1, '2013-02-22'),
(243, 88, 'Blue Skies', 1, 1, 0, '2013-02-24'),
(243, 89, 'Blue Skies', 1, 1, 0, '2013-02-23'),
(243, 90, 'Blue Skies', 0, 1, 0, '2013-02-22'),
(243, 119, 'Barebottom', 1, 1, 0, '2013-02-24'),
(243, 133, 'Barebottom', 1, 0, 1, '2013-02-23'),
(243, 135, 'Barebottom', 1, 1, 0, '2013-02-22'),
(243, 154, 'Raven', 0, 1, 0, '2013-02-24'),
(243, 162, 'Exarch', 1, 1, 0, '2013-02-23'),
(243, 163, 'Exarch', 1, 0, 1, '2013-02-22'),
(243, 168, 'Exarch', 1, 1, 0, '2013-02-24'),
(244, 2, 'Covenant', 0, 1, 0, '2013-02-23'),
(244, 5, 'Covenant', 1, 0, 1, '2013-02-22'),
(244, 6, 'Covenant', 1, 1, 0, '2013-02-24'),
(244, 36, 'Sea Hawk', 1, 1, 0, '2013-02-23'),
(244, 71, 'Conqueror', 0, 1, 0, '2013-02-22'),
(244, 76, 'Conqueror', 1, 1, 0, '2013-02-24'),
(244, 95, 'Blue Skies', 1, 1, 0, '2013-02-23'),
(244, 99, 'Blue Skies', 1, 0, 1, '2013-02-22'),
(244, 158, 'Raven', 0, 0, 1, '2013-02-24'),
(244, 165, 'Exarch', 1, 1, 0, '2013-02-23'),
(244, 166, 'Exarch', 1, 1, 0, '2013-02-22'),
(245, 151, 'Raven', 1, 1, 0, '2013-02-24'),
(245, 152, 'Raven', 0, 1, 0, '2013-02-23'),
(245, 153, 'Raven', 1, 1, 0, '2013-02-22'),
(245, 213, 'Fabio', 1, 1, 0, '2013-02-24'),
(245, 214, 'Fabio', 1, 0, 1, '2013-02-23'),
(245, 215, 'Fabio', 0, 0, 1, '2013-02-22'),
(245, 216, 'Fabio', 1, 1, 0, '2013-02-24'),
(245, 217, 'Fabio', 1, 1, 0, '2013-02-23'),
(245, 243, 'Empire Maiden', 1, 0, 1, '2013-02-22'),
(245, 244, 'Empire Maiden', 0, 1, 0, '2013-02-24'),
(245, 245, 'Empire Maiden', 1, 0, 1, '2013-02-23'),
(246, 11, 'Covenant', 1, 1, 0, '2013-02-22'),
(246, 12, 'Covenant', 1, 0, 1, '2013-02-24'),
(246, 13, 'Covenant', 0, 1, 0, '2013-02-23'),
(246, 14, 'Covenant', 1, 0, 1, '2013-02-22'),
(246, 38, 'Sea Hawk', 1, 1, 0, '2013-02-24'),
(246, 39, 'Sea Hawk', 1, 1, 0, '2013-02-23'),
(246, 40, 'Sea Hawk', 0, 1, 0, '2013-02-22'),
(246, 58, 'Conqueror', 1, 0, 1, '2013-02-24'),
(246, 59, 'Conqueror', 1, 1, 0, '2013-02-23'),
(246, 60, 'Conqueror', 1, 1, 0, '2013-02-22'),
(246, 61, 'Conqueror', 0, 1, 0, '2013-02-24'),
(247, 113, 'Ala Maris', 1, 0, 1, '2013-02-23'),
(247, 115, 'Ala Maris', 1, 0, 1, '2013-02-24'),
(247, 116, 'Ala Maris', 0, 0, 1, '2013-02-23'),
(247, 142, 'Hope Two', 1, 0, 1, '2013-02-22'),
(247, 143, 'Hope Two', 1, 0, 1, '2013-02-24'),
(247, 171, 'Funky', 0, 1, 0, '2013-02-22'),
(247, 172, 'Funky', 1, 1, 0, '2013-02-24'),
(247, 173, 'Funky', 1, 1, 0, '2013-02-23'),
(247, 189, 'APHRODITE', 1, 1, 0, '2013-02-22'),
(248, 42, 'Sea Hawk', 0, 1, 0, '2013-02-24'),
(248, 43, 'Sea Hawk', 1, 0, 1, '2013-02-23'),
(248, 44, 'Sea Hawk', 1, 1, 0, '2013-02-22'),
(248, 64, 'Conqueror', 1, 0, 1, '2013-02-24'),
(248, 65, 'Conqueror', 0, 1, 0, '2013-02-23'),
(248, 66, 'Conqueror', 1, 1, 0, '2013-02-22'),
(248, 67, 'Conqueror', 1, 1, 0, '2013-02-24'),
(248, 149, 'Raven', 1, 1, 0, '2013-02-23'),
(248, 150, 'Raven', 0, 1, 0, '2013-02-22'),
(248, 151, 'Raven', 1, 1, 0, '2013-02-24'),
(248, 152, 'Raven', 1, 1, 0, '2013-02-23'),
(249, 75, 'Conqueror', 1, 0, 1, '2013-02-23'),
(249, 76, 'Conqueror', 1, 1, 0, '2013-02-22'),
(249, 78, 'Conqueror', 0, 0, 1, '2013-02-24'),
(249, 81, 'Conqueror', 1, 1, 0, '2013-02-22'),
(249, 228, 'Fabio', 1, 0, 1, '2013-02-24'),
(249, 229, 'Fabio', 0, 1, 0, '2013-02-23'),
(249, 230, 'Fabio', 1, 1, 0, '2013-02-22'),
(249, 246, 'Empire Maiden', 1, 1, 0, '2013-02-24'),
(249, 247, 'Empire Maiden', 1, 1, 0, '2013-02-23'),
(249, 248, 'Empire Maiden', 0, 1, 0, '2013-02-22'),
(249, 254, 'Empire Maiden', 1, 0, 1, '2013-02-24'),
(250, 162, 'Exarch', 1, 1, 0, '2013-02-22'),
(250, 163, 'Exarch', 0, 0, 1, '2013-02-24'),
(250, 168, 'Exarch', 1, 1, 0, '2013-02-23'),
(250, 172, 'Exarch', 1, 1, 0, '2013-02-23'),
(250, 186, 'Dixie Magic', 1, 0, 1, '2013-02-24'),
(250, 194, 'Dixie Magic', 1, 0, 1, '2013-02-22'),
(250, 215, 'Fabio', 0, 0, 1, '2013-02-23'),
(250, 219, 'Fabio', 1, 0, 1, '2013-02-22'),
(250, 220, 'Fabio', 1, 0, 1, '2013-02-24'),
(250, 245, 'Empire Maiden', 1, 0, 1, '2013-02-23'),
(250, 249, 'Empire Maiden', 0, 1, 0, '2013-02-22'),
(251, 8, 'Covenant', 1, 0, 1, '2013-02-24'),
(251, 9, 'Covenant', 1, 1, 0, '2013-02-23'),
(251, 10, 'Covenant', 1, 1, 0, '2013-02-22'),
(251, 11, 'Covenant', 0, 1, 0, '2013-02-24'),
(251, 12, 'Covenant', 1, 0, 1, '2013-02-23'),
(251, 42, 'Sea Hawk', 1, 1, 0, '2013-02-22'),
(251, 43, 'Sea Hawk', 1, 0, 1, '2013-02-24'),
(251, 44, 'Sea Hawk', 0, 1, 0, '2013-02-23'),
(251, 45, 'Sea Hawk', 1, 1, 0, '2013-02-22'),
(251, 70, 'Conqueror', 1, 1, 0, '2013-02-24'),
(251, 71, 'Conqueror', 1, 1, 0, '2013-02-23'),
(265, 34, 'Sea Hawk', 0, 1, 0, '2014-04-26'),
(265, 35, 'Sea Hawk', 1, 1, 0, '2014-04-28'),
(265, 94, 'Blue Skies', 1, 1, 0, '2014-04-27'),
(265, 95, 'Blue Skies', 1, 1, 0, '2014-04-26'),
(265, 110, 'Barebottom', 0, 1, 0, '2014-04-27'),
(265, 113, 'Barebottom', 1, 1, 0, '2014-04-12'),
(265, 116, 'Barebottom', 1, 0, 1, '2014-04-28'),
(265, 117, 'Barebottom', 0, 1, 0, '2014-04-28'),
(265, 119, 'Barebottom', 1, 1, 0, '2014-04-27'),
(265, 128, 'Barebottom', 1, 0, 1, '2014-04-26'),
(265, 194, 'Dixie Magic', 1, 0, 1, '2014-04-26'),
(265, 221, 'Fabio', 1, 0, 1, '2014-04-28'),
(266, 19, 'Argo', 1, 0, 1, '2014-04-27'),
(266, 20, 'Argo', 0, 1, 0, '2014-04-26'),
(266, 21, 'Argo', 1, 1, 0, '2014-04-28'),
(266, 107, 'ALTERNATION', 1, 0, 1, '2014-04-27'),
(266, 108, 'ALTERNATION', 1, 1, 0, '2014-04-26'),
(266, 109, 'ALTERNATION', 0, 1, 0, '2014-04-28'),
(266, 113, 'Ala Maris', 1, 0, 1, '2014-04-27'),
(266, 115, 'Ala Maris', 1, 0, 1, '2014-04-26'),
(266, 199, 'APHRODITE', 1, 1, 0, '2014-04-28'),
(266, 200, 'APHRODITE', 0, 1, 0, '2014-04-27'),
(266, 201, 'APHRODITE', 1, 0, 1, '2014-04-26'),
(267, 87, 'Blue Skies', 1, 0, 1, '2014-04-28'),
(267, 88, 'Blue Skies', 1, 1, 0, '2014-04-27'),
(267, 89, 'Blue Skies', 0, 1, 0, '2014-04-26'),
(267, 90, 'Blue Skies', 1, 1, 0, '2014-04-28'),
(267, 113, 'Persistance', 1, 0, 0, '2014-04-12'),
(267, 119, 'Barebottom', 1, 1, 0, '2014-04-28'),
(267, 133, 'Barebottom', 1, 0, 1, '2014-04-27'),
(267, 135, 'Barebottom', 0, 1, 0, '2014-04-26'),
(267, 154, 'Raven', 1, 1, 0, '2014-04-28'),
(267, 162, 'Exarch', 1, 1, 0, '2014-04-27'),
(267, 163, 'Exarch', 1, 0, 1, '2014-04-26'),
(267, 168, 'Exarch', 0, 1, 0, '2014-04-28'),
(268, 2, 'Covenant', 1, 1, 0, '2014-04-27'),
(268, 5, 'Covenant', 1, 0, 1, '2014-04-26'),
(268, 6, 'Covenant', 1, 1, 0, '2014-04-28'),
(268, 36, 'Sea Hawk', 0, 1, 0, '2014-04-27'),
(268, 71, 'Conqueror', 1, 1, 0, '2014-04-26'),
(268, 76, 'Conqueror', 1, 1, 0, '2014-04-28'),
(268, 95, 'Blue Skies', 1, 1, 0, '2014-04-27'),
(268, 99, 'Blue Skies', 0, 0, 1, '2014-04-26'),
(268, 158, 'Raven', 1, 0, 1, '2014-04-28'),
(268, 165, 'Exarch', 1, 1, 0, '2014-04-27'),
(268, 166, 'Exarch', 1, 1, 0, '2014-04-26'),
(269, 151, 'Raven', 0, 1, 0, '2014-04-28'),
(269, 152, 'Raven', 1, 1, 0, '2014-04-27'),
(269, 153, 'Raven', 1, 1, 0, '2014-04-26'),
(269, 213, 'Fabio', 1, 1, 0, '2014-04-28'),
(269, 214, 'Fabio', 0, 0, 1, '2014-04-27'),
(269, 215, 'Fabio', 1, 0, 1, '2014-04-26'),
(269, 216, 'Fabio', 1, 1, 0, '2014-04-28'),
(269, 217, 'Fabio', 1, 1, 0, '2014-04-27'),
(269, 243, 'Empire Maiden', 0, 0, 1, '2014-04-26'),
(269, 244, 'Empire Maiden', 1, 1, 0, '2014-04-28'),
(269, 245, 'Empire Maiden', 1, 0, 1, '2014-04-27'),
(270, 11, 'Covenant', 1, 1, 0, '2014-04-26'),
(270, 12, 'Covenant', 0, 0, 1, '2014-04-28'),
(270, 13, 'Covenant', 1, 1, 0, '2014-04-27'),
(270, 14, 'Covenant', 1, 0, 1, '2014-04-26'),
(270, 38, 'Sea Hawk', 1, 1, 0, '2014-04-28'),
(270, 39, 'Sea Hawk', 0, 1, 0, '2014-04-27'),
(270, 40, 'Sea Hawk', 1, 1, 0, '2014-04-26'),
(270, 58, 'Conqueror', 1, 0, 1, '2014-04-28'),
(270, 59, 'Conqueror', 1, 1, 0, '2014-04-27'),
(270, 60, 'Conqueror', 0, 1, 0, '2014-04-26'),
(270, 61, 'Conqueror', 1, 1, 0, '2014-04-28'),
(271, 113, 'Ala Maris', 1, 0, 1, '2014-04-27'),
(271, 115, 'Ala Maris', 0, 0, 1, '2014-04-28'),
(271, 116, 'Ala Maris', 1, 0, 1, '2014-04-27'),
(271, 142, 'Hope Two', 1, 0, 1, '2014-04-26'),
(271, 143, 'Hope Two', 1, 0, 1, '2014-04-28'),
(271, 171, 'Funky', 1, 1, 0, '2014-04-26'),
(271, 172, 'Funky', 1, 1, 0, '2014-04-28'),
(271, 173, 'Funky', 1, 1, 0, '2014-04-27'),
(271, 189, 'APHRODITE', 0, 1, 0, '2014-04-26'),
(272, 42, 'Sea Hawk', 1, 1, 0, '2014-04-28'),
(272, 43, 'Sea Hawk', 1, 0, 1, '2014-04-27'),
(272, 44, 'Sea Hawk', 1, 1, 0, '2014-04-26'),
(272, 64, 'Conqueror', 0, 0, 1, '2014-04-28'),
(272, 65, 'Conqueror', 1, 1, 0, '2014-04-27'),
(272, 66, 'Conqueror', 1, 1, 0, '2014-04-26'),
(272, 67, 'Conqueror', 1, 1, 0, '2014-04-28'),
(272, 113, 'Barebottom', 1, 0, 1, '2014-04-12'),
(272, 149, 'Raven', 0, 1, 0, '2014-04-28'),
(272, 150, 'Raven', 1, 1, 0, '2014-04-27'),
(272, 151, 'Raven', 1, 1, 0, '2014-04-26'),
(272, 152, 'Raven', 1, 1, 0, '2014-04-28'),
(273, 75, 'Conqueror', 1, 0, 1, '2014-04-28'),
(273, 76, 'Conqueror', 1, 1, 0, '2014-04-27'),
(273, 78, 'Conqueror', 1, 0, 1, '2014-04-26'),
(273, 81, 'Conqueror', 0, 1, 0, '2014-04-27'),
(273, 228, 'Fabio', 0, 0, 1, '2014-04-26'),
(273, 229, 'Fabio', 1, 1, 0, '2014-04-28'),
(273, 230, 'Fabio', 1, 1, 0, '2014-04-27'),
(273, 246, 'Empire Maiden', 1, 1, 0, '2014-04-26'),
(273, 247, 'Empire Maiden', 0, 1, 0, '2014-04-28'),
(273, 248, 'Empire Maiden', 1, 1, 0, '2014-04-27'),
(273, 254, 'Empire Maiden', 1, 0, 1, '2014-04-26'),
(274, 162, 'Exarch', 0, 1, 0, '2014-04-27'),
(274, 163, 'Exarch', 1, 0, 1, '2014-04-26'),
(274, 168, 'Exarch', 1, 1, 0, '2014-04-28'),
(274, 172, 'Exarch', 1, 1, 0, '2014-04-28'),
(274, 186, 'Dixie Magic', 0, 0, 1, '2014-04-26'),
(274, 194, 'Dixie Magic', 1, 0, 1, '2014-04-27'),
(274, 215, 'Fabio', 1, 0, 1, '2014-04-28'),
(274, 219, 'Fabio', 1, 0, 1, '2014-04-27'),
(274, 220, 'Fabio', 1, 0, 1, '2014-04-26'),
(274, 245, 'Empire Maiden', 0, 0, 1, '2014-04-28'),
(274, 249, 'Empire Maiden', 1, 1, 0, '2014-04-27'),
(275, 8, 'Covenant', 1, 0, 1, '2014-04-26'),
(275, 9, 'Covenant', 1, 1, 0, '2014-04-28'),
(275, 10, 'Covenant', 0, 1, 0, '2014-04-27'),
(275, 11, 'Covenant', 1, 1, 0, '2014-04-26'),
(275, 12, 'Covenant', 1, 0, 1, '2014-04-28'),
(275, 42, 'Sea Hawk', 1, 1, 0, '2014-04-27'),
(275, 43, 'Sea Hawk', 0, 0, 1, '2014-04-26'),
(275, 44, 'Sea Hawk', 1, 1, 0, '2014-04-28'),
(275, 45, 'Sea Hawk', 1, 1, 0, '2014-04-27'),
(275, 70, 'Conqueror', 1, 1, 0, '2014-04-26'),
(275, 71, 'Conqueror', 0, 1, 0, '2014-04-28'),
(289, 34, 'Sea Hawk', 1, 1, 0, '2012-03-09'),
(289, 35, 'Sea Hawk', 1, 1, 0, '2012-03-08'),
(289, 94, 'Blue Skies', 1, 1, 0, '2012-03-10'),
(289, 95, 'Blue Skies', 0, 1, 0, '2012-03-09'),
(289, 110, 'Barebottom', 1, 1, 0, '2012-03-10'),
(289, 116, 'Barebottom', 0, 0, 1, '2012-03-08'),
(289, 117, 'Barebottom', 1, 1, 0, '2012-03-08'),
(289, 119, 'Barebottom', 1, 1, 0, '2012-03-10'),
(289, 128, 'Barebottom', 1, 0, 1, '2012-03-09'),
(289, 194, 'Dixie Magic', 1, 0, 1, '2012-03-09'),
(289, 221, 'Fabio', 1, 0, 1, '2012-03-08'),
(290, 19, 'Argo', 1, 0, 1, '2012-03-10'),
(290, 20, 'Argo', 1, 1, 0, '2012-03-09'),
(290, 21, 'Argo', 1, 1, 0, '2012-03-08'),
(290, 107, 'ALTERNATION', 0, 0, 1, '2012-03-10'),
(290, 108, 'ALTERNATION', 1, 1, 0, '2012-03-09'),
(290, 109, 'ALTERNATION', 1, 1, 0, '2012-03-08'),
(290, 113, 'Ala Maris', 1, 0, 1, '2012-03-10'),
(290, 115, 'Ala Maris', 0, 0, 1, '2012-03-09'),
(290, 199, 'APHRODITE', 1, 1, 0, '2012-03-08'),
(290, 200, 'APHRODITE', 1, 1, 0, '2012-03-10'),
(290, 201, 'APHRODITE', 1, 0, 1, '2012-03-09'),
(291, 87, 'Blue Skies', 0, 0, 1, '2012-03-08'),
(291, 88, 'Blue Skies', 1, 1, 0, '2012-03-10'),
(291, 89, 'Blue Skies', 1, 1, 0, '2012-03-09'),
(291, 90, 'Blue Skies', 1, 1, 0, '2012-03-08'),
(291, 119, 'Barebottom', 0, 1, 0, '2012-03-10'),
(291, 133, 'Barebottom', 1, 0, 1, '2012-03-09'),
(291, 135, 'Barebottom', 1, 1, 0, '2012-03-08'),
(291, 154, 'Raven', 1, 1, 0, '2012-03-10'),
(291, 162, 'Exarch', 0, 1, 0, '2012-03-09'),
(291, 163, 'Exarch', 1, 0, 1, '2012-03-08'),
(291, 168, 'Exarch', 1, 1, 0, '2012-03-10'),
(292, 2, 'Covenant', 1, 1, 0, '2012-03-09'),
(292, 5, 'Covenant', 0, 0, 1, '2012-03-08'),
(292, 6, 'Covenant', 1, 1, 0, '2012-03-10'),
(292, 36, 'Sea Hawk', 1, 1, 0, '2012-03-09'),
(292, 71, 'Conqueror', 1, 1, 0, '2012-03-08'),
(292, 76, 'Conqueror', 0, 1, 0, '2012-03-10'),
(292, 95, 'Blue Skies', 1, 1, 0, '2012-03-09'),
(292, 99, 'Blue Skies', 1, 0, 1, '2012-03-08'),
(292, 158, 'Raven', 1, 0, 1, '2012-03-10'),
(292, 165, 'Exarch', 0, 1, 0, '2012-03-09'),
(292, 166, 'Exarch', 1, 1, 0, '2012-03-08'),
(293, 151, 'Raven', 1, 1, 0, '2012-03-10'),
(293, 152, 'Raven', 1, 1, 0, '2012-03-09'),
(293, 153, 'Raven', 0, 1, 0, '2012-03-08'),
(293, 213, 'Fabio', 1, 1, 0, '2012-03-10'),
(293, 214, 'Fabio', 1, 0, 1, '2012-03-09'),
(293, 215, 'Fabio', 1, 0, 1, '2012-03-08'),
(293, 216, 'Fabio', 0, 1, 0, '2012-03-10'),
(293, 217, 'Fabio', 1, 1, 0, '2012-03-09'),
(293, 243, 'Empire Maiden', 1, 0, 1, '2012-03-08'),
(293, 244, 'Empire Maiden', 1, 1, 0, '2012-03-10'),
(293, 245, 'Empire Maiden', 0, 0, 1, '2012-03-09'),
(294, 11, 'Covenant', 1, 1, 0, '2012-03-08'),
(294, 12, 'Covenant', 1, 0, 1, '2012-03-10'),
(294, 13, 'Covenant', 1, 1, 0, '2012-03-09'),
(294, 14, 'Covenant', 0, 0, 1, '2012-03-08'),
(294, 38, 'Sea Hawk', 1, 1, 0, '2012-03-10'),
(294, 39, 'Sea Hawk', 1, 1, 0, '2012-03-09'),
(294, 40, 'Sea Hawk', 1, 1, 0, '2012-03-08'),
(294, 58, 'Conqueror', 0, 0, 1, '2012-03-10'),
(294, 59, 'Conqueror', 1, 1, 0, '2012-03-09'),
(294, 60, 'Conqueror', 1, 1, 0, '2012-03-08'),
(294, 61, 'Conqueror', 1, 1, 0, '2012-03-10'),
(295, 113, 'Ala Maris', 0, 0, 1, '2012-03-09'),
(295, 115, 'Ala Maris', 1, 0, 1, '2012-03-10'),
(295, 116, 'Ala Maris', 1, 0, 1, '2012-03-09'),
(295, 142, 'Hope Two', 0, 0, 1, '2012-03-08'),
(295, 143, 'Hope Two', 1, 0, 1, '2012-03-10'),
(295, 144, 'Hope Two', 1, 0, 1, '2012-03-09'),
(295, 171, 'Funky', 1, 1, 0, '2012-03-08'),
(295, 172, 'Funky', 0, 1, 0, '2012-03-10'),
(295, 173, 'Funky', 1, 1, 0, '2012-03-09'),
(295, 189, 'APHRODITE', 1, 1, 0, '2012-03-08'),
(296, 42, 'Sea Hawk', 1, 1, 0, '2012-03-10'),
(296, 43, 'Sea Hawk', 0, 0, 1, '2012-03-09'),
(296, 44, 'Sea Hawk', 1, 1, 0, '2012-03-08'),
(296, 64, 'Conqueror', 1, 0, 1, '2012-03-10'),
(296, 65, 'Conqueror', 1, 1, 0, '2012-03-09'),
(296, 66, 'Conqueror', 0, 1, 0, '2012-03-08'),
(296, 67, 'Conqueror', 1, 1, 0, '2012-03-10'),
(296, 149, 'Raven', 1, 1, 0, '2012-03-09'),
(296, 150, 'Raven', 1, 1, 0, '2012-03-08'),
(296, 151, 'Raven', 0, 1, 0, '2012-03-10'),
(296, 152, 'Raven', 1, 1, 0, '2012-03-09'),
(297, 75, 'Conqueror', 0, 0, 1, '2012-03-09'),
(297, 76, 'Conqueror', 1, 1, 0, '2012-03-08'),
(297, 78, 'Conqueror', 1, 0, 1, '2012-03-10'),
(297, 81, 'Conqueror', 1, 1, 0, '2012-03-08'),
(297, 228, 'Fabio', 1, 0, 1, '2012-03-10'),
(297, 229, 'Fabio', 1, 1, 0, '2012-03-09'),
(297, 230, 'Fabio', 0, 1, 0, '2012-03-08'),
(297, 246, 'Empire Maiden', 1, 1, 0, '2012-03-10'),
(297, 247, 'Empire Maiden', 1, 1, 0, '2012-03-09'),
(297, 248, 'Empire Maiden', 1, 1, 0, '2012-03-08'),
(297, 254, 'Empire Maiden', 0, 0, 1, '2012-03-10'),
(298, 162, 'Exarch', 1, 1, 0, '2012-03-08'),
(298, 163, 'Exarch', 1, 0, 1, '2012-03-10'),
(298, 168, 'Exarch', 0, 1, 0, '2012-03-09'),
(298, 172, 'Exarch', 1, 1, 0, '2012-03-09'),
(298, 186, 'Dixie Magic', 1, 0, 1, '2012-03-10'),
(298, 194, 'Dixie Magic', 1, 0, 1, '2012-03-08'),
(298, 215, 'Fabio', 1, 0, 1, '2012-03-09'),
(298, 219, 'Fabio', 0, 0, 1, '2012-03-08'),
(298, 220, 'Fabio', 1, 0, 1, '2012-03-10'),
(298, 245, 'Empire Maiden', 1, 0, 1, '2012-03-09'),
(298, 249, 'Empire Maiden', 1, 1, 0, '2012-03-08'),
(299, 8, 'Covenant', 0, 0, 1, '2012-03-10'),
(299, 9, 'Covenant', 1, 1, 0, '2012-03-09'),
(299, 10, 'Covenant', 1, 1, 0, '2012-03-08'),
(299, 11, 'Covenant', 1, 1, 0, '2012-03-10'),
(299, 12, 'Covenant', 0, 0, 1, '2012-03-09'),
(299, 42, 'Sea Hawk', 1, 1, 0, '2012-03-08'),
(299, 43, 'Sea Hawk', 1, 0, 1, '2012-03-10'),
(299, 44, 'Sea Hawk', 1, 1, 0, '2012-03-09'),
(299, 45, 'Sea Hawk', 0, 1, 0, '2012-03-08'),
(299, 70, 'Conqueror', 1, 1, 0, '2012-03-10'),
(299, 71, 'Conqueror', 1, 1, 0, '2012-03-09'),
(313, 34, 'Sea Hawk', 1, 1, 0, '2013-03-21'),
(313, 35, 'Sea Hawk', 0, 1, 0, '2013-03-23'),
(313, 94, 'Blue Skies', 1, 1, 0, '2013-03-22'),
(313, 95, 'Blue Skies', 1, 1, 0, '2013-03-21'),
(313, 110, 'Barebottom', 1, 1, 0, '2013-03-22'),
(313, 116, 'Barebottom', 1, 0, 1, '2013-03-23'),
(313, 117, 'Barebottom', 1, 1, 0, '2013-03-23'),
(313, 119, 'Barebottom', 0, 1, 0, '2013-03-22'),
(313, 128, 'Barebottom', 1, 0, 1, '2013-03-21'),
(313, 194, 'Dixie Magic', 0, 0, 1, '2013-03-21'),
(313, 221, 'Fabio', 1, 0, 1, '2013-03-23'),
(314, 19, 'Argo', 1, 0, 1, '2013-03-22'),
(314, 20, 'Argo', 1, 1, 0, '2013-03-21'),
(314, 21, 'Argo', 0, 1, 0, '2013-03-23'),
(314, 107, 'ALTERNATION', 1, 0, 1, '2013-03-22'),
(314, 108, 'ALTERNATION', 1, 1, 0, '2013-03-21'),
(314, 109, 'ALTERNATION', 1, 1, 0, '2013-03-23'),
(314, 113, 'Ala Maris', 0, 0, 1, '2013-03-22'),
(314, 115, 'Ala Maris', 1, 0, 1, '2013-03-21'),
(314, 199, 'APHRODITE', 1, 1, 0, '2013-03-23'),
(314, 200, 'APHRODITE', 1, 1, 0, '2013-03-22'),
(314, 201, 'APHRODITE', 0, 0, 1, '2013-03-21'),
(315, 87, 'Blue Skies', 1, 0, 1, '2013-03-23'),
(315, 88, 'Blue Skies', 1, 1, 0, '2013-03-22'),
(315, 89, 'Blue Skies', 1, 1, 0, '2013-03-21'),
(315, 90, 'Blue Skies', 0, 1, 0, '2013-03-23'),
(315, 119, 'Barebottom', 1, 1, 0, '2013-03-22'),
(315, 133, 'Barebottom', 1, 0, 1, '2013-03-21'),
(315, 135, 'Barebottom', 1, 1, 0, '2013-03-23'),
(315, 154, 'Raven', 0, 1, 0, '2013-03-22'),
(315, 162, 'Exarch', 1, 1, 0, '2013-03-21'),
(315, 163, 'Exarch', 1, 0, 1, '2013-03-23'),
(315, 168, 'Exarch', 1, 1, 0, '2013-03-22'),
(316, 2, 'Covenant', 0, 1, 0, '2013-03-21'),
(316, 5, 'Covenant', 1, 0, 1, '2013-03-23'),
(316, 6, 'Covenant', 1, 1, 0, '2013-03-22'),
(316, 36, 'Sea Hawk', 1, 1, 0, '2013-03-21'),
(316, 71, 'Conqueror', 0, 1, 0, '2013-03-23'),
(316, 76, 'Conqueror', 1, 1, 0, '2013-03-22'),
(316, 95, 'Blue Skies', 1, 1, 0, '2013-03-21'),
(316, 99, 'Blue Skies', 1, 0, 1, '2013-03-23'),
(316, 158, 'Raven', 0, 0, 1, '2013-03-22'),
(316, 165, 'Exarch', 1, 1, 0, '2013-03-21'),
(316, 166, 'Exarch', 1, 1, 0, '2013-03-23'),
(317, 151, 'Raven', 1, 1, 0, '2013-03-22'),
(317, 152, 'Raven', 0, 1, 0, '2013-03-21'),
(317, 153, 'Raven', 1, 1, 0, '2013-03-23'),
(317, 213, 'Fabio', 1, 1, 0, '2013-03-22'),
(317, 214, 'Fabio', 1, 0, 1, '2013-03-21'),
(317, 215, 'Fabio', 0, 0, 1, '2013-03-23'),
(317, 216, 'Fabio', 1, 1, 0, '2013-03-22'),
(317, 217, 'Fabio', 1, 1, 0, '2013-03-21'),
(317, 243, 'Empire Maiden', 1, 0, 1, '2013-03-23'),
(317, 244, 'Empire Maiden', 0, 1, 0, '2013-03-22'),
(317, 245, 'Empire Maiden', 1, 0, 1, '2013-03-21'),
(318, 11, 'Covenant', 1, 1, 0, '2013-03-23'),
(318, 12, 'Covenant', 1, 0, 1, '2013-03-22'),
(318, 13, 'Covenant', 0, 1, 0, '2013-03-21'),
(318, 14, 'Covenant', 1, 0, 1, '2013-03-23'),
(318, 38, 'Sea Hawk', 1, 1, 0, '2013-03-22'),
(318, 39, 'Sea Hawk', 1, 1, 0, '2013-03-21'),
(318, 40, 'Sea Hawk', 0, 1, 0, '2013-03-23'),
(318, 58, 'Conqueror', 1, 0, 1, '2013-03-22'),
(318, 59, 'Conqueror', 1, 1, 0, '2013-03-21'),
(318, 60, 'Conqueror', 1, 1, 0, '2013-03-23'),
(318, 61, 'Conqueror', 0, 1, 0, '2013-03-22'),
(319, 113, 'Ala Maris', 1, 0, 1, '2013-03-23'),
(319, 115, 'Ala Maris', 1, 0, 1, '2013-03-22'),
(319, 116, 'Ala Maris', 0, 0, 1, '2013-03-21'),
(319, 142, 'Hope Two', 1, 0, 1, '2013-03-23'),
(319, 143, 'Hope Two', 1, 0, 1, '2013-03-22'),
(319, 171, 'Funky', 0, 1, 0, '2013-03-23'),
(319, 172, 'Funky', 1, 1, 0, '2013-03-22'),
(319, 173, 'Funky', 1, 1, 0, '2013-03-21'),
(319, 189, 'APHRODITE', 1, 1, 0, '2013-03-23'),
(320, 42, 'Sea Hawk', 0, 1, 0, '2013-03-22'),
(320, 43, 'Sea Hawk', 1, 0, 1, '2013-03-21'),
(320, 44, 'Sea Hawk', 1, 1, 0, '2013-03-23'),
(320, 64, 'Conqueror', 1, 0, 1, '2013-03-22'),
(320, 65, 'Conqueror', 0, 1, 0, '2013-03-21'),
(320, 66, 'Conqueror', 1, 1, 0, '2013-03-23'),
(320, 67, 'Conqueror', 1, 1, 0, '2013-03-22'),
(320, 149, 'Raven', 1, 1, 0, '2013-03-21'),
(320, 150, 'Raven', 0, 1, 0, '2013-03-23'),
(320, 151, 'Raven', 1, 1, 0, '2013-03-22'),
(320, 152, 'Raven', 1, 1, 0, '2013-03-21'),
(321, 75, 'Conqueror', 1, 0, 1, '2013-03-21'),
(321, 76, 'Conqueror', 1, 1, 0, '2013-03-23'),
(321, 78, 'Conqueror', 0, 0, 1, '2013-03-22'),
(321, 81, 'Conqueror', 1, 1, 0, '2013-03-23'),
(321, 228, 'Fabio', 1, 0, 1, '2013-03-22'),
(321, 229, 'Fabio', 0, 1, 0, '2013-03-21'),
(321, 230, 'Fabio', 1, 1, 0, '2013-03-23'),
(321, 246, 'Empire Maiden', 1, 1, 0, '2013-03-22'),
(321, 247, 'Empire Maiden', 1, 1, 0, '2013-03-21'),
(321, 248, 'Empire Maiden', 0, 1, 0, '2013-03-23'),
(321, 254, 'Empire Maiden', 1, 0, 1, '2013-03-22'),
(322, 162, 'Exarch', 1, 1, 0, '2013-03-23'),
(322, 163, 'Exarch', 0, 0, 1, '2013-03-22'),
(322, 168, 'Exarch', 1, 1, 0, '2013-03-21'),
(322, 172, 'Exarch', 1, 1, 0, '2013-03-21'),
(322, 186, 'Dixie Magic', 1, 0, 1, '2013-03-22'),
(322, 194, 'Dixie Magic', 1, 0, 1, '2013-03-23'),
(322, 215, 'Fabio', 0, 0, 1, '2013-03-21'),
(322, 219, 'Fabio', 1, 0, 1, '2013-03-23'),
(322, 220, 'Fabio', 1, 0, 1, '2013-03-22'),
(322, 245, 'Empire Maiden', 1, 0, 1, '2013-03-21'),
(322, 249, 'Empire Maiden', 0, 1, 0, '2013-03-23'),
(323, 8, 'Covenant', 1, 0, 1, '2013-03-22'),
(323, 9, 'Covenant', 1, 1, 0, '2013-03-21'),
(323, 10, 'Covenant', 1, 1, 0, '2013-03-23'),
(323, 11, 'Covenant', 0, 1, 0, '2013-03-22'),
(323, 12, 'Covenant', 1, 0, 1, '2013-03-21'),
(323, 42, 'Sea Hawk', 1, 1, 0, '2013-03-23'),
(323, 43, 'Sea Hawk', 1, 0, 1, '2013-03-22'),
(323, 44, 'Sea Hawk', 0, 1, 0, '2013-03-21'),
(323, 45, 'Sea Hawk', 1, 1, 0, '2013-03-23'),
(323, 70, 'Conqueror', 1, 1, 0, '2013-03-22'),
(323, 71, 'Conqueror', 1, 1, 0, '2013-03-21'),
(337, 34, 'Sea Hawk', 0, 1, 0, '2014-01-12'),
(337, 35, 'Sea Hawk', 1, 1, 0, '2014-01-11'),
(337, 94, 'Blue Skies', 1, 1, 0, '2014-01-10'),
(337, 95, 'Blue Skies', 1, 1, 0, '2014-01-12'),
(337, 110, 'Barebottom', 0, 1, 0, '2014-01-10'),
(337, 116, 'Barebottom', 1, 0, 1, '2014-01-11'),
(337, 117, 'Barebottom', 0, 1, 0, '2014-01-11'),
(337, 119, 'Barebottom', 1, 1, 0, '2014-01-10'),
(337, 128, 'Barebottom', 1, 0, 1, '2014-01-12'),
(337, 194, 'Dixie Magic', 1, 0, 1, '2014-01-12'),
(337, 221, 'Fabio', 1, 0, 1, '2014-01-11'),
(338, 19, 'Argo', 1, 0, 1, '2014-01-10'),
(338, 20, 'Argo', 0, 1, 0, '2014-01-12'),
(338, 21, 'Argo', 1, 1, 0, '2014-01-11'),
(338, 107, 'ALTERNATION', 1, 0, 1, '2014-01-10'),
(338, 108, 'ALTERNATION', 1, 1, 0, '2014-01-12'),
(338, 109, 'ALTERNATION', 0, 1, 0, '2014-01-11'),
(338, 113, 'Ala Maris', 1, 0, 1, '2014-01-10'),
(338, 115, 'Ala Maris', 1, 0, 1, '2014-01-12'),
(338, 199, 'APHRODITE', 1, 1, 0, '2014-01-11'),
(338, 200, 'APHRODITE', 0, 1, 0, '2014-01-10'),
(338, 201, 'APHRODITE', 1, 0, 1, '2014-01-12'),
(339, 87, 'Blue Skies', 1, 0, 1, '2014-01-11'),
(339, 88, 'Blue Skies', 1, 1, 0, '2014-01-10'),
(339, 89, 'Blue Skies', 0, 1, 0, '2014-01-12'),
(339, 90, 'Blue Skies', 1, 1, 0, '2014-01-11'),
(339, 119, 'Barebottom', 1, 1, 0, '2014-01-10'),
(339, 133, 'Barebottom', 1, 0, 1, '2014-01-12'),
(339, 135, 'Barebottom', 0, 1, 0, '2014-01-11'),
(339, 154, 'Raven', 1, 1, 0, '2014-01-10'),
(339, 162, 'Exarch', 1, 1, 0, '2014-01-12'),
(339, 163, 'Exarch', 1, 0, 1, '2014-01-11'),
(339, 168, 'Exarch', 0, 1, 0, '2014-01-10'),
(340, 2, 'Covenant', 1, 1, 0, '2014-01-12'),
(340, 5, 'Covenant', 1, 0, 1, '2014-01-11'),
(340, 6, 'Covenant', 1, 1, 0, '2014-01-10'),
(340, 36, 'Sea Hawk', 0, 1, 0, '2014-01-12'),
(340, 71, 'Conqueror', 1, 1, 0, '2014-01-11'),
(340, 76, 'Conqueror', 1, 1, 0, '2014-01-10'),
(340, 95, 'Blue Skies', 1, 1, 0, '2014-01-12'),
(340, 99, 'Blue Skies', 0, 0, 1, '2014-01-11'),
(340, 158, 'Raven', 1, 0, 1, '2014-01-10'),
(340, 165, 'Exarch', 1, 1, 0, '2014-01-12'),
(340, 166, 'Exarch', 1, 1, 0, '2014-01-11'),
(341, 151, 'Raven', 0, 1, 0, '2014-01-10'),
(341, 152, 'Raven', 1, 1, 0, '2014-01-12'),
(341, 153, 'Raven', 1, 1, 0, '2014-01-11'),
(341, 213, 'Fabio', 1, 1, 0, '2014-01-10'),
(341, 214, 'Fabio', 0, 0, 1, '2014-01-12'),
(341, 215, 'Fabio', 1, 0, 1, '2014-01-11'),
(341, 216, 'Fabio', 1, 1, 0, '2014-01-10'),
(341, 217, 'Fabio', 1, 1, 0, '2014-01-12'),
(341, 243, 'Empire Maiden', 0, 0, 1, '2014-01-11'),
(341, 244, 'Empire Maiden', 1, 1, 0, '2014-01-10'),
(341, 245, 'Empire Maiden', 1, 0, 1, '2014-01-12'),
(342, 11, 'Covenant', 1, 1, 0, '2014-01-11'),
(342, 12, 'Covenant', 0, 0, 1, '2014-01-10'),
(342, 13, 'Covenant', 1, 1, 0, '2014-01-12'),
(342, 14, 'Covenant', 1, 0, 1, '2014-01-11'),
(342, 38, 'Sea Hawk', 1, 1, 0, '2014-01-10'),
(342, 39, 'Sea Hawk', 0, 1, 0, '2014-01-12'),
(342, 40, 'Sea Hawk', 1, 1, 0, '2014-01-11'),
(342, 58, 'Conqueror', 1, 0, 1, '2014-01-10'),
(342, 59, 'Conqueror', 1, 1, 0, '2014-01-12'),
(342, 60, 'Conqueror', 0, 1, 0, '2014-01-11'),
(342, 61, 'Conqueror', 1, 1, 0, '2014-01-10'),
(343, 113, 'Ala Maris', 1, 0, 1, '2014-01-11'),
(343, 115, 'Ala Maris', 0, 0, 1, '2014-01-10'),
(343, 116, 'Ala Maris', 1, 0, 1, '2014-01-12'),
(343, 142, 'Hope Two', 1, 0, 1, '2014-01-11'),
(343, 143, 'Hope Two', 1, 0, 1, '2014-01-10'),
(343, 171, 'Funky', 1, 1, 0, '2014-01-11'),
(343, 172, 'Funky', 1, 1, 0, '2014-01-10'),
(343, 173, 'Funky', 1, 1, 0, '2014-01-12'),
(343, 189, 'APHRODITE', 0, 1, 0, '2014-01-11'),
(344, 42, 'Sea Hawk', 1, 1, 0, '2014-01-10'),
(344, 43, 'Sea Hawk', 1, 0, 1, '2014-01-12'),
(344, 44, 'Sea Hawk', 1, 1, 0, '2014-01-11'),
(344, 64, 'Conqueror', 0, 0, 1, '2014-01-10'),
(344, 65, 'Conqueror', 1, 1, 0, '2014-01-12'),
(344, 66, 'Conqueror', 1, 1, 0, '2014-01-11'),
(344, 67, 'Conqueror', 1, 1, 0, '2014-01-10'),
(344, 149, 'Raven', 0, 1, 0, '2014-01-12'),
(344, 150, 'Raven', 1, 1, 0, '2014-01-11'),
(344, 151, 'Raven', 1, 1, 0, '2014-01-10'),
(344, 152, 'Raven', 1, 1, 0, '2014-01-12'),
(345, 75, 'Conqueror', 1, 0, 1, '2014-01-12'),
(345, 76, 'Conqueror', 1, 1, 0, '2014-01-11'),
(345, 78, 'Conqueror', 1, 0, 1, '2014-01-10'),
(345, 81, 'Conqueror', 0, 1, 0, '2014-01-11'),
(345, 228, 'Fabio', 0, 0, 1, '2014-01-10'),
(345, 229, 'Fabio', 1, 1, 0, '2014-01-12'),
(345, 230, 'Fabio', 1, 1, 0, '2014-01-11'),
(345, 246, 'Empire Maiden', 1, 1, 0, '2014-01-10'),
(345, 247, 'Empire Maiden', 0, 1, 0, '2014-01-12'),
(345, 248, 'Empire Maiden', 1, 1, 0, '2014-01-11'),
(345, 254, 'Empire Maiden', 1, 0, 1, '2014-01-10'),
(346, 162, 'Exarch', 0, 1, 0, '2014-01-11'),
(346, 163, 'Exarch', 1, 0, 1, '2014-01-10'),
(346, 168, 'Exarch', 1, 1, 0, '2014-01-12'),
(346, 172, 'Exarch', 1, 1, 0, '2014-01-12'),
(346, 186, 'Dixie Magic', 0, 0, 1, '2014-01-10'),
(346, 194, 'Dixie Magic', 1, 0, 1, '2014-01-11'),
(346, 215, 'Fabio', 1, 0, 1, '2014-01-12'),
(346, 219, 'Fabio', 1, 0, 1, '2014-01-11'),
(346, 220, 'Fabio', 1, 0, 1, '2014-01-10'),
(346, 245, 'Empire Maiden', 0, 0, 1, '2014-01-12'),
(346, 249, 'Empire Maiden', 1, 1, 0, '2014-01-11'),
(347, 8, 'Covenant', 1, 0, 1, '2014-01-10'),
(347, 9, 'Covenant', 1, 1, 0, '2014-01-12'),
(347, 10, 'Covenant', 0, 1, 0, '2014-01-11'),
(347, 11, 'Covenant', 1, 1, 0, '2014-01-10'),
(347, 12, 'Covenant', 1, 0, 1, '2014-01-12'),
(347, 42, 'Sea Hawk', 1, 1, 0, '2014-01-11'),
(347, 43, 'Sea Hawk', 0, 0, 1, '2014-01-10'),
(347, 44, 'Sea Hawk', 1, 1, 0, '2014-01-12'),
(347, 45, 'Sea Hawk', 1, 1, 0, '2014-01-11'),
(347, 70, 'Conqueror', 1, 1, 0, '2014-01-10'),
(347, 71, 'Conqueror', 0, 1, 0, '2014-01-12'),
(361, 34, 'Sea Hawk', 1, 1, 0, '2012-04-13'),
(361, 35, 'Sea Hawk', 1, 1, 0, '2012-04-12'),
(361, 94, 'Blue Skies', 1, 1, 0, '2012-04-14'),
(361, 95, 'Blue Skies', 0, 1, 0, '2012-04-13'),
(361, 110, 'Barebottom', 1, 1, 0, '2012-04-14'),
(361, 116, 'Barebottom', 0, 0, 1, '2012-04-12'),
(361, 117, 'Barebottom', 1, 1, 0, '2012-04-12'),
(361, 119, 'Barebottom', 1, 1, 0, '2012-04-14'),
(361, 128, 'Barebottom', 1, 0, 1, '2012-04-13'),
(361, 194, 'Dixie Magic', 1, 0, 1, '2012-04-13'),
(361, 221, 'Fabio', 1, 0, 1, '2012-04-12'),
(362, 19, 'Argo', 0, 0, 1, '2012-04-14'),
(362, 20, 'Argo', 1, 1, 0, '2012-04-13'),
(362, 21, 'Argo', 1, 1, 0, '2012-04-12'),
(362, 107, 'ALTERNATION', 1, 0, 1, '2012-04-14'),
(362, 108, 'ALTERNATION', 0, 1, 0, '2012-04-13'),
(362, 109, 'ALTERNATION', 1, 1, 0, '2012-04-12'),
(362, 113, 'Ala Maris', 1, 0, 1, '2012-04-14'),
(362, 115, 'Ala Maris', 1, 0, 1, '2012-04-13'),
(362, 199, 'APHRODITE', 0, 1, 0, '2012-04-12'),
(362, 200, 'APHRODITE', 1, 1, 0, '2012-04-14'),
(362, 201, 'APHRODITE', 1, 0, 1, '2012-04-13'),
(363, 87, 'Blue Skies', 1, 0, 1, '2012-04-12'),
(363, 88, 'Blue Skies', 0, 1, 0, '2012-04-14'),
(363, 89, 'Blue Skies', 1, 1, 0, '2012-04-13'),
(363, 90, 'Blue Skies', 1, 1, 0, '2012-04-12'),
(363, 119, 'Barebottom', 1, 1, 0, '2012-04-14'),
(363, 133, 'Barebottom', 0, 0, 1, '2012-04-13'),
(363, 135, 'Barebottom', 1, 1, 0, '2012-04-12'),
(363, 154, 'Raven', 1, 1, 0, '2012-04-14'),
(363, 162, 'Exarch', 1, 1, 0, '2012-04-13'),
(363, 163, 'Exarch', 0, 0, 1, '2012-04-12'),
(363, 168, 'Exarch', 1, 1, 0, '2012-04-14'),
(364, 2, 'Covenant', 1, 1, 0, '2012-04-13'),
(364, 5, 'Covenant', 1, 0, 1, '2012-04-12'),
(364, 6, 'Covenant', 0, 1, 0, '2012-04-14'),
(364, 36, 'Sea Hawk', 1, 1, 0, '2012-04-13'),
(364, 71, 'Conqueror', 1, 1, 0, '2012-04-12'),
(364, 76, 'Conqueror', 1, 1, 0, '2012-04-14'),
(364, 95, 'Blue Skies', 0, 1, 0, '2012-04-13'),
(364, 99, 'Blue Skies', 1, 0, 1, '2012-04-12'),
(364, 158, 'Raven', 1, 0, 1, '2012-04-14'),
(364, 165, 'Exarch', 1, 1, 0, '2012-04-13'),
(364, 166, 'Exarch', 0, 1, 0, '2012-04-12'),
(365, 151, 'Raven', 1, 1, 0, '2012-04-14'),
(365, 152, 'Raven', 1, 1, 0, '2012-04-13'),
(365, 153, 'Raven', 1, 1, 0, '2012-04-12'),
(365, 213, 'Fabio', 0, 1, 0, '2012-04-14'),
(365, 214, 'Fabio', 1, 0, 1, '2012-04-13'),
(365, 215, 'Fabio', 1, 0, 1, '2012-04-12'),
(365, 216, 'Fabio', 1, 1, 0, '2012-04-14'),
(365, 217, 'Fabio', 0, 1, 0, '2012-04-13'),
(365, 243, 'Empire Maiden', 1, 0, 1, '2012-04-12'),
(365, 244, 'Empire Maiden', 1, 1, 0, '2012-04-14'),
(365, 245, 'Empire Maiden', 1, 0, 1, '2012-04-13'),
(366, 11, 'Covenant', 0, 1, 0, '2012-04-12'),
(366, 12, 'Covenant', 1, 0, 1, '2012-04-14'),
(366, 13, 'Covenant', 1, 1, 0, '2012-04-13'),
(366, 14, 'Covenant', 1, 0, 1, '2012-04-12'),
(366, 38, 'Sea Hawk', 0, 1, 0, '2012-04-14'),
(366, 39, 'Sea Hawk', 1, 1, 0, '2012-04-13'),
(366, 40, 'Sea Hawk', 1, 1, 0, '2012-04-12'),
(366, 58, 'Conqueror', 1, 0, 1, '2012-04-14'),
(366, 59, 'Conqueror', 0, 1, 0, '2012-04-13'),
(366, 60, 'Conqueror', 1, 1, 0, '2012-04-12'),
(366, 61, 'Conqueror', 1, 1, 0, '2012-04-14'),
(367, 113, 'Ala Maris', 0, 0, 1, '2012-04-12'),
(367, 115, 'Ala Maris', 1, 0, 1, '2012-04-14'),
(367, 116, 'Ala Maris', 1, 0, 1, '2012-04-13'),
(367, 142, 'Hope Two', 1, 0, 1, '2012-04-12'),
(367, 143, 'Hope Two', 0, 0, 1, '2012-04-14'),
(367, 144, 'Hope Two', 1, 0, 1, '2012-04-13'),
(367, 171, 'Funky', 1, 1, 0, '2012-04-12'),
(367, 172, 'Funky', 1, 1, 0, '2012-04-14'),
(367, 173, 'Funky', 0, 1, 0, '2012-04-13'),
(367, 189, 'APHRODITE', 1, 1, 0, '2012-04-12'),
(368, 42, 'Sea Hawk', 1, 1, 0, '2012-04-14'),
(368, 43, 'Sea Hawk', 1, 0, 1, '2012-04-13'),
(368, 44, 'Sea Hawk', 0, 1, 0, '2012-04-12'),
(368, 64, 'Conqueror', 1, 0, 1, '2012-04-14'),
(368, 65, 'Conqueror', 1, 1, 0, '2012-04-13'),
(368, 66, 'Conqueror', 1, 1, 0, '2012-04-12'),
(368, 67, 'Conqueror', 0, 1, 0, '2012-04-14'),
(368, 149, 'Raven', 1, 1, 0, '2012-04-13'),
(368, 150, 'Raven', 1, 1, 0, '2012-04-12'),
(368, 151, 'Raven', 1, 1, 0, '2012-04-14'),
(368, 152, 'Raven', 0, 1, 0, '2012-04-13'),
(369, 75, 'Conqueror', 1, 0, 1, '2012-04-13'),
(369, 76, 'Conqueror', 0, 1, 0, '2012-04-12'),
(369, 78, 'Conqueror', 1, 0, 1, '2012-04-14'),
(369, 81, 'Conqueror', 1, 1, 0, '2012-04-12'),
(369, 228, 'Fabio', 1, 0, 1, '2012-04-14'),
(369, 229, 'Fabio', 1, 1, 0, '2012-04-13'),
(369, 230, 'Fabio', 1, 1, 0, '2012-04-12'),
(369, 246, 'Empire Maiden', 0, 1, 0, '2012-04-14'),
(369, 247, 'Empire Maiden', 1, 1, 0, '2012-04-13'),
(369, 248, 'Empire Maiden', 1, 1, 0, '2012-04-12'),
(369, 254, 'Empire Maiden', 1, 0, 1, '2012-04-14'),
(370, 162, 'Exarch', 1, 1, 0, '2012-04-12'),
(370, 163, 'Exarch', 1, 0, 1, '2012-04-14'),
(370, 168, 'Exarch', 1, 1, 0, '2012-04-13'),
(370, 172, 'Exarch', 0, 1, 0, '2012-04-13'),
(370, 186, 'Dixie Magic', 1, 0, 1, '2012-04-14'),
(370, 194, 'Dixie Magic', 0, 0, 1, '2012-04-12'),
(370, 215, 'Fabio', 1, 0, 1, '2012-04-13'),
(370, 219, 'Fabio', 1, 0, 1, '2012-04-12'),
(370, 220, 'Fabio', 0, 0, 1, '2012-04-14'),
(370, 245, 'Empire Maiden', 1, 0, 1, '2012-04-13'),
(370, 249, 'Empire Maiden', 1, 1, 0, '2012-04-12'),
(371, 8, 'Covenant', 1, 0, 1, '2012-04-14'),
(371, 9, 'Covenant', 0, 1, 0, '2012-04-13'),
(371, 10, 'Covenant', 1, 1, 0, '2012-04-12'),
(371, 11, 'Covenant', 1, 1, 0, '2012-04-14'),
(371, 12, 'Covenant', 1, 0, 1, '2012-04-13'),
(371, 42, 'Sea Hawk', 0, 1, 0, '2012-04-12'),
(371, 43, 'Sea Hawk', 1, 0, 1, '2012-04-14'),
(371, 44, 'Sea Hawk', 1, 1, 0, '2012-04-13'),
(371, 45, 'Sea Hawk', 1, 1, 0, '2012-04-12'),
(371, 70, 'Conqueror', 0, 1, 0, '2012-04-14'),
(371, 71, 'Conqueror', 1, 1, 0, '2012-04-13'),
(385, 34, 'Sea Hawk', 1, 1, 0, '2013-08-15'),
(385, 35, 'Sea Hawk', 1, 1, 0, '2013-08-17'),
(385, 94, 'Blue Skies', 0, 1, 0, '2013-08-16'),
(385, 95, 'Blue Skies', 1, 1, 0, '2013-08-15'),
(385, 110, 'Barebottom', 1, 1, 0, '2013-08-16'),
(385, 116, 'Barebottom', 1, 0, 1, '2013-08-17'),
(385, 117, 'Barebottom', 1, 1, 0, '2013-08-17'),
(385, 119, 'Barebottom', 1, 1, 0, '2013-08-16'),
(385, 128, 'Barebottom', 0, 0, 1, '2013-08-15'),
(385, 194, 'Dixie Magic', 1, 0, 1, '2013-08-15'),
(385, 221, 'Fabio', 0, 0, 1, '2013-08-17'),
(386, 19, 'Argo', 1, 0, 1, '2013-08-16'),
(386, 20, 'Argo', 1, 1, 0, '2013-08-15'),
(386, 21, 'Argo', 1, 1, 0, '2013-08-17'),
(386, 107, 'ALTERNATION', 0, 0, 1, '2013-08-16'),
(386, 108, 'ALTERNATION', 1, 1, 0, '2013-08-15'),
(386, 109, 'ALTERNATION', 1, 1, 0, '2013-08-17'),
(386, 113, 'Ala Maris', 1, 0, 1, '2013-08-16'),
(386, 115, 'Ala Maris', 0, 0, 1, '2013-08-15'),
(386, 199, 'APHRODITE', 1, 1, 0, '2013-08-17'),
(386, 200, 'APHRODITE', 1, 1, 0, '2013-08-16'),
(386, 201, 'APHRODITE', 1, 0, 1, '2013-08-15'),
(387, 87, 'Blue Skies', 0, 0, 1, '2013-08-17'),
(387, 88, 'Blue Skies', 1, 1, 0, '2013-08-16'),
(387, 89, 'Blue Skies', 1, 1, 0, '2013-08-15'),
(387, 90, 'Blue Skies', 1, 1, 0, '2013-08-17'),
(387, 119, 'Barebottom', 0, 1, 0, '2013-08-16'),
(387, 133, 'Barebottom', 1, 0, 1, '2013-08-15'),
(387, 135, 'Barebottom', 1, 1, 0, '2013-08-17'),
(387, 154, 'Raven', 1, 1, 0, '2013-08-16'),
(387, 162, 'Exarch', 0, 1, 0, '2013-08-15'),
(387, 163, 'Exarch', 1, 0, 1, '2013-08-17'),
(387, 168, 'Exarch', 1, 1, 0, '2013-08-16'),
(388, 2, 'Covenant', 1, 1, 0, '2013-08-15'),
(388, 5, 'Covenant', 0, 0, 1, '2013-08-17'),
(388, 6, 'Covenant', 1, 1, 0, '2013-08-16'),
(388, 36, 'Sea Hawk', 1, 1, 0, '2013-08-15'),
(388, 71, 'Conqueror', 1, 1, 0, '2013-08-17'),
(388, 76, 'Conqueror', 0, 1, 0, '2013-08-16'),
(388, 95, 'Blue Skies', 1, 1, 0, '2013-08-15'),
(388, 99, 'Blue Skies', 1, 0, 1, '2013-08-17'),
(388, 158, 'Raven', 1, 0, 1, '2013-08-16'),
(388, 165, 'Exarch', 0, 1, 0, '2013-08-15'),
(388, 166, 'Exarch', 1, 1, 0, '2013-08-17'),
(389, 151, 'Raven', 1, 1, 0, '2013-08-16'),
(389, 152, 'Raven', 1, 1, 0, '2013-08-15'),
(389, 153, 'Raven', 0, 1, 0, '2013-08-17'),
(389, 213, 'Fabio', 1, 1, 0, '2013-08-16'),
(389, 214, 'Fabio', 1, 0, 1, '2013-08-15'),
(389, 215, 'Fabio', 1, 0, 1, '2013-08-17'),
(389, 216, 'Fabio', 0, 1, 0, '2013-08-16'),
(389, 217, 'Fabio', 1, 1, 0, '2013-08-15'),
(389, 243, 'Empire Maiden', 1, 0, 1, '2013-08-17'),
(389, 244, 'Empire Maiden', 1, 1, 0, '2013-08-16'),
(389, 245, 'Empire Maiden', 0, 0, 1, '2013-08-15'),
(390, 11, 'Covenant', 1, 1, 0, '2013-08-17'),
(390, 12, 'Covenant', 1, 0, 1, '2013-08-16'),
(390, 13, 'Covenant', 1, 1, 0, '2013-08-15'),
(390, 14, 'Covenant', 0, 0, 1, '2013-08-17'),
(390, 38, 'Sea Hawk', 1, 1, 0, '2013-08-16'),
(390, 39, 'Sea Hawk', 1, 1, 0, '2013-08-15'),
(390, 40, 'Sea Hawk', 1, 1, 0, '2013-08-17'),
(390, 58, 'Conqueror', 0, 0, 1, '2013-08-16'),
(390, 59, 'Conqueror', 1, 1, 0, '2013-08-15'),
(390, 60, 'Conqueror', 1, 1, 0, '2013-08-17'),
(390, 61, 'Conqueror', 1, 1, 0, '2013-08-16'),
(391, 113, 'Ala Maris', 0, 0, 1, '2013-08-15'),
(391, 115, 'Ala Maris', 1, 0, 1, '2013-08-16'),
(391, 116, 'Ala Maris', 1, 0, 1, '2013-08-15'),
(391, 142, 'Hope Two', 0, 0, 1, '2013-08-17'),
(391, 143, 'Hope Two', 1, 0, 1, '2013-08-16'),
(391, 144, 'Hope Two', 1, 0, 1, '2013-08-15'),
(391, 171, 'Funky', 1, 1, 0, '2013-08-17'),
(391, 172, 'Funky', 0, 1, 0, '2013-08-16'),
(391, 173, 'Funky', 1, 1, 0, '2013-08-15'),
(391, 189, 'APHRODITE', 1, 1, 0, '2013-08-17'),
(392, 42, 'Sea Hawk', 1, 1, 0, '2013-08-16'),
(392, 43, 'Sea Hawk', 0, 0, 1, '2013-08-15'),
(392, 44, 'Sea Hawk', 1, 1, 0, '2013-08-17'),
(392, 64, 'Conqueror', 1, 0, 1, '2013-08-16'),
(392, 65, 'Conqueror', 1, 1, 0, '2013-08-15'),
(392, 66, 'Conqueror', 0, 1, 0, '2013-08-17'),
(392, 67, 'Conqueror', 1, 1, 0, '2013-08-16'),
(392, 149, 'Raven', 1, 1, 0, '2013-08-15'),
(392, 150, 'Raven', 1, 1, 0, '2013-08-17'),
(392, 151, 'Raven', 0, 1, 0, '2013-08-16'),
(392, 152, 'Raven', 1, 1, 0, '2013-08-15'),
(393, 75, 'Conqueror', 0, 0, 1, '2013-08-15'),
(393, 76, 'Conqueror', 1, 1, 0, '2013-08-17'),
(393, 78, 'Conqueror', 1, 0, 1, '2013-08-16'),
(393, 81, 'Conqueror', 1, 1, 0, '2013-08-17'),
(393, 228, 'Fabio', 1, 0, 1, '2013-08-16'),
(393, 229, 'Fabio', 1, 1, 0, '2013-08-15'),
(393, 230, 'Fabio', 0, 1, 0, '2013-08-17'),
(393, 246, 'Empire Maiden', 1, 1, 0, '2013-08-16'),
(393, 247, 'Empire Maiden', 1, 1, 0, '2013-08-15'),
(393, 248, 'Empire Maiden', 1, 1, 0, '2013-08-17'),
(393, 254, 'Empire Maiden', 0, 0, 1, '2013-08-16'),
(394, 162, 'Exarch', 1, 1, 0, '2013-08-17'),
(394, 163, 'Exarch', 1, 0, 1, '2013-08-16'),
(394, 168, 'Exarch', 0, 1, 0, '2013-08-15'),
(394, 172, 'Exarch', 1, 1, 0, '2013-08-15'),
(394, 186, 'Dixie Magic', 1, 0, 1, '2013-08-16'),
(394, 194, 'Dixie Magic', 1, 0, 1, '2013-08-17'),
(394, 215, 'Fabio', 1, 0, 1, '2013-08-15'),
(394, 219, 'Fabio', 0, 0, 1, '2013-08-17'),
(394, 220, 'Fabio', 1, 0, 1, '2013-08-16'),
(394, 245, 'Empire Maiden', 1, 0, 1, '2013-08-15'),
(394, 249, 'Empire Maiden', 1, 1, 0, '2013-08-17'),
(395, 8, 'Covenant', 0, 0, 1, '2013-08-16'),
(395, 9, 'Covenant', 1, 1, 0, '2013-08-15'),
(395, 10, 'Covenant', 1, 1, 0, '2013-08-17'),
(395, 11, 'Covenant', 1, 1, 0, '2013-08-16'),
(395, 12, 'Covenant', 0, 0, 1, '2013-08-15'),
(395, 42, 'Sea Hawk', 1, 1, 0, '2013-08-17'),
(395, 43, 'Sea Hawk', 1, 0, 1, '2013-08-16'),
(395, 44, 'Sea Hawk', 1, 1, 0, '2013-08-15'),
(395, 45, 'Sea Hawk', 0, 1, 0, '2013-08-17'),
(395, 70, 'Conqueror', 1, 1, 0, '2013-08-16'),
(395, 71, 'Conqueror', 1, 1, 0, '2013-08-15'),
(409, 34, 'Sea Hawk', 1, 1, 0, '2014-02-23'),
(409, 35, 'Sea Hawk', 0, 1, 0, '2014-02-22'),
(409, 94, 'Blue Skies', 1, 1, 0, '2014-02-21'),
(409, 95, 'Blue Skies', 1, 1, 0, '2014-02-23'),
(409, 110, 'Barebottom', 1, 1, 0, '2014-02-21'),
(409, 116, 'Barebottom', 1, 0, 1, '2014-02-22'),
(409, 117, 'Barebottom', 1, 1, 0, '2014-02-22'),
(409, 119, 'Barebottom', 0, 1, 0, '2014-02-21'),
(409, 128, 'Barebottom', 1, 0, 1, '2014-02-23'),
(409, 194, 'Dixie Magic', 0, 0, 1, '2014-02-23'),
(409, 221, 'Fabio', 1, 0, 1, '2014-02-22'),
(410, 19, 'Argo', 1, 0, 1, '2014-02-21'),
(410, 20, 'Argo', 1, 1, 0, '2014-02-23'),
(410, 21, 'Argo', 0, 1, 0, '2014-02-22'),
(410, 107, 'ALTERNATION', 1, 0, 1, '2014-02-21'),
(410, 108, 'ALTERNATION', 1, 1, 0, '2014-02-23'),
(410, 109, 'ALTERNATION', 1, 1, 0, '2014-02-22'),
(410, 113, 'Ala Maris', 0, 0, 1, '2014-02-21'),
(410, 115, 'Ala Maris', 1, 0, 1, '2014-02-23'),
(410, 199, 'APHRODITE', 1, 1, 0, '2014-02-22'),
(410, 200, 'APHRODITE', 1, 1, 0, '2014-02-21'),
(410, 201, 'APHRODITE', 0, 0, 1, '2014-02-23'),
(411, 87, 'Blue Skies', 1, 0, 1, '2014-02-22'),
(411, 88, 'Blue Skies', 1, 1, 0, '2014-02-21'),
(411, 89, 'Blue Skies', 1, 1, 0, '2014-02-23'),
(411, 90, 'Blue Skies', 0, 1, 0, '2014-02-22'),
(411, 119, 'Barebottom', 1, 1, 0, '2014-02-21'),
(411, 133, 'Barebottom', 1, 0, 1, '2014-02-23'),
(411, 135, 'Barebottom', 1, 1, 0, '2014-02-22'),
(411, 154, 'Raven', 0, 1, 0, '2014-02-21'),
(411, 162, 'Exarch', 1, 1, 0, '2014-02-23'),
(411, 163, 'Exarch', 1, 0, 1, '2014-02-22'),
(411, 168, 'Exarch', 1, 1, 0, '2014-02-21'),
(412, 2, 'Covenant', 0, 1, 0, '2014-02-23'),
(412, 5, 'Covenant', 1, 0, 1, '2014-02-22'),
(412, 6, 'Covenant', 1, 1, 0, '2014-02-21'),
(412, 36, 'Sea Hawk', 1, 1, 0, '2014-02-23'),
(412, 71, 'Conqueror', 0, 1, 0, '2014-02-22'),
(412, 76, 'Conqueror', 1, 1, 0, '2014-02-21'),
(412, 95, 'Blue Skies', 1, 1, 0, '2014-02-23'),
(412, 99, 'Blue Skies', 1, 0, 1, '2014-02-22'),
(412, 158, 'Raven', 0, 0, 1, '2014-02-21'),
(412, 165, 'Exarch', 1, 1, 0, '2014-02-23'),
(412, 166, 'Exarch', 1, 1, 0, '2014-02-22'),
(413, 151, 'Raven', 1, 1, 0, '2014-02-21'),
(413, 152, 'Raven', 0, 1, 0, '2014-02-23'),
(413, 153, 'Raven', 1, 1, 0, '2014-02-22'),
(413, 213, 'Fabio', 1, 1, 0, '2014-02-21'),
(413, 214, 'Fabio', 1, 0, 1, '2014-02-23'),
(413, 215, 'Fabio', 0, 0, 1, '2014-02-22'),
(413, 216, 'Fabio', 1, 1, 0, '2014-02-21'),
(413, 217, 'Fabio', 1, 1, 0, '2014-02-23'),
(413, 243, 'Empire Maiden', 1, 0, 1, '2014-02-22'),
(413, 244, 'Empire Maiden', 0, 1, 0, '2014-02-21'),
(413, 245, 'Empire Maiden', 1, 0, 1, '2014-02-23'),
(414, 11, 'Covenant', 1, 1, 0, '2014-02-22'),
(414, 12, 'Covenant', 1, 0, 1, '2014-02-21'),
(414, 13, 'Covenant', 0, 1, 0, '2014-02-23'),
(414, 14, 'Covenant', 1, 0, 1, '2014-02-22'),
(414, 38, 'Sea Hawk', 1, 1, 0, '2014-02-21'),
(414, 39, 'Sea Hawk', 1, 1, 0, '2014-02-23'),
(414, 40, 'Sea Hawk', 0, 1, 0, '2014-02-22'),
(414, 58, 'Conqueror', 1, 0, 1, '2014-02-21'),
(414, 59, 'Conqueror', 1, 1, 0, '2014-02-23'),
(414, 60, 'Conqueror', 1, 1, 0, '2014-02-22'),
(414, 61, 'Conqueror', 0, 1, 0, '2014-02-21'),
(415, 113, 'Ala Maris', 1, 0, 1, '2014-02-23'),
(415, 115, 'Ala Maris', 1, 0, 1, '2014-02-21'),
(415, 116, 'Ala Maris', 0, 0, 1, '2014-02-23'),
(415, 142, 'Hope Two', 1, 0, 1, '2014-02-22'),
(415, 143, 'Hope Two', 1, 0, 1, '2014-02-21'),
(415, 171, 'Funky', 0, 1, 0, '2014-02-22'),
(415, 172, 'Funky', 1, 1, 0, '2014-02-21'),
(415, 173, 'Funky', 1, 1, 0, '2014-02-23'),
(415, 189, 'APHRODITE', 1, 1, 0, '2014-02-22'),
(416, 42, 'Sea Hawk', 0, 1, 0, '2014-02-21'),
(416, 43, 'Sea Hawk', 1, 0, 1, '2014-02-23'),
(416, 44, 'Sea Hawk', 1, 1, 0, '2014-02-22'),
(416, 64, 'Conqueror', 1, 0, 1, '2014-02-21'),
(416, 65, 'Conqueror', 0, 1, 0, '2014-02-23'),
(416, 66, 'Conqueror', 1, 1, 0, '2014-02-22'),
(416, 67, 'Conqueror', 1, 1, 0, '2014-02-21'),
(416, 149, 'Raven', 1, 1, 0, '2014-02-23'),
(416, 150, 'Raven', 0, 1, 0, '2014-02-22'),
(416, 151, 'Raven', 1, 1, 0, '2014-02-21'),
(416, 152, 'Raven', 1, 1, 0, '2014-02-23'),
(417, 75, 'Conqueror', 1, 0, 1, '2014-02-23'),
(417, 76, 'Conqueror', 1, 1, 0, '2014-02-22'),
(417, 78, 'Conqueror', 0, 0, 1, '2014-02-21'),
(417, 81, 'Conqueror', 1, 1, 0, '2014-02-22'),
(417, 228, 'Fabio', 1, 0, 1, '2014-02-21'),
(417, 229, 'Fabio', 0, 1, 0, '2014-02-23'),
(417, 230, 'Fabio', 1, 1, 0, '2014-02-22'),
(417, 246, 'Empire Maiden', 1, 1, 0, '2014-02-21'),
(417, 247, 'Empire Maiden', 1, 1, 0, '2014-02-23'),
(417, 248, 'Empire Maiden', 0, 1, 0, '2014-02-22'),
(417, 254, 'Empire Maiden', 1, 0, 1, '2014-02-21'),
(418, 162, 'Exarch', 1, 1, 0, '2014-02-22'),
(418, 163, 'Exarch', 0, 0, 1, '2014-02-21'),
(418, 168, 'Exarch', 1, 1, 0, '2014-02-23'),
(418, 172, 'Exarch', 1, 1, 0, '2014-02-23'),
(418, 186, 'Dixie Magic', 1, 0, 1, '2014-02-21'),
(418, 194, 'Dixie Magic', 1, 0, 1, '2014-02-22'),
(418, 215, 'Fabio', 0, 0, 1, '2014-02-23'),
(418, 219, 'Fabio', 1, 0, 1, '2014-02-22'),
(418, 220, 'Fabio', 1, 0, 1, '2014-02-21'),
(418, 245, 'Empire Maiden', 1, 0, 1, '2014-02-23'),
(418, 249, 'Empire Maiden', 0, 1, 0, '2014-02-22'),
(419, 8, 'Covenant', 1, 0, 1, '2014-02-21'),
(419, 9, 'Covenant', 1, 1, 0, '2014-02-23'),
(419, 10, 'Covenant', 1, 1, 0, '2014-02-22'),
(419, 11, 'Covenant', 0, 1, 0, '2014-02-21'),
(419, 12, 'Covenant', 1, 0, 1, '2014-02-23'),
(419, 42, 'Sea Hawk', 1, 1, 0, '2014-02-22'),
(419, 43, 'Sea Hawk', 1, 0, 1, '2014-02-21'),
(419, 44, 'Sea Hawk', 0, 1, 0, '2014-02-23'),
(419, 45, 'Sea Hawk', 1, 1, 0, '2014-02-22'),
(419, 70, 'Conqueror', 1, 1, 0, '2014-02-21'),
(419, 71, 'Conqueror', 1, 1, 0, '2014-02-23'),
(433, 34, 'Sea Hawk', 0, 1, 0, '2012-12-14'),
(433, 35, 'Sea Hawk', 1, 1, 0, '2012-12-13'),
(433, 94, 'Blue Skies', 1, 1, 0, '2012-12-15'),
(433, 95, 'Blue Skies', 1, 1, 0, '2012-12-14'),
(433, 110, 'Barebottom', 0, 1, 0, '2012-12-15'),
(433, 116, 'Barebottom', 1, 0, 1, '2012-12-13'),
(433, 117, 'Barebottom', 0, 1, 0, '2012-12-13'),
(433, 119, 'Barebottom', 1, 1, 0, '2012-12-15'),
(433, 128, 'Barebottom', 1, 0, 1, '2012-12-14'),
(433, 194, 'Dixie Magic', 1, 0, 1, '2012-12-14'),
(433, 221, 'Fabio', 1, 0, 1, '2012-12-13'),
(434, 19, 'Argo', 1, 0, 1, '2012-12-15'),
(434, 20, 'Argo', 0, 1, 0, '2012-12-14'),
(434, 21, 'Argo', 1, 1, 0, '2012-12-13'),
(434, 107, 'ALTERNATION', 1, 0, 1, '2012-12-15'),
(434, 108, 'ALTERNATION', 1, 1, 0, '2012-12-14'),
(434, 109, 'ALTERNATION', 0, 1, 0, '2012-12-13'),
(434, 113, 'Ala Maris', 1, 0, 1, '2012-12-15'),
(434, 115, 'Ala Maris', 1, 0, 1, '2012-12-14'),
(434, 199, 'APHRODITE', 1, 1, 0, '2012-12-13'),
(434, 200, 'APHRODITE', 0, 1, 0, '2012-12-15'),
(434, 201, 'APHRODITE', 1, 0, 1, '2012-12-14'),
(435, 87, 'Blue Skies', 1, 0, 1, '2012-12-13'),
(435, 88, 'Blue Skies', 1, 1, 0, '2012-12-15'),
(435, 89, 'Blue Skies', 0, 1, 0, '2012-12-14'),
(435, 90, 'Blue Skies', 1, 1, 0, '2012-12-13'),
(435, 119, 'Barebottom', 1, 1, 0, '2012-12-15'),
(435, 133, 'Barebottom', 1, 0, 1, '2012-12-14'),
(435, 135, 'Barebottom', 0, 1, 0, '2012-12-13'),
(435, 154, 'Raven', 1, 1, 0, '2012-12-15'),
(435, 162, 'Exarch', 1, 1, 0, '2012-12-14'),
(435, 163, 'Exarch', 1, 0, 1, '2012-12-13'),
(435, 168, 'Exarch', 0, 1, 0, '2012-12-15'),
(436, 2, 'Covenant', 1, 1, 0, '2012-12-14'),
(436, 5, 'Covenant', 1, 0, 1, '2012-12-13'),
(436, 6, 'Covenant', 1, 1, 0, '2012-12-15'),
(436, 36, 'Sea Hawk', 0, 1, 0, '2012-12-14'),
(436, 71, 'Conqueror', 1, 1, 0, '2012-12-13'),
(436, 76, 'Conqueror', 1, 1, 0, '2012-12-15'),
(436, 95, 'Blue Skies', 1, 1, 0, '2012-12-14'),
(436, 99, 'Blue Skies', 0, 0, 1, '2012-12-13'),
(436, 158, 'Raven', 1, 0, 1, '2012-12-15'),
(436, 165, 'Exarch', 1, 1, 0, '2012-12-14'),
(436, 166, 'Exarch', 1, 1, 0, '2012-12-13'),
(437, 151, 'Raven', 0, 1, 0, '2012-12-15'),
(437, 152, 'Raven', 1, 1, 0, '2012-12-14'),
(437, 153, 'Raven', 1, 1, 0, '2012-12-13'),
(437, 213, 'Fabio', 1, 1, 0, '2012-12-15'),
(437, 214, 'Fabio', 0, 0, 1, '2012-12-14'),
(437, 215, 'Fabio', 1, 0, 1, '2012-12-13'),
(437, 216, 'Fabio', 1, 1, 0, '2012-12-15'),
(437, 217, 'Fabio', 1, 1, 0, '2012-12-14'),
(437, 243, 'Empire Maiden', 0, 0, 1, '2012-12-13'),
(437, 244, 'Empire Maiden', 1, 1, 0, '2012-12-15'),
(437, 245, 'Empire Maiden', 1, 0, 1, '2012-12-14'),
(438, 11, 'Covenant', 1, 1, 0, '2012-12-13'),
(438, 12, 'Covenant', 0, 0, 1, '2012-12-15'),
(438, 13, 'Covenant', 1, 1, 0, '2012-12-14'),
(438, 14, 'Covenant', 1, 0, 1, '2012-12-13'),
(438, 38, 'Sea Hawk', 1, 1, 0, '2012-12-15'),
(438, 39, 'Sea Hawk', 0, 1, 0, '2012-12-14'),
(438, 40, 'Sea Hawk', 1, 1, 0, '2012-12-13'),
(438, 58, 'Conqueror', 1, 0, 1, '2012-12-15'),
(438, 59, 'Conqueror', 1, 1, 0, '2012-12-14'),
(438, 60, 'Conqueror', 0, 1, 0, '2012-12-13'),
(438, 61, 'Conqueror', 1, 1, 0, '2012-12-15'),
(439, 113, 'Ala Maris', 1, 0, 1, '2012-12-14'),
(439, 115, 'Ala Maris', 0, 0, 1, '2012-12-15'),
(439, 116, 'Ala Maris', 1, 0, 1, '2012-12-14'),
(439, 142, 'Hope Two', 1, 0, 1, '2012-12-13'),
(439, 143, 'Hope Two', 1, 0, 1, '2012-12-15'),
(439, 171, 'Funky', 1, 1, 0, '2012-12-13'),
(439, 172, 'Funky', 1, 1, 0, '2012-12-15'),
(439, 173, 'Funky', 1, 1, 0, '2012-12-14'),
(439, 189, 'APHRODITE', 0, 1, 0, '2012-12-13'),
(440, 42, 'Sea Hawk', 1, 1, 0, '2012-12-15'),
(440, 43, 'Sea Hawk', 1, 0, 1, '2012-12-14'),
(440, 44, 'Sea Hawk', 1, 1, 0, '2012-12-13'),
(440, 64, 'Conqueror', 0, 0, 1, '2012-12-15'),
(440, 65, 'Conqueror', 1, 1, 0, '2012-12-14'),
(440, 66, 'Conqueror', 1, 1, 0, '2012-12-13'),
(440, 67, 'Conqueror', 1, 1, 0, '2012-12-15'),
(440, 149, 'Raven', 0, 1, 0, '2012-12-14'),
(440, 150, 'Raven', 1, 1, 0, '2012-12-13'),
(440, 151, 'Raven', 1, 1, 0, '2012-12-15'),
(440, 152, 'Raven', 1, 1, 0, '2012-12-14'),
(441, 75, 'Conqueror', 1, 0, 1, '2012-12-14'),
(441, 76, 'Conqueror', 1, 1, 0, '2012-12-13'),
(441, 78, 'Conqueror', 1, 0, 1, '2012-12-15'),
(441, 81, 'Conqueror', 0, 1, 0, '2012-12-13');
INSERT INTO `RACE_REGISTRATION` (`RaceID`, `MemberID`, `BoatName`, `FeePaidYN`, `SweepYN`, `DrummerYN`, `DateRegistered`) VALUES
(441, 228, 'Fabio', 0, 0, 1, '2012-12-15'),
(441, 229, 'Fabio', 1, 1, 0, '2012-12-14'),
(441, 230, 'Fabio', 1, 1, 0, '2012-12-13'),
(441, 246, 'Empire Maiden', 1, 1, 0, '2012-12-15'),
(441, 247, 'Empire Maiden', 0, 1, 0, '2012-12-14'),
(441, 248, 'Empire Maiden', 1, 1, 0, '2012-12-13'),
(441, 254, 'Empire Maiden', 1, 0, 1, '2012-12-15'),
(442, 162, 'Exarch', 0, 1, 0, '2012-12-13'),
(442, 163, 'Exarch', 1, 0, 1, '2012-12-15'),
(442, 168, 'Exarch', 1, 1, 0, '2012-12-14'),
(442, 172, 'Exarch', 1, 1, 0, '2012-12-14'),
(442, 186, 'Dixie Magic', 0, 0, 1, '2012-12-15'),
(442, 194, 'Dixie Magic', 1, 0, 1, '2012-12-13'),
(442, 215, 'Fabio', 1, 0, 1, '2012-12-14'),
(442, 219, 'Fabio', 1, 0, 1, '2012-12-13'),
(442, 220, 'Fabio', 1, 0, 1, '2012-12-15'),
(442, 245, 'Empire Maiden', 0, 0, 1, '2012-12-14'),
(442, 249, 'Empire Maiden', 1, 1, 0, '2012-12-13'),
(443, 8, 'Covenant', 1, 0, 1, '2012-12-15'),
(443, 9, 'Covenant', 1, 1, 0, '2012-12-14'),
(443, 10, 'Covenant', 0, 1, 0, '2012-12-13'),
(443, 11, 'Covenant', 1, 1, 0, '2012-12-15'),
(443, 12, 'Covenant', 1, 0, 1, '2012-12-14'),
(443, 42, 'Sea Hawk', 1, 1, 0, '2012-12-13'),
(443, 43, 'Sea Hawk', 0, 0, 1, '2012-12-15'),
(443, 44, 'Sea Hawk', 1, 1, 0, '2012-12-14'),
(443, 45, 'Sea Hawk', 1, 1, 0, '2012-12-13'),
(443, 70, 'Conqueror', 1, 1, 0, '2012-12-15'),
(443, 71, 'Conqueror', 0, 1, 0, '2012-12-14'),
(457, 34, 'Sea Hawk', 1, 1, 0, '2013-12-06'),
(457, 35, 'Sea Hawk', 1, 1, 0, '2013-12-08'),
(457, 94, 'Blue Skies', 1, 1, 0, '2013-12-07'),
(457, 95, 'Blue Skies', 0, 1, 0, '2013-12-06'),
(457, 110, 'Barebottom', 1, 1, 0, '2013-12-07'),
(457, 116, 'Barebottom', 0, 0, 1, '2013-12-08'),
(457, 117, 'Barebottom', 1, 1, 0, '2013-12-08'),
(457, 119, 'Barebottom', 1, 1, 0, '2013-12-07'),
(457, 128, 'Barebottom', 1, 0, 1, '2013-12-06'),
(457, 194, 'Dixie Magic', 1, 0, 1, '2013-12-06'),
(457, 221, 'Fabio', 1, 0, 1, '2013-12-08'),
(458, 19, 'Argo', 0, 0, 1, '2013-12-07'),
(458, 20, 'Argo', 1, 1, 0, '2013-12-06'),
(458, 21, 'Argo', 1, 1, 0, '2013-12-08'),
(458, 107, 'ALTERNATION', 1, 0, 1, '2013-12-07'),
(458, 108, 'ALTERNATION', 0, 1, 0, '2013-12-06'),
(458, 109, 'ALTERNATION', 1, 1, 0, '2013-12-08'),
(458, 113, 'Ala Maris', 1, 0, 1, '2013-12-07'),
(458, 115, 'Ala Maris', 1, 0, 1, '2013-12-06'),
(458, 199, 'APHRODITE', 0, 1, 0, '2013-12-08'),
(458, 200, 'APHRODITE', 1, 1, 0, '2013-12-07'),
(458, 201, 'APHRODITE', 1, 0, 1, '2013-12-06'),
(459, 87, 'Blue Skies', 1, 0, 1, '2013-12-08'),
(459, 88, 'Blue Skies', 0, 1, 0, '2013-12-07'),
(459, 89, 'Blue Skies', 1, 1, 0, '2013-12-06'),
(459, 90, 'Blue Skies', 1, 1, 0, '2013-12-08'),
(459, 119, 'Barebottom', 1, 1, 0, '2013-12-07'),
(459, 133, 'Barebottom', 0, 0, 1, '2013-12-06'),
(459, 135, 'Barebottom', 1, 1, 0, '2013-12-08'),
(459, 154, 'Raven', 1, 1, 0, '2013-12-07'),
(459, 162, 'Exarch', 1, 1, 0, '2013-12-06'),
(459, 163, 'Exarch', 0, 0, 1, '2013-12-08'),
(459, 168, 'Exarch', 1, 1, 0, '2013-12-07'),
(460, 2, 'Covenant', 1, 1, 0, '2013-12-06'),
(460, 5, 'Covenant', 1, 0, 1, '2013-12-08'),
(460, 6, 'Covenant', 0, 1, 0, '2013-12-07'),
(460, 36, 'Sea Hawk', 1, 1, 0, '2013-12-06'),
(460, 71, 'Conqueror', 1, 1, 0, '2013-12-08'),
(460, 76, 'Conqueror', 1, 1, 0, '2013-12-07'),
(460, 95, 'Blue Skies', 0, 1, 0, '2013-12-06'),
(460, 99, 'Blue Skies', 1, 0, 1, '2013-12-08'),
(460, 158, 'Raven', 1, 0, 1, '2013-12-07'),
(460, 165, 'Exarch', 1, 1, 0, '2013-12-06'),
(460, 166, 'Exarch', 0, 1, 0, '2013-12-08'),
(461, 151, 'Raven', 1, 1, 0, '2013-12-07'),
(461, 152, 'Raven', 1, 1, 0, '2013-12-06'),
(461, 153, 'Raven', 1, 1, 0, '2013-12-08'),
(461, 213, 'Fabio', 0, 1, 0, '2013-12-07'),
(461, 214, 'Fabio', 1, 0, 1, '2013-12-06'),
(461, 215, 'Fabio', 1, 0, 1, '2013-12-08'),
(461, 216, 'Fabio', 1, 1, 0, '2013-12-07'),
(461, 217, 'Fabio', 0, 1, 0, '2013-12-06'),
(461, 243, 'Empire Maiden', 1, 0, 1, '2013-12-08'),
(461, 244, 'Empire Maiden', 1, 1, 0, '2013-12-07'),
(461, 245, 'Empire Maiden', 1, 0, 1, '2013-12-06'),
(462, 11, 'Covenant', 0, 1, 0, '2013-12-08'),
(462, 12, 'Covenant', 1, 0, 1, '2013-12-07'),
(462, 13, 'Covenant', 1, 1, 0, '2013-12-06'),
(462, 14, 'Covenant', 1, 0, 1, '2013-12-08'),
(462, 38, 'Sea Hawk', 0, 1, 0, '2013-12-07'),
(462, 39, 'Sea Hawk', 1, 1, 0, '2013-12-06'),
(462, 40, 'Sea Hawk', 1, 1, 0, '2013-12-08'),
(462, 58, 'Conqueror', 1, 0, 1, '2013-12-07'),
(462, 59, 'Conqueror', 0, 1, 0, '2013-12-06'),
(462, 60, 'Conqueror', 1, 1, 0, '2013-12-08'),
(462, 61, 'Conqueror', 1, 1, 0, '2013-12-07'),
(463, 113, 'Ala Maris', 1, 0, 1, '2013-12-06'),
(463, 115, 'Ala Maris', 1, 0, 1, '2013-12-07'),
(463, 116, 'Ala Maris', 1, 0, 1, '2013-12-06'),
(463, 142, 'Hope Two', 1, 0, 1, '2013-12-08'),
(463, 143, 'Hope Two', 0, 0, 1, '2013-12-07'),
(463, 144, 'Hope Two', 1, 0, 1, '2013-12-06'),
(463, 171, 'Funky', 1, 1, 0, '2013-12-08'),
(463, 172, 'Funky', 1, 1, 0, '2013-12-07'),
(463, 173, 'Funky', 0, 1, 0, '2013-12-06'),
(463, 189, 'APHRODITE', 1, 1, 0, '2013-12-08'),
(464, 42, 'Sea Hawk', 1, 1, 0, '2013-12-07'),
(464, 43, 'Sea Hawk', 1, 0, 1, '2013-12-06'),
(464, 44, 'Sea Hawk', 0, 1, 0, '2013-12-08'),
(464, 64, 'Conqueror', 1, 0, 1, '2013-12-07'),
(464, 65, 'Conqueror', 1, 1, 0, '2013-12-06'),
(464, 66, 'Conqueror', 1, 1, 0, '2013-12-08'),
(464, 67, 'Conqueror', 0, 1, 0, '2013-12-07'),
(464, 149, 'Raven', 1, 1, 0, '2013-12-06'),
(464, 150, 'Raven', 1, 1, 0, '2013-12-08'),
(464, 151, 'Raven', 1, 1, 0, '2013-12-07'),
(464, 152, 'Raven', 0, 1, 0, '2013-12-06'),
(465, 75, 'Conqueror', 1, 0, 1, '2013-12-06'),
(465, 76, 'Conqueror', 0, 1, 0, '2013-12-08'),
(465, 78, 'Conqueror', 1, 0, 1, '2013-12-07'),
(465, 81, 'Conqueror', 1, 1, 0, '2013-12-08'),
(465, 228, 'Fabio', 1, 0, 1, '2013-12-07'),
(465, 229, 'Fabio', 1, 1, 0, '2013-12-06'),
(465, 230, 'Fabio', 1, 1, 0, '2013-12-08'),
(465, 246, 'Empire Maiden', 0, 1, 0, '2013-12-07'),
(465, 247, 'Empire Maiden', 1, 1, 0, '2013-12-06'),
(465, 248, 'Empire Maiden', 1, 1, 0, '2013-12-08'),
(465, 254, 'Empire Maiden', 1, 0, 1, '2013-12-07'),
(466, 162, 'Exarch', 1, 1, 0, '2013-12-08'),
(466, 163, 'Exarch', 1, 0, 1, '2013-12-07'),
(466, 168, 'Exarch', 1, 1, 0, '2013-12-06'),
(466, 172, 'Exarch', 0, 1, 0, '2013-12-06'),
(466, 186, 'Dixie Magic', 1, 0, 1, '2013-12-07'),
(466, 194, 'Dixie Magic', 0, 0, 1, '2013-12-08'),
(466, 215, 'Fabio', 1, 0, 1, '2013-12-06'),
(466, 219, 'Fabio', 1, 0, 1, '2013-12-08'),
(466, 220, 'Fabio', 0, 0, 1, '2013-12-07'),
(466, 245, 'Empire Maiden', 1, 0, 1, '2013-12-06'),
(466, 249, 'Empire Maiden', 1, 1, 0, '2013-12-08'),
(467, 8, 'Covenant', 1, 0, 1, '2013-12-07'),
(467, 9, 'Covenant', 0, 1, 0, '2013-12-06'),
(467, 10, 'Covenant', 1, 1, 0, '2013-12-08'),
(467, 11, 'Covenant', 1, 1, 0, '2013-12-07'),
(467, 12, 'Covenant', 1, 0, 1, '2013-12-06'),
(467, 42, 'Sea Hawk', 0, 1, 0, '2013-12-08'),
(467, 43, 'Sea Hawk', 1, 0, 1, '2013-12-07'),
(467, 44, 'Sea Hawk', 1, 1, 0, '2013-12-06'),
(467, 45, 'Sea Hawk', 1, 1, 0, '2013-12-08'),
(467, 70, 'Conqueror', 0, 1, 0, '2013-12-07'),
(467, 71, 'Conqueror', 1, 1, 0, '2013-12-06'),
(481, 34, 'Sea Hawk', 1, 1, 0, '2014-03-09'),
(481, 35, 'Sea Hawk', 1, 1, 0, '2014-03-08'),
(481, 94, 'Blue Skies', 0, 1, 0, '2014-03-07'),
(481, 95, 'Blue Skies', 1, 1, 0, '2014-03-09'),
(481, 110, 'Barebottom', 1, 1, 0, '2014-03-07'),
(481, 116, 'Barebottom', 1, 0, 1, '2014-03-08'),
(481, 117, 'Barebottom', 1, 1, 0, '2014-03-08'),
(481, 119, 'Barebottom', 1, 1, 0, '2014-03-07'),
(481, 128, 'Barebottom', 0, 0, 1, '2014-03-09'),
(481, 194, 'Dixie Magic', 1, 0, 1, '2014-03-09'),
(481, 221, 'Fabio', 0, 0, 1, '2014-03-08'),
(482, 19, 'Argo', 1, 0, 1, '2014-03-07'),
(482, 20, 'Argo', 1, 1, 0, '2014-03-09'),
(482, 21, 'Argo', 1, 1, 0, '2014-03-08'),
(482, 107, 'ALTERNATION', 0, 0, 1, '2014-03-07'),
(482, 108, 'ALTERNATION', 1, 1, 0, '2014-03-09'),
(482, 109, 'ALTERNATION', 1, 1, 0, '2014-03-08'),
(482, 113, 'Ala Maris', 1, 0, 1, '2014-03-07'),
(482, 115, 'Ala Maris', 0, 0, 1, '2014-03-09'),
(482, 199, 'APHRODITE', 1, 1, 0, '2014-03-08'),
(482, 200, 'APHRODITE', 1, 1, 0, '2014-03-07'),
(482, 201, 'APHRODITE', 1, 0, 1, '2014-03-09'),
(483, 87, 'Blue Skies', 0, 0, 1, '2014-03-08'),
(483, 88, 'Blue Skies', 1, 1, 0, '2014-03-07'),
(483, 89, 'Blue Skies', 1, 1, 0, '2014-03-09'),
(483, 90, 'Blue Skies', 1, 1, 0, '2014-03-08'),
(483, 119, 'Barebottom', 0, 1, 0, '2014-03-07'),
(483, 133, 'Barebottom', 1, 0, 1, '2014-03-09'),
(483, 135, 'Barebottom', 1, 1, 0, '2014-03-08'),
(483, 154, 'Raven', 1, 1, 0, '2014-03-07'),
(483, 162, 'Exarch', 0, 1, 0, '2014-03-09'),
(483, 163, 'Exarch', 1, 0, 1, '2014-03-08'),
(483, 168, 'Exarch', 1, 1, 0, '2014-03-07'),
(484, 2, 'Covenant', 1, 1, 0, '2014-03-09'),
(484, 5, 'Covenant', 0, 0, 1, '2014-03-08'),
(484, 6, 'Covenant', 1, 1, 0, '2014-03-07'),
(484, 36, 'Sea Hawk', 1, 1, 0, '2014-03-09'),
(484, 71, 'Conqueror', 1, 1, 0, '2014-03-08'),
(484, 76, 'Conqueror', 0, 1, 0, '2014-03-07'),
(484, 95, 'Blue Skies', 1, 1, 0, '2014-03-09'),
(484, 99, 'Blue Skies', 1, 0, 1, '2014-03-08'),
(484, 158, 'Raven', 1, 0, 1, '2014-03-07'),
(484, 165, 'Exarch', 0, 1, 0, '2014-03-09'),
(484, 166, 'Exarch', 1, 1, 0, '2014-03-08'),
(485, 151, 'Raven', 1, 1, 0, '2014-03-07'),
(485, 152, 'Raven', 1, 1, 0, '2014-03-09'),
(485, 153, 'Raven', 0, 1, 0, '2014-03-08'),
(485, 213, 'Fabio', 1, 1, 0, '2014-03-07'),
(485, 214, 'Fabio', 1, 0, 1, '2014-03-09'),
(485, 215, 'Fabio', 1, 0, 1, '2014-03-08'),
(485, 216, 'Fabio', 0, 1, 0, '2014-03-07'),
(485, 217, 'Fabio', 1, 1, 0, '2014-03-09'),
(485, 243, 'Empire Maiden', 1, 0, 1, '2014-03-08'),
(485, 244, 'Empire Maiden', 1, 1, 0, '2014-03-07'),
(485, 245, 'Empire Maiden', 0, 0, 1, '2014-03-09'),
(486, 11, 'Covenant', 1, 1, 0, '2014-03-08'),
(486, 12, 'Covenant', 1, 0, 1, '2014-03-07'),
(486, 13, 'Covenant', 1, 1, 0, '2014-03-09'),
(486, 14, 'Covenant', 0, 0, 1, '2014-03-08'),
(486, 38, 'Sea Hawk', 1, 1, 0, '2014-03-07'),
(486, 39, 'Sea Hawk', 1, 1, 0, '2014-03-09'),
(486, 40, 'Sea Hawk', 1, 1, 0, '2014-03-08'),
(486, 58, 'Conqueror', 0, 0, 1, '2014-03-07'),
(486, 59, 'Conqueror', 1, 1, 0, '2014-03-09'),
(486, 60, 'Conqueror', 1, 1, 0, '2014-03-08'),
(486, 61, 'Conqueror', 1, 1, 0, '2014-03-07'),
(487, 113, 'Ala Maris', 1, 0, 1, '2014-03-08'),
(487, 115, 'Ala Maris', 1, 0, 1, '2014-03-07'),
(487, 116, 'Ala Maris', 1, 0, 1, '2014-03-09'),
(487, 142, 'Hope Two', 0, 0, 1, '2014-03-08'),
(487, 143, 'Hope Two', 1, 0, 1, '2014-03-07'),
(487, 144, 'Hope Two', 1, 0, 1, '2014-03-09'),
(487, 171, 'Funky', 1, 1, 0, '2014-03-08'),
(487, 172, 'Funky', 0, 1, 0, '2014-03-07'),
(487, 173, 'Funky', 1, 1, 0, '2014-03-09'),
(487, 189, 'APHRODITE', 1, 1, 0, '2014-03-08'),
(488, 42, 'Sea Hawk', 1, 1, 0, '2014-03-07'),
(488, 43, 'Sea Hawk', 0, 0, 1, '2014-03-09'),
(488, 44, 'Sea Hawk', 1, 1, 0, '2014-03-08'),
(488, 64, 'Conqueror', 1, 0, 1, '2014-03-07'),
(488, 65, 'Conqueror', 1, 1, 0, '2014-03-09'),
(488, 66, 'Conqueror', 0, 1, 0, '2014-03-08'),
(488, 67, 'Conqueror', 1, 1, 0, '2014-03-07'),
(488, 149, 'Raven', 1, 1, 0, '2014-03-09'),
(488, 150, 'Raven', 1, 1, 0, '2014-03-08'),
(488, 151, 'Raven', 0, 1, 0, '2014-03-07'),
(488, 152, 'Raven', 1, 1, 0, '2014-03-09'),
(489, 75, 'Conqueror', 0, 0, 1, '2014-03-09'),
(489, 76, 'Conqueror', 1, 1, 0, '2014-03-08'),
(489, 78, 'Conqueror', 1, 0, 1, '2014-03-07'),
(489, 81, 'Conqueror', 1, 1, 0, '2014-03-08'),
(489, 228, 'Fabio', 1, 0, 1, '2014-03-07'),
(489, 229, 'Fabio', 1, 1, 0, '2014-03-09'),
(489, 230, 'Fabio', 0, 1, 0, '2014-03-08'),
(489, 246, 'Empire Maiden', 1, 1, 0, '2014-03-07'),
(489, 247, 'Empire Maiden', 1, 1, 0, '2014-03-09'),
(489, 248, 'Empire Maiden', 1, 1, 0, '2014-03-08'),
(489, 254, 'Empire Maiden', 0, 0, 1, '2014-03-07'),
(490, 162, 'Exarch', 1, 1, 0, '2014-03-08'),
(490, 163, 'Exarch', 1, 0, 1, '2014-03-07'),
(490, 168, 'Exarch', 0, 1, 0, '2014-03-09'),
(490, 172, 'Exarch', 1, 1, 0, '2014-03-09'),
(490, 186, 'Dixie Magic', 1, 0, 1, '2014-03-07'),
(490, 194, 'Dixie Magic', 1, 0, 1, '2014-03-08'),
(490, 215, 'Fabio', 1, 0, 1, '2014-03-09'),
(490, 219, 'Fabio', 0, 0, 1, '2014-03-08'),
(490, 220, 'Fabio', 1, 0, 1, '2014-03-07'),
(490, 245, 'Empire Maiden', 1, 0, 1, '2014-03-09'),
(490, 249, 'Empire Maiden', 1, 1, 0, '2014-03-08'),
(491, 8, 'Covenant', 0, 0, 1, '2014-03-07'),
(491, 9, 'Covenant', 1, 1, 0, '2014-03-09'),
(491, 10, 'Covenant', 1, 1, 0, '2014-03-08'),
(491, 11, 'Covenant', 1, 1, 0, '2014-03-07'),
(491, 12, 'Covenant', 0, 0, 1, '2014-03-09'),
(491, 42, 'Sea Hawk', 1, 1, 0, '2014-03-08'),
(491, 43, 'Sea Hawk', 1, 0, 1, '2014-03-07'),
(491, 44, 'Sea Hawk', 1, 1, 0, '2014-03-09'),
(491, 45, 'Sea Hawk', 0, 1, 0, '2014-03-08'),
(491, 70, 'Conqueror', 1, 1, 0, '2014-03-07'),
(491, 71, 'Conqueror', 1, 1, 0, '2014-03-09'),
(505, 34, 'Sea Hawk', 1, 1, 0, '2012-09-14'),
(505, 35, 'Sea Hawk', 0, 1, 0, '2012-09-13'),
(505, 94, 'Blue Skies', 1, 1, 0, '2012-09-15'),
(505, 95, 'Blue Skies', 1, 1, 0, '2012-09-14'),
(505, 110, 'Barebottom', 1, 1, 0, '2012-09-15'),
(505, 116, 'Barebottom', 1, 0, 1, '2012-09-13'),
(505, 117, 'Barebottom', 1, 1, 0, '2012-09-13'),
(505, 119, 'Barebottom', 0, 1, 0, '2012-09-15'),
(505, 128, 'Barebottom', 1, 0, 1, '2012-09-14'),
(505, 194, 'Dixie Magic', 0, 0, 1, '2012-09-14'),
(505, 221, 'Fabio', 1, 0, 1, '2012-09-13'),
(506, 19, 'Argo', 1, 0, 1, '2012-09-15'),
(506, 20, 'Argo', 1, 1, 0, '2012-09-14'),
(506, 21, 'Argo', 0, 1, 0, '2012-09-13'),
(506, 107, 'ALTERNATION', 1, 0, 1, '2012-09-15'),
(506, 108, 'ALTERNATION', 1, 1, 0, '2012-09-14'),
(506, 109, 'ALTERNATION', 1, 1, 0, '2012-09-13'),
(506, 113, 'Ala Maris', 0, 0, 1, '2012-09-15'),
(506, 115, 'Ala Maris', 1, 0, 1, '2012-09-14'),
(506, 199, 'APHRODITE', 1, 1, 0, '2012-09-13'),
(506, 200, 'APHRODITE', 1, 1, 0, '2012-09-15'),
(506, 201, 'APHRODITE', 0, 0, 1, '2012-09-14'),
(507, 87, 'Blue Skies', 1, 0, 1, '2012-09-13'),
(507, 88, 'Blue Skies', 1, 1, 0, '2012-09-15'),
(507, 89, 'Blue Skies', 1, 1, 0, '2012-09-14'),
(507, 90, 'Blue Skies', 0, 1, 0, '2012-09-13'),
(507, 119, 'Barebottom', 1, 1, 0, '2012-09-15'),
(507, 133, 'Barebottom', 1, 0, 1, '2012-09-14'),
(507, 135, 'Barebottom', 1, 1, 0, '2012-09-13'),
(507, 154, 'Raven', 0, 1, 0, '2012-09-15'),
(507, 162, 'Exarch', 1, 1, 0, '2012-09-14'),
(507, 163, 'Exarch', 1, 0, 1, '2012-09-13'),
(507, 168, 'Exarch', 1, 1, 0, '2012-09-15'),
(508, 2, 'Covenant', 0, 1, 0, '2012-09-14'),
(508, 5, 'Covenant', 1, 0, 1, '2012-09-13'),
(508, 6, 'Covenant', 1, 1, 0, '2012-09-15'),
(508, 36, 'Sea Hawk', 1, 1, 0, '2012-09-14'),
(508, 71, 'Conqueror', 0, 1, 0, '2012-09-13'),
(508, 76, 'Conqueror', 1, 1, 0, '2012-09-15'),
(508, 95, 'Blue Skies', 1, 1, 0, '2012-09-14'),
(508, 99, 'Blue Skies', 1, 0, 1, '2012-09-13'),
(508, 158, 'Raven', 0, 0, 1, '2012-09-15'),
(508, 165, 'Exarch', 1, 1, 0, '2012-09-14'),
(508, 166, 'Exarch', 1, 1, 0, '2012-09-13'),
(509, 151, 'Raven', 1, 1, 0, '2012-09-15'),
(509, 152, 'Raven', 0, 1, 0, '2012-09-14'),
(509, 153, 'Raven', 1, 1, 0, '2012-09-13'),
(509, 213, 'Fabio', 1, 1, 0, '2012-09-15'),
(509, 214, 'Fabio', 1, 0, 1, '2012-09-14'),
(509, 215, 'Fabio', 0, 0, 1, '2012-09-13'),
(509, 216, 'Fabio', 1, 1, 0, '2012-09-15'),
(509, 217, 'Fabio', 1, 1, 0, '2012-09-14'),
(509, 243, 'Empire Maiden', 1, 0, 1, '2012-09-13'),
(509, 244, 'Empire Maiden', 0, 1, 0, '2012-09-15'),
(509, 245, 'Empire Maiden', 1, 0, 1, '2012-09-14'),
(510, 11, 'Covenant', 1, 1, 0, '2012-09-13'),
(510, 12, 'Covenant', 1, 0, 1, '2012-09-15'),
(510, 13, 'Covenant', 0, 1, 0, '2012-09-14'),
(510, 14, 'Covenant', 1, 0, 1, '2012-09-13'),
(510, 38, 'Sea Hawk', 1, 1, 0, '2012-09-15'),
(510, 39, 'Sea Hawk', 1, 1, 0, '2012-09-14'),
(510, 40, 'Sea Hawk', 0, 1, 0, '2012-09-13'),
(510, 58, 'Conqueror', 1, 0, 1, '2012-09-15'),
(510, 59, 'Conqueror', 1, 1, 0, '2012-09-14'),
(510, 60, 'Conqueror', 1, 1, 0, '2012-09-13'),
(510, 61, 'Conqueror', 0, 1, 0, '2012-09-15'),
(511, 113, 'Ala Maris', 1, 0, 1, '2012-09-13'),
(511, 115, 'Ala Maris', 1, 0, 1, '2012-09-15'),
(511, 116, 'Ala Maris', 0, 0, 1, '2012-09-14'),
(511, 142, 'Hope Two', 1, 0, 1, '2012-09-13'),
(511, 143, 'Hope Two', 1, 0, 1, '2012-09-15'),
(511, 171, 'Funky', 0, 1, 0, '2012-09-13'),
(511, 172, 'Funky', 1, 1, 0, '2012-09-15'),
(511, 173, 'Funky', 1, 1, 0, '2012-09-14'),
(511, 189, 'APHRODITE', 1, 1, 0, '2012-09-13'),
(512, 42, 'Sea Hawk', 0, 1, 0, '2012-09-15'),
(512, 43, 'Sea Hawk', 1, 0, 1, '2012-09-14'),
(512, 44, 'Sea Hawk', 1, 1, 0, '2012-09-13'),
(512, 64, 'Conqueror', 1, 0, 1, '2012-09-15'),
(512, 65, 'Conqueror', 0, 1, 0, '2012-09-14'),
(512, 66, 'Conqueror', 1, 1, 0, '2012-09-13'),
(512, 67, 'Conqueror', 1, 1, 0, '2012-09-15'),
(512, 149, 'Raven', 1, 1, 0, '2012-09-14'),
(512, 150, 'Raven', 0, 1, 0, '2012-09-13'),
(512, 151, 'Raven', 1, 1, 0, '2012-09-15'),
(512, 152, 'Raven', 1, 1, 0, '2012-09-14'),
(513, 75, 'Conqueror', 1, 0, 1, '2012-09-14'),
(513, 76, 'Conqueror', 1, 1, 0, '2012-09-13'),
(513, 78, 'Conqueror', 0, 0, 1, '2012-09-15'),
(513, 81, 'Conqueror', 1, 1, 0, '2012-09-13'),
(513, 228, 'Fabio', 1, 0, 1, '2012-09-15'),
(513, 229, 'Fabio', 0, 1, 0, '2012-09-14'),
(513, 230, 'Fabio', 1, 1, 0, '2012-09-13'),
(513, 246, 'Empire Maiden', 1, 1, 0, '2012-09-15'),
(513, 247, 'Empire Maiden', 1, 1, 0, '2012-09-14'),
(513, 248, 'Empire Maiden', 0, 1, 0, '2012-09-13'),
(513, 254, 'Empire Maiden', 1, 0, 1, '2012-09-15'),
(514, 162, 'Exarch', 1, 1, 0, '2012-09-13'),
(514, 163, 'Exarch', 0, 0, 1, '2012-09-15'),
(514, 168, 'Exarch', 1, 1, 0, '2012-09-14'),
(514, 172, 'Exarch', 1, 1, 0, '2012-09-14'),
(514, 186, 'Dixie Magic', 1, 0, 1, '2012-09-15'),
(514, 194, 'Dixie Magic', 1, 0, 1, '2012-09-13'),
(514, 215, 'Fabio', 0, 0, 1, '2012-09-14'),
(514, 219, 'Fabio', 1, 0, 1, '2012-09-13'),
(514, 220, 'Fabio', 1, 0, 1, '2012-09-15'),
(514, 245, 'Empire Maiden', 1, 0, 1, '2012-09-14'),
(514, 249, 'Empire Maiden', 0, 1, 0, '2012-09-13'),
(515, 8, 'Covenant', 1, 0, 1, '2012-09-15'),
(515, 9, 'Covenant', 1, 1, 0, '2012-09-14'),
(515, 10, 'Covenant', 1, 1, 0, '2012-09-13'),
(515, 11, 'Covenant', 0, 1, 0, '2012-09-15'),
(515, 12, 'Covenant', 1, 0, 1, '2012-09-14'),
(515, 42, 'Sea Hawk', 1, 1, 0, '2012-09-13'),
(515, 43, 'Sea Hawk', 1, 0, 1, '2012-09-15'),
(515, 44, 'Sea Hawk', 0, 1, 0, '2012-09-14'),
(515, 45, 'Sea Hawk', 1, 1, 0, '2012-09-13'),
(515, 70, 'Conqueror', 1, 1, 0, '2012-09-15'),
(515, 71, 'Conqueror', 1, 1, 0, '2012-09-14'),
(529, 34, 'Sea Hawk', 0, 1, 0, '2013-10-03'),
(529, 35, 'Sea Hawk', 1, 1, 0, '2013-10-05'),
(529, 94, 'Blue Skies', 1, 1, 0, '2013-10-04'),
(529, 95, 'Blue Skies', 1, 1, 0, '2013-10-03'),
(529, 110, 'Barebottom', 0, 1, 0, '2013-10-04'),
(529, 116, 'Barebottom', 1, 0, 1, '2013-10-05'),
(529, 117, 'Barebottom', 0, 1, 0, '2013-10-05'),
(529, 119, 'Barebottom', 1, 1, 0, '2013-10-04'),
(529, 128, 'Barebottom', 1, 0, 1, '2013-10-03'),
(529, 194, 'Dixie Magic', 1, 0, 1, '2013-10-03'),
(529, 221, 'Fabio', 1, 0, 1, '2013-10-05'),
(530, 19, 'Argo', 1, 0, 1, '2013-10-04'),
(530, 20, 'Argo', 0, 1, 0, '2013-10-03'),
(530, 21, 'Argo', 1, 1, 0, '2013-10-05'),
(530, 107, 'ALTERNATION', 1, 0, 1, '2013-10-04'),
(530, 108, 'ALTERNATION', 1, 1, 0, '2013-10-03'),
(530, 109, 'ALTERNATION', 0, 1, 0, '2013-10-05'),
(530, 113, 'Ala Maris', 1, 0, 1, '2013-10-04'),
(530, 115, 'Ala Maris', 1, 0, 1, '2013-10-03'),
(530, 199, 'APHRODITE', 1, 1, 0, '2013-10-05'),
(530, 200, 'APHRODITE', 0, 1, 0, '2013-10-04'),
(530, 201, 'APHRODITE', 1, 0, 1, '2013-10-03'),
(531, 87, 'Blue Skies', 1, 0, 1, '2013-10-05'),
(531, 88, 'Blue Skies', 1, 1, 0, '2013-10-04'),
(531, 89, 'Blue Skies', 0, 1, 0, '2013-10-03'),
(531, 90, 'Blue Skies', 1, 1, 0, '2013-10-05'),
(531, 119, 'Barebottom', 1, 1, 0, '2013-10-04'),
(531, 133, 'Barebottom', 1, 0, 1, '2013-10-03'),
(531, 135, 'Barebottom', 0, 1, 0, '2013-10-05'),
(531, 154, 'Raven', 1, 1, 0, '2013-10-04'),
(531, 162, 'Exarch', 1, 1, 0, '2013-10-03'),
(531, 163, 'Exarch', 1, 0, 1, '2013-10-05'),
(531, 168, 'Exarch', 0, 1, 0, '2013-10-04'),
(532, 2, 'Covenant', 1, 1, 0, '2013-10-03'),
(532, 5, 'Covenant', 1, 0, 1, '2013-10-05'),
(532, 6, 'Covenant', 1, 1, 0, '2013-10-04'),
(532, 36, 'Sea Hawk', 0, 1, 0, '2013-10-03'),
(532, 71, 'Conqueror', 1, 1, 0, '2013-10-05'),
(532, 76, 'Conqueror', 1, 1, 0, '2013-10-04'),
(532, 95, 'Blue Skies', 1, 1, 0, '2013-10-03'),
(532, 99, 'Blue Skies', 0, 0, 1, '2013-10-05'),
(532, 158, 'Raven', 1, 0, 1, '2013-10-04'),
(532, 165, 'Exarch', 1, 1, 0, '2013-10-03'),
(532, 166, 'Exarch', 1, 1, 0, '2013-10-05'),
(533, 151, 'Raven', 0, 1, 0, '2013-10-04'),
(533, 152, 'Raven', 1, 1, 0, '2013-10-03'),
(533, 153, 'Raven', 1, 1, 0, '2013-10-05'),
(533, 213, 'Fabio', 1, 1, 0, '2013-10-04'),
(533, 214, 'Fabio', 0, 0, 1, '2013-10-03'),
(533, 215, 'Fabio', 1, 0, 1, '2013-10-05'),
(533, 216, 'Fabio', 1, 1, 0, '2013-10-04'),
(533, 217, 'Fabio', 1, 1, 0, '2013-10-03'),
(533, 243, 'Empire Maiden', 0, 0, 1, '2013-10-05'),
(533, 244, 'Empire Maiden', 1, 1, 0, '2013-10-04'),
(533, 245, 'Empire Maiden', 1, 0, 1, '2013-10-03'),
(534, 11, 'Covenant', 1, 1, 0, '2013-10-05'),
(534, 12, 'Covenant', 0, 0, 1, '2013-10-04'),
(534, 13, 'Covenant', 1, 1, 0, '2013-10-03'),
(534, 14, 'Covenant', 1, 0, 1, '2013-10-05'),
(534, 38, 'Sea Hawk', 1, 1, 0, '2013-10-04'),
(534, 39, 'Sea Hawk', 0, 1, 0, '2013-10-03'),
(534, 40, 'Sea Hawk', 1, 1, 0, '2013-10-05'),
(534, 58, 'Conqueror', 1, 0, 1, '2013-10-04'),
(534, 59, 'Conqueror', 1, 1, 0, '2013-10-03'),
(534, 60, 'Conqueror', 0, 1, 0, '2013-10-05'),
(534, 61, 'Conqueror', 1, 1, 0, '2013-10-04'),
(535, 113, 'Ala Maris', 1, 0, 1, '2013-10-05'),
(535, 115, 'Ala Maris', 0, 0, 1, '2013-10-04'),
(535, 116, 'Ala Maris', 1, 0, 1, '2013-10-03'),
(535, 142, 'Hope Two', 1, 0, 1, '2013-10-05'),
(535, 143, 'Hope Two', 1, 0, 1, '2013-10-04'),
(535, 171, 'Funky', 1, 1, 0, '2013-10-05'),
(535, 172, 'Funky', 1, 1, 0, '2013-10-04'),
(535, 173, 'Funky', 1, 1, 0, '2013-10-03'),
(535, 189, 'APHRODITE', 0, 1, 0, '2013-10-05'),
(536, 42, 'Sea Hawk', 1, 1, 0, '2013-10-04'),
(536, 43, 'Sea Hawk', 1, 0, 1, '2013-10-03'),
(536, 44, 'Sea Hawk', 1, 1, 0, '2013-10-05'),
(536, 64, 'Conqueror', 0, 0, 1, '2013-10-04'),
(536, 65, 'Conqueror', 1, 1, 0, '2013-10-03'),
(536, 66, 'Conqueror', 1, 1, 0, '2013-10-05'),
(536, 67, 'Conqueror', 1, 1, 0, '2013-10-04'),
(536, 149, 'Raven', 0, 1, 0, '2013-10-03'),
(536, 150, 'Raven', 1, 1, 0, '2013-10-05'),
(536, 151, 'Raven', 1, 1, 0, '2013-10-04'),
(536, 152, 'Raven', 1, 1, 0, '2013-10-03'),
(537, 75, 'Conqueror', 1, 0, 1, '2013-10-03'),
(537, 76, 'Conqueror', 1, 1, 0, '2013-10-05'),
(537, 78, 'Conqueror', 1, 0, 1, '2013-10-04'),
(537, 81, 'Conqueror', 0, 1, 0, '2013-10-05'),
(537, 228, 'Fabio', 0, 0, 1, '2013-10-04'),
(537, 229, 'Fabio', 1, 1, 0, '2013-10-03'),
(537, 230, 'Fabio', 1, 1, 0, '2013-10-05'),
(537, 246, 'Empire Maiden', 1, 1, 0, '2013-10-04'),
(537, 247, 'Empire Maiden', 0, 1, 0, '2013-10-03'),
(537, 248, 'Empire Maiden', 1, 1, 0, '2013-10-05'),
(537, 254, 'Empire Maiden', 1, 0, 1, '2013-10-04'),
(538, 162, 'Exarch', 0, 1, 0, '2013-10-05'),
(538, 163, 'Exarch', 1, 0, 1, '2013-10-04'),
(538, 168, 'Exarch', 1, 1, 0, '2013-10-03'),
(538, 172, 'Exarch', 1, 1, 0, '2013-10-03'),
(538, 186, 'Dixie Magic', 0, 0, 1, '2013-10-04'),
(538, 194, 'Dixie Magic', 1, 0, 1, '2013-10-05'),
(538, 215, 'Fabio', 1, 0, 1, '2013-10-03'),
(538, 219, 'Fabio', 1, 0, 1, '2013-10-05'),
(538, 220, 'Fabio', 1, 0, 1, '2013-10-04'),
(538, 245, 'Empire Maiden', 0, 0, 1, '2013-10-03'),
(538, 249, 'Empire Maiden', 1, 1, 0, '2013-10-05'),
(539, 8, 'Covenant', 1, 0, 1, '2013-10-04'),
(539, 9, 'Covenant', 1, 1, 0, '2013-10-03'),
(539, 10, 'Covenant', 0, 1, 0, '2013-10-05'),
(539, 11, 'Covenant', 1, 1, 0, '2013-10-04'),
(539, 12, 'Covenant', 1, 0, 1, '2013-10-03'),
(539, 42, 'Sea Hawk', 1, 1, 0, '2013-10-05'),
(539, 43, 'Sea Hawk', 0, 0, 1, '2013-10-04'),
(539, 44, 'Sea Hawk', 1, 1, 0, '2013-10-03'),
(539, 45, 'Sea Hawk', 1, 1, 0, '2013-10-05'),
(539, 70, 'Conqueror', 1, 1, 0, '2013-10-04'),
(539, 71, 'Conqueror', 0, 1, 0, '2013-10-03'),
(553, 34, 'Sea Hawk', 1, 1, 0, '2014-03-08'),
(553, 35, 'Sea Hawk', 1, 1, 0, '2014-03-07'),
(553, 94, 'Blue Skies', 1, 1, 0, '2014-03-06'),
(553, 95, 'Blue Skies', 0, 1, 0, '2014-03-08'),
(553, 110, 'Barebottom', 1, 1, 0, '2014-03-06'),
(553, 116, 'Barebottom', 0, 0, 1, '2014-03-07'),
(553, 117, 'Barebottom', 1, 1, 0, '2014-03-07'),
(553, 119, 'Barebottom', 1, 1, 0, '2014-03-06'),
(553, 128, 'Barebottom', 1, 0, 1, '2014-03-08'),
(553, 194, 'Dixie Magic', 1, 0, 1, '2014-03-08'),
(553, 221, 'Fabio', 1, 0, 1, '2014-03-07'),
(554, 19, 'Argo', 0, 0, 1, '2014-03-06'),
(554, 20, 'Argo', 1, 1, 0, '2014-03-08'),
(554, 21, 'Argo', 1, 1, 0, '2014-03-07'),
(554, 107, 'ALTERNATION', 1, 0, 1, '2014-03-06'),
(554, 108, 'ALTERNATION', 0, 1, 0, '2014-03-08'),
(554, 109, 'ALTERNATION', 1, 1, 0, '2014-03-07'),
(554, 113, 'Ala Maris', 1, 0, 1, '2014-03-06'),
(554, 115, 'Ala Maris', 1, 0, 1, '2014-03-08'),
(554, 199, 'APHRODITE', 0, 1, 0, '2014-03-07'),
(554, 200, 'APHRODITE', 1, 1, 0, '2014-03-06'),
(554, 201, 'APHRODITE', 1, 0, 1, '2014-03-08'),
(555, 87, 'Blue Skies', 1, 0, 1, '2014-03-07'),
(555, 88, 'Blue Skies', 0, 1, 0, '2014-03-06'),
(555, 89, 'Blue Skies', 1, 1, 0, '2014-03-08'),
(555, 90, 'Blue Skies', 1, 1, 0, '2014-03-07'),
(555, 119, 'Barebottom', 1, 1, 0, '2014-03-06'),
(555, 133, 'Barebottom', 0, 0, 1, '2014-03-08'),
(555, 135, 'Barebottom', 1, 1, 0, '2014-03-07'),
(555, 154, 'Raven', 1, 1, 0, '2014-03-06'),
(555, 162, 'Exarch', 1, 1, 0, '2014-03-08'),
(555, 163, 'Exarch', 0, 0, 1, '2014-03-07'),
(555, 168, 'Exarch', 1, 1, 0, '2014-03-06'),
(556, 2, 'Covenant', 1, 1, 0, '2014-03-08'),
(556, 5, 'Covenant', 1, 0, 1, '2014-03-07'),
(556, 6, 'Covenant', 0, 1, 0, '2014-03-06'),
(556, 36, 'Sea Hawk', 1, 1, 0, '2014-03-08'),
(556, 71, 'Conqueror', 1, 1, 0, '2014-03-07'),
(556, 76, 'Conqueror', 1, 1, 0, '2014-03-06'),
(556, 95, 'Blue Skies', 0, 1, 0, '2014-03-08'),
(556, 99, 'Blue Skies', 1, 0, 1, '2014-03-07'),
(556, 158, 'Raven', 1, 0, 1, '2014-03-06'),
(556, 165, 'Exarch', 1, 1, 0, '2014-03-08'),
(556, 166, 'Exarch', 0, 1, 0, '2014-03-07'),
(557, 151, 'Raven', 1, 1, 0, '2014-03-06'),
(557, 152, 'Raven', 1, 1, 0, '2014-03-08'),
(557, 153, 'Raven', 1, 1, 0, '2014-03-07'),
(557, 213, 'Fabio', 0, 1, 0, '2014-03-06'),
(557, 214, 'Fabio', 1, 0, 1, '2014-03-08'),
(557, 215, 'Fabio', 1, 0, 1, '2014-03-07'),
(557, 216, 'Fabio', 1, 1, 0, '2014-03-06'),
(557, 217, 'Fabio', 0, 1, 0, '2014-03-08'),
(557, 243, 'Empire Maiden', 1, 0, 1, '2014-03-07'),
(557, 244, 'Empire Maiden', 1, 1, 0, '2014-03-06'),
(557, 245, 'Empire Maiden', 1, 0, 1, '2014-03-08'),
(558, 11, 'Covenant', 0, 1, 0, '2014-03-07'),
(558, 12, 'Covenant', 1, 0, 1, '2014-03-06'),
(558, 13, 'Covenant', 1, 1, 0, '2014-03-08'),
(558, 14, 'Covenant', 1, 0, 1, '2014-03-07'),
(558, 38, 'Sea Hawk', 0, 1, 0, '2014-03-06'),
(558, 39, 'Sea Hawk', 1, 1, 0, '2014-03-08'),
(558, 40, 'Sea Hawk', 1, 1, 0, '2014-03-07'),
(558, 58, 'Conqueror', 1, 0, 1, '2014-03-06'),
(558, 59, 'Conqueror', 0, 1, 0, '2014-03-08'),
(558, 60, 'Conqueror', 1, 1, 0, '2014-03-07'),
(558, 61, 'Conqueror', 1, 1, 0, '2014-03-06'),
(559, 113, 'Ala Maris', 0, 0, 1, '2014-03-07'),
(559, 115, 'Ala Maris', 1, 0, 1, '2014-03-06'),
(559, 116, 'Ala Maris', 1, 0, 1, '2014-03-08'),
(559, 142, 'Hope Two', 1, 0, 1, '2014-03-07'),
(559, 143, 'Hope Two', 0, 0, 1, '2014-03-06'),
(559, 144, 'Hope Two', 1, 0, 1, '2014-03-08'),
(559, 171, 'Funky', 1, 1, 0, '2014-03-07'),
(559, 172, 'Funky', 1, 1, 0, '2014-03-06'),
(559, 173, 'Funky', 0, 1, 0, '2014-03-08'),
(559, 189, 'APHRODITE', 1, 1, 0, '2014-03-07'),
(560, 42, 'Sea Hawk', 1, 1, 0, '2014-03-06'),
(560, 43, 'Sea Hawk', 1, 0, 1, '2014-03-08'),
(560, 44, 'Sea Hawk', 0, 1, 0, '2014-03-07'),
(560, 64, 'Conqueror', 1, 0, 1, '2014-03-06'),
(560, 65, 'Conqueror', 1, 1, 0, '2014-03-08'),
(560, 66, 'Conqueror', 1, 1, 0, '2014-03-07'),
(560, 67, 'Conqueror', 0, 1, 0, '2014-03-06'),
(560, 149, 'Raven', 1, 1, 0, '2014-03-08'),
(560, 150, 'Raven', 1, 1, 0, '2014-03-07'),
(560, 151, 'Raven', 1, 1, 0, '2014-03-06'),
(560, 152, 'Raven', 0, 1, 0, '2014-03-08'),
(561, 75, 'Conqueror', 1, 0, 1, '2014-03-08'),
(561, 76, 'Conqueror', 0, 1, 0, '2014-03-07'),
(561, 78, 'Conqueror', 1, 0, 1, '2014-03-06'),
(561, 81, 'Conqueror', 1, 1, 0, '2014-03-07'),
(561, 228, 'Fabio', 1, 0, 1, '2014-03-06'),
(561, 229, 'Fabio', 1, 1, 0, '2014-03-08'),
(561, 230, 'Fabio', 1, 1, 0, '2014-03-07'),
(561, 246, 'Empire Maiden', 0, 1, 0, '2014-03-06'),
(561, 247, 'Empire Maiden', 1, 1, 0, '2014-03-08'),
(561, 248, 'Empire Maiden', 1, 1, 0, '2014-03-07'),
(561, 254, 'Empire Maiden', 1, 0, 1, '2014-03-06'),
(562, 162, 'Exarch', 1, 1, 0, '2014-03-07'),
(562, 163, 'Exarch', 1, 0, 1, '2014-03-06'),
(562, 168, 'Exarch', 1, 1, 0, '2014-03-08'),
(562, 172, 'Exarch', 0, 1, 0, '2014-03-08'),
(562, 186, 'Dixie Magic', 1, 0, 1, '2014-03-06'),
(562, 194, 'Dixie Magic', 0, 0, 1, '2014-03-07'),
(562, 215, 'Fabio', 1, 0, 1, '2014-03-08'),
(562, 219, 'Fabio', 1, 0, 1, '2014-03-07'),
(562, 220, 'Fabio', 0, 0, 1, '2014-03-06'),
(562, 245, 'Empire Maiden', 1, 0, 1, '2014-03-08'),
(562, 249, 'Empire Maiden', 1, 1, 0, '2014-03-07'),
(563, 8, 'Covenant', 1, 0, 1, '2014-03-06'),
(563, 9, 'Covenant', 0, 1, 0, '2014-03-08'),
(563, 10, 'Covenant', 1, 1, 0, '2014-03-07'),
(563, 11, 'Covenant', 1, 1, 0, '2014-03-06'),
(563, 12, 'Covenant', 1, 0, 1, '2014-03-08'),
(563, 42, 'Sea Hawk', 0, 1, 0, '2014-03-07'),
(563, 43, 'Sea Hawk', 1, 0, 1, '2014-03-06'),
(563, 44, 'Sea Hawk', 1, 1, 0, '2014-03-08'),
(563, 45, 'Sea Hawk', 1, 1, 0, '2014-03-07'),
(563, 70, 'Conqueror', 0, 1, 0, '2014-03-06'),
(563, 71, 'Conqueror', 1, 1, 0, '2014-03-08'),
(577, 34, 'Sea Hawk', 1, 1, 0, '2012-03-16'),
(577, 35, 'Sea Hawk', 1, 1, 0, '2012-03-15'),
(577, 94, 'Blue Skies', 0, 1, 0, '2012-03-17'),
(577, 95, 'Blue Skies', 1, 1, 0, '2012-03-16'),
(577, 110, 'Barebottom', 1, 1, 0, '2012-03-17'),
(577, 116, 'Barebottom', 1, 0, 1, '2012-03-15'),
(577, 117, 'Barebottom', 1, 1, 0, '2012-03-15'),
(577, 119, 'Barebottom', 1, 1, 0, '2012-03-17'),
(577, 128, 'Barebottom', 0, 0, 1, '2012-03-16'),
(577, 194, 'Dixie Magic', 1, 0, 1, '2012-03-16'),
(577, 221, 'Fabio', 0, 0, 1, '2012-03-15'),
(578, 19, 'Argo', 1, 0, 1, '2012-03-17'),
(578, 20, 'Argo', 1, 1, 0, '2012-03-16'),
(578, 21, 'Argo', 1, 1, 0, '2012-03-15'),
(578, 107, 'ALTERNATION', 0, 0, 1, '2012-03-17'),
(578, 108, 'ALTERNATION', 1, 1, 0, '2012-03-16'),
(578, 109, 'ALTERNATION', 1, 1, 0, '2012-03-15'),
(578, 113, 'Ala Maris', 1, 0, 1, '2012-03-17'),
(578, 115, 'Ala Maris', 0, 0, 1, '2012-03-16'),
(578, 199, 'APHRODITE', 1, 1, 0, '2012-03-15'),
(578, 200, 'APHRODITE', 1, 1, 0, '2012-03-17'),
(578, 201, 'APHRODITE', 1, 0, 1, '2012-03-16'),
(579, 87, 'Blue Skies', 0, 0, 1, '2012-03-15'),
(579, 88, 'Blue Skies', 1, 1, 0, '2012-03-17'),
(579, 89, 'Blue Skies', 1, 1, 0, '2012-03-16'),
(579, 90, 'Blue Skies', 1, 1, 0, '2012-03-15'),
(579, 119, 'Barebottom', 0, 1, 0, '2012-03-17'),
(579, 133, 'Barebottom', 1, 0, 1, '2012-03-16'),
(579, 135, 'Barebottom', 1, 1, 0, '2012-03-15'),
(579, 154, 'Raven', 1, 1, 0, '2012-03-17'),
(579, 162, 'Exarch', 0, 1, 0, '2012-03-16'),
(579, 163, 'Exarch', 1, 0, 1, '2012-03-15'),
(579, 168, 'Exarch', 1, 1, 0, '2012-03-17'),
(580, 2, 'Covenant', 1, 1, 0, '2012-03-16'),
(580, 5, 'Covenant', 0, 0, 1, '2012-03-15'),
(580, 6, 'Covenant', 1, 1, 0, '2012-03-17'),
(580, 36, 'Sea Hawk', 1, 1, 0, '2012-03-16'),
(580, 71, 'Conqueror', 1, 1, 0, '2012-03-15'),
(580, 76, 'Conqueror', 0, 1, 0, '2012-03-17'),
(580, 95, 'Blue Skies', 1, 1, 0, '2012-03-16'),
(580, 99, 'Blue Skies', 1, 0, 1, '2012-03-15'),
(580, 158, 'Raven', 1, 0, 1, '2012-03-17'),
(580, 165, 'Exarch', 0, 1, 0, '2012-03-16'),
(580, 166, 'Exarch', 1, 1, 0, '2012-03-15'),
(581, 151, 'Raven', 1, 1, 0, '2012-03-17'),
(581, 152, 'Raven', 1, 1, 0, '2012-03-16'),
(581, 153, 'Raven', 0, 1, 0, '2012-03-15'),
(581, 213, 'Fabio', 1, 1, 0, '2012-03-17'),
(581, 214, 'Fabio', 1, 0, 1, '2012-03-16'),
(581, 215, 'Fabio', 1, 0, 1, '2012-03-15'),
(581, 216, 'Fabio', 0, 1, 0, '2012-03-17'),
(581, 217, 'Fabio', 1, 1, 0, '2012-03-16'),
(581, 243, 'Empire Maiden', 1, 0, 1, '2012-03-15'),
(581, 244, 'Empire Maiden', 1, 1, 0, '2012-03-17'),
(581, 245, 'Empire Maiden', 0, 0, 1, '2012-03-16'),
(582, 11, 'Covenant', 1, 1, 0, '2012-03-15'),
(582, 12, 'Covenant', 1, 0, 1, '2012-03-17'),
(582, 13, 'Covenant', 1, 1, 0, '2012-03-16'),
(582, 14, 'Covenant', 0, 0, 1, '2012-03-15'),
(582, 38, 'Sea Hawk', 1, 1, 0, '2012-03-17'),
(582, 39, 'Sea Hawk', 1, 1, 0, '2012-03-16'),
(582, 40, 'Sea Hawk', 1, 1, 0, '2012-03-15'),
(582, 58, 'Conqueror', 0, 0, 1, '2012-03-17'),
(582, 59, 'Conqueror', 1, 1, 0, '2012-03-16'),
(582, 60, 'Conqueror', 1, 1, 0, '2012-03-15'),
(582, 61, 'Conqueror', 1, 1, 0, '2012-03-17'),
(583, 113, 'Ala Maris', 1, 0, 1, '2012-03-15'),
(583, 115, 'Ala Maris', 1, 0, 1, '2012-03-17'),
(583, 116, 'Ala Maris', 1, 0, 1, '2012-03-16'),
(583, 142, 'Hope Two', 0, 0, 1, '2012-03-15'),
(583, 143, 'Hope Two', 1, 0, 1, '2012-03-17'),
(583, 144, 'Hope Two', 1, 0, 1, '2012-03-16'),
(583, 171, 'Funky', 1, 1, 0, '2012-03-15'),
(583, 172, 'Funky', 0, 1, 0, '2012-03-17'),
(583, 173, 'Funky', 1, 1, 0, '2012-03-16'),
(583, 189, 'APHRODITE', 1, 1, 0, '2012-03-15'),
(584, 42, 'Sea Hawk', 1, 1, 0, '2012-03-17'),
(584, 43, 'Sea Hawk', 0, 0, 1, '2012-03-16'),
(584, 44, 'Sea Hawk', 1, 1, 0, '2012-03-15'),
(584, 64, 'Conqueror', 1, 0, 1, '2012-03-17'),
(584, 65, 'Conqueror', 1, 1, 0, '2012-03-16'),
(584, 66, 'Conqueror', 0, 1, 0, '2012-03-15'),
(584, 67, 'Conqueror', 1, 1, 0, '2012-03-17'),
(584, 149, 'Raven', 1, 1, 0, '2012-03-16'),
(584, 150, 'Raven', 1, 1, 0, '2012-03-15'),
(584, 151, 'Raven', 0, 1, 0, '2012-03-17'),
(584, 152, 'Raven', 1, 1, 0, '2012-03-16'),
(585, 75, 'Conqueror', 0, 0, 1, '2012-03-16'),
(585, 76, 'Conqueror', 1, 1, 0, '2012-03-15'),
(585, 78, 'Conqueror', 1, 0, 1, '2012-03-17'),
(585, 81, 'Conqueror', 1, 1, 0, '2012-03-15'),
(585, 228, 'Fabio', 1, 0, 1, '2012-03-17'),
(585, 229, 'Fabio', 1, 1, 0, '2012-03-16'),
(585, 230, 'Fabio', 0, 1, 0, '2012-03-15'),
(585, 246, 'Empire Maiden', 1, 1, 0, '2012-03-17'),
(585, 247, 'Empire Maiden', 1, 1, 0, '2012-03-16'),
(585, 248, 'Empire Maiden', 1, 1, 0, '2012-03-15'),
(585, 254, 'Empire Maiden', 0, 0, 1, '2012-03-17'),
(586, 162, 'Exarch', 1, 1, 0, '2012-03-15'),
(586, 163, 'Exarch', 1, 0, 1, '2012-03-17'),
(586, 168, 'Exarch', 0, 1, 0, '2012-03-16'),
(586, 172, 'Exarch', 1, 1, 0, '2012-03-16'),
(586, 186, 'Dixie Magic', 1, 0, 1, '2012-03-17'),
(586, 194, 'Dixie Magic', 1, 0, 1, '2012-03-15'),
(586, 215, 'Fabio', 1, 0, 1, '2012-03-16'),
(586, 219, 'Fabio', 0, 0, 1, '2012-03-15'),
(586, 220, 'Fabio', 1, 0, 1, '2012-03-17'),
(586, 245, 'Empire Maiden', 1, 0, 1, '2012-03-16'),
(586, 249, 'Empire Maiden', 1, 1, 0, '2012-03-15'),
(587, 8, 'Covenant', 0, 0, 1, '2012-03-17'),
(587, 9, 'Covenant', 1, 1, 0, '2012-03-16'),
(587, 10, 'Covenant', 1, 1, 0, '2012-03-15'),
(587, 11, 'Covenant', 1, 1, 0, '2012-03-17'),
(587, 12, 'Covenant', 0, 0, 1, '2012-03-16'),
(587, 42, 'Sea Hawk', 1, 1, 0, '2012-03-15'),
(587, 43, 'Sea Hawk', 1, 0, 1, '2012-03-17'),
(587, 44, 'Sea Hawk', 1, 1, 0, '2012-03-16'),
(587, 45, 'Sea Hawk', 0, 1, 0, '2012-03-15'),
(587, 70, 'Conqueror', 1, 1, 0, '2012-03-17'),
(587, 71, 'Conqueror', 1, 1, 0, '2012-03-16'),
(601, 34, 'Sea Hawk', 1, 1, 0, '2013-05-02'),
(601, 35, 'Sea Hawk', 0, 1, 0, '2013-05-04'),
(601, 94, 'Blue Skies', 1, 1, 0, '2013-05-03'),
(601, 95, 'Blue Skies', 1, 1, 0, '2013-05-02'),
(601, 110, 'Barebottom', 1, 1, 0, '2013-05-03'),
(601, 116, 'Barebottom', 1, 0, 1, '2013-05-04'),
(601, 117, 'Barebottom', 1, 1, 0, '2013-05-04'),
(601, 119, 'Barebottom', 0, 1, 0, '2013-05-03'),
(601, 128, 'Barebottom', 1, 0, 1, '2013-05-02'),
(601, 194, 'Dixie Magic', 0, 0, 1, '2013-05-02'),
(601, 221, 'Fabio', 1, 0, 1, '2013-05-04'),
(602, 19, 'Argo', 1, 0, 1, '2013-05-03'),
(602, 20, 'Argo', 1, 1, 0, '2013-05-02'),
(602, 21, 'Argo', 0, 1, 0, '2013-05-04'),
(602, 107, 'ALTERNATION', 1, 0, 1, '2013-05-03'),
(602, 108, 'ALTERNATION', 1, 1, 0, '2013-05-02'),
(602, 109, 'ALTERNATION', 1, 1, 0, '2013-05-04'),
(602, 113, 'Ala Maris', 0, 0, 1, '2013-05-03'),
(602, 115, 'Ala Maris', 1, 0, 1, '2013-05-02'),
(602, 199, 'APHRODITE', 1, 1, 0, '2013-05-04'),
(602, 200, 'APHRODITE', 1, 1, 0, '2013-05-03'),
(602, 201, 'APHRODITE', 0, 0, 1, '2013-05-02'),
(603, 87, 'Blue Skies', 1, 0, 1, '2013-05-04'),
(603, 88, 'Blue Skies', 1, 1, 0, '2013-05-03'),
(603, 89, 'Blue Skies', 1, 1, 0, '2013-05-02'),
(603, 90, 'Blue Skies', 0, 1, 0, '2013-05-04'),
(603, 119, 'Barebottom', 1, 1, 0, '2013-05-03'),
(603, 133, 'Barebottom', 1, 0, 1, '2013-05-02'),
(603, 135, 'Barebottom', 1, 1, 0, '2013-05-04'),
(603, 154, 'Raven', 0, 1, 0, '2013-05-03'),
(603, 162, 'Exarch', 1, 1, 0, '2013-05-02'),
(603, 163, 'Exarch', 1, 0, 1, '2013-05-04'),
(603, 168, 'Exarch', 1, 1, 0, '2013-05-03'),
(604, 2, 'Covenant', 0, 1, 0, '2013-05-02'),
(604, 5, 'Covenant', 1, 0, 1, '2013-05-04'),
(604, 6, 'Covenant', 1, 1, 0, '2013-05-03'),
(604, 36, 'Sea Hawk', 1, 1, 0, '2013-05-02'),
(604, 71, 'Conqueror', 0, 1, 0, '2013-05-04'),
(604, 76, 'Conqueror', 1, 1, 0, '2013-05-03'),
(604, 95, 'Blue Skies', 1, 1, 0, '2013-05-02'),
(604, 99, 'Blue Skies', 1, 0, 1, '2013-05-04'),
(604, 158, 'Raven', 0, 0, 1, '2013-05-03'),
(604, 165, 'Exarch', 1, 1, 0, '2013-05-02'),
(604, 166, 'Exarch', 1, 1, 0, '2013-05-04'),
(605, 151, 'Raven', 1, 1, 0, '2013-05-03'),
(605, 152, 'Raven', 0, 1, 0, '2013-05-02'),
(605, 153, 'Raven', 1, 1, 0, '2013-05-04'),
(605, 213, 'Fabio', 1, 1, 0, '2013-05-03'),
(605, 214, 'Fabio', 1, 0, 1, '2013-05-02'),
(605, 215, 'Fabio', 0, 0, 1, '2013-05-04'),
(605, 216, 'Fabio', 1, 1, 0, '2013-05-03'),
(605, 217, 'Fabio', 1, 1, 0, '2013-05-02'),
(605, 243, 'Empire Maiden', 1, 0, 1, '2013-05-04'),
(605, 244, 'Empire Maiden', 0, 1, 0, '2013-05-03'),
(605, 245, 'Empire Maiden', 1, 0, 1, '2013-05-02'),
(606, 11, 'Covenant', 1, 1, 0, '2013-05-04'),
(606, 12, 'Covenant', 1, 0, 1, '2013-05-03'),
(606, 13, 'Covenant', 0, 1, 0, '2013-05-02'),
(606, 14, 'Covenant', 1, 0, 1, '2013-05-04'),
(606, 38, 'Sea Hawk', 1, 1, 0, '2013-05-03'),
(606, 39, 'Sea Hawk', 1, 1, 0, '2013-05-02'),
(606, 40, 'Sea Hawk', 0, 1, 0, '2013-05-04'),
(606, 58, 'Conqueror', 1, 0, 1, '2013-05-03'),
(606, 59, 'Conqueror', 1, 1, 0, '2013-05-02'),
(606, 60, 'Conqueror', 1, 1, 0, '2013-05-04'),
(606, 61, 'Conqueror', 0, 1, 0, '2013-05-03'),
(607, 113, 'Ala Maris', 1, 0, 1, '2013-05-02'),
(607, 115, 'Ala Maris', 1, 0, 1, '2013-05-03'),
(607, 116, 'Ala Maris', 0, 0, 1, '2013-05-02'),
(607, 142, 'Hope Two', 1, 0, 1, '2013-05-04'),
(607, 143, 'Hope Two', 1, 0, 1, '2013-05-03'),
(607, 171, 'Funky', 0, 1, 0, '2013-05-04'),
(607, 172, 'Funky', 1, 1, 0, '2013-05-03'),
(607, 173, 'Funky', 1, 1, 0, '2013-05-02'),
(607, 189, 'APHRODITE', 1, 1, 0, '2013-05-04'),
(608, 42, 'Sea Hawk', 0, 1, 0, '2013-05-03'),
(608, 43, 'Sea Hawk', 1, 0, 1, '2013-05-02'),
(608, 44, 'Sea Hawk', 1, 1, 0, '2013-05-04'),
(608, 64, 'Conqueror', 1, 0, 1, '2013-05-03'),
(608, 65, 'Conqueror', 0, 1, 0, '2013-05-02'),
(608, 66, 'Conqueror', 1, 1, 0, '2013-05-04'),
(608, 67, 'Conqueror', 1, 1, 0, '2013-05-03'),
(608, 149, 'Raven', 1, 1, 0, '2013-05-02'),
(608, 150, 'Raven', 0, 1, 0, '2013-05-04'),
(608, 151, 'Raven', 1, 1, 0, '2013-05-03'),
(608, 152, 'Raven', 1, 1, 0, '2013-05-02'),
(609, 75, 'Conqueror', 1, 0, 1, '2013-05-02'),
(609, 76, 'Conqueror', 1, 1, 0, '2013-05-04'),
(609, 78, 'Conqueror', 0, 0, 1, '2013-05-03'),
(609, 81, 'Conqueror', 1, 1, 0, '2013-05-04'),
(609, 228, 'Fabio', 1, 0, 1, '2013-05-03'),
(609, 229, 'Fabio', 0, 1, 0, '2013-05-02'),
(609, 230, 'Fabio', 1, 1, 0, '2013-05-04'),
(609, 246, 'Empire Maiden', 1, 1, 0, '2013-05-03'),
(609, 247, 'Empire Maiden', 1, 1, 0, '2013-05-02'),
(609, 248, 'Empire Maiden', 0, 1, 0, '2013-05-04'),
(609, 254, 'Empire Maiden', 1, 0, 1, '2013-05-03'),
(610, 162, 'Exarch', 1, 1, 0, '2013-05-04'),
(610, 163, 'Exarch', 0, 0, 1, '2013-05-03'),
(610, 168, 'Exarch', 1, 1, 0, '2013-05-02'),
(610, 172, 'Exarch', 1, 1, 0, '2013-05-02'),
(610, 186, 'Dixie Magic', 1, 0, 1, '2013-05-03'),
(610, 194, 'Dixie Magic', 1, 0, 1, '2013-05-04'),
(610, 215, 'Fabio', 0, 0, 1, '2013-05-02'),
(610, 219, 'Fabio', 1, 0, 1, '2013-05-04'),
(610, 220, 'Fabio', 1, 0, 1, '2013-05-03'),
(610, 245, 'Empire Maiden', 1, 0, 1, '2013-05-02'),
(610, 249, 'Empire Maiden', 0, 1, 0, '2013-05-04'),
(611, 8, 'Covenant', 1, 0, 1, '2013-05-03'),
(611, 9, 'Covenant', 1, 1, 0, '2013-05-02'),
(611, 10, 'Covenant', 1, 1, 0, '2013-05-04'),
(611, 11, 'Covenant', 0, 1, 0, '2013-05-03'),
(611, 12, 'Covenant', 1, 0, 1, '2013-05-02'),
(611, 42, 'Sea Hawk', 1, 1, 0, '2013-05-04'),
(611, 43, 'Sea Hawk', 1, 0, 1, '2013-05-03'),
(611, 44, 'Sea Hawk', 0, 1, 0, '2013-05-02'),
(611, 45, 'Sea Hawk', 1, 1, 0, '2013-05-04'),
(611, 70, 'Conqueror', 1, 1, 0, '2013-05-03'),
(611, 71, 'Conqueror', 1, 1, 0, '2013-05-02'),
(625, 34, 'Sea Hawk', 0, 1, 0, '2014-02-15'),
(625, 35, 'Sea Hawk', 1, 1, 0, '2014-02-14'),
(625, 94, 'Blue Skies', 1, 1, 0, '2014-02-13'),
(625, 95, 'Blue Skies', 1, 1, 0, '2014-02-15'),
(625, 110, 'Barebottom', 0, 1, 0, '2014-02-13'),
(625, 116, 'Barebottom', 1, 0, 1, '2014-02-14'),
(625, 117, 'Barebottom', 0, 1, 0, '2014-02-14'),
(625, 119, 'Barebottom', 1, 1, 0, '2014-02-13'),
(625, 128, 'Barebottom', 1, 0, 1, '2014-02-15'),
(625, 194, 'Dixie Magic', 1, 0, 1, '2014-02-15'),
(625, 221, 'Fabio', 1, 0, 1, '2014-02-14'),
(626, 19, 'Argo', 1, 0, 1, '2014-02-13'),
(626, 20, 'Argo', 0, 1, 0, '2014-02-15'),
(626, 21, 'Argo', 1, 1, 0, '2014-02-14'),
(626, 107, 'ALTERNATION', 1, 0, 1, '2014-02-13'),
(626, 108, 'ALTERNATION', 1, 1, 0, '2014-02-15'),
(626, 109, 'ALTERNATION', 0, 1, 0, '2014-02-14'),
(626, 113, 'Ala Maris', 1, 0, 1, '2014-02-13'),
(626, 115, 'Ala Maris', 1, 0, 1, '2014-02-15'),
(626, 199, 'APHRODITE', 1, 1, 0, '2014-02-14'),
(626, 200, 'APHRODITE', 0, 1, 0, '2014-02-13'),
(626, 201, 'APHRODITE', 1, 0, 1, '2014-02-15'),
(627, 87, 'Blue Skies', 1, 0, 1, '2014-02-14'),
(627, 88, 'Blue Skies', 1, 1, 0, '2014-02-13'),
(627, 89, 'Blue Skies', 0, 1, 0, '2014-02-15'),
(627, 90, 'Blue Skies', 1, 1, 0, '2014-02-14'),
(627, 119, 'Barebottom', 1, 1, 0, '2014-02-13'),
(627, 133, 'Barebottom', 1, 0, 1, '2014-02-15'),
(627, 135, 'Barebottom', 0, 1, 0, '2014-02-14'),
(627, 154, 'Raven', 1, 1, 0, '2014-02-13'),
(627, 162, 'Exarch', 1, 1, 0, '2014-02-15'),
(627, 163, 'Exarch', 1, 0, 1, '2014-02-14'),
(627, 168, 'Exarch', 0, 1, 0, '2014-02-13'),
(628, 2, 'Covenant', 1, 1, 0, '2014-02-15'),
(628, 5, 'Covenant', 1, 0, 1, '2014-02-14'),
(628, 6, 'Covenant', 1, 1, 0, '2014-02-13'),
(628, 36, 'Sea Hawk', 0, 1, 0, '2014-02-15'),
(628, 71, 'Conqueror', 1, 1, 0, '2014-02-14'),
(628, 76, 'Conqueror', 1, 1, 0, '2014-02-13'),
(628, 95, 'Blue Skies', 1, 1, 0, '2014-02-15'),
(628, 99, 'Blue Skies', 0, 0, 1, '2014-02-14'),
(628, 158, 'Raven', 1, 0, 1, '2014-02-13'),
(628, 165, 'Exarch', 1, 1, 0, '2014-02-15'),
(628, 166, 'Exarch', 1, 1, 0, '2014-02-14'),
(629, 151, 'Raven', 0, 1, 0, '2014-02-13'),
(629, 152, 'Raven', 1, 1, 0, '2014-02-15'),
(629, 153, 'Raven', 1, 1, 0, '2014-02-14'),
(629, 213, 'Fabio', 1, 1, 0, '2014-02-13'),
(629, 214, 'Fabio', 0, 0, 1, '2014-02-15'),
(629, 215, 'Fabio', 1, 0, 1, '2014-02-14'),
(629, 216, 'Fabio', 1, 1, 0, '2014-02-13'),
(629, 217, 'Fabio', 1, 1, 0, '2014-02-15'),
(629, 243, 'Empire Maiden', 0, 0, 1, '2014-02-14'),
(629, 244, 'Empire Maiden', 1, 1, 0, '2014-02-13'),
(629, 245, 'Empire Maiden', 1, 0, 1, '2014-02-15'),
(630, 11, 'Covenant', 1, 1, 0, '2014-02-14'),
(630, 12, 'Covenant', 0, 0, 1, '2014-02-13'),
(630, 13, 'Covenant', 1, 1, 0, '2014-02-15'),
(630, 14, 'Covenant', 1, 0, 1, '2014-02-14'),
(630, 38, 'Sea Hawk', 1, 1, 0, '2014-02-13'),
(630, 39, 'Sea Hawk', 0, 1, 0, '2014-02-15'),
(630, 40, 'Sea Hawk', 1, 1, 0, '2014-02-14'),
(630, 58, 'Conqueror', 1, 0, 1, '2014-02-13'),
(630, 59, 'Conqueror', 1, 1, 0, '2014-02-15'),
(630, 60, 'Conqueror', 0, 1, 0, '2014-02-14'),
(630, 61, 'Conqueror', 1, 1, 0, '2014-02-13'),
(631, 113, 'Ala Maris', 1, 0, 1, '2014-02-15'),
(631, 115, 'Ala Maris', 0, 0, 1, '2014-02-13'),
(631, 116, 'Ala Maris', 1, 0, 1, '2014-02-15'),
(631, 142, 'Hope Two', 1, 0, 1, '2014-02-14'),
(631, 143, 'Hope Two', 1, 0, 1, '2014-02-13'),
(631, 171, 'Funky', 1, 1, 0, '2014-02-14'),
(631, 172, 'Funky', 1, 1, 0, '2014-02-13'),
(631, 173, 'Funky', 1, 1, 0, '2014-02-15'),
(631, 189, 'APHRODITE', 0, 1, 0, '2014-02-14'),
(632, 42, 'Sea Hawk', 1, 1, 0, '2014-02-13'),
(632, 43, 'Sea Hawk', 1, 0, 1, '2014-02-15'),
(632, 44, 'Sea Hawk', 1, 1, 0, '2014-02-14'),
(632, 64, 'Conqueror', 0, 0, 1, '2014-02-13'),
(632, 65, 'Conqueror', 1, 1, 0, '2014-02-15'),
(632, 66, 'Conqueror', 1, 1, 0, '2014-02-14'),
(632, 67, 'Conqueror', 1, 1, 0, '2014-02-13'),
(632, 149, 'Raven', 0, 1, 0, '2014-02-15'),
(632, 150, 'Raven', 1, 1, 0, '2014-02-14'),
(632, 151, 'Raven', 1, 1, 0, '2014-02-13'),
(632, 152, 'Raven', 1, 1, 0, '2014-02-15'),
(633, 75, 'Conqueror', 1, 0, 1, '2014-02-15'),
(633, 76, 'Conqueror', 1, 1, 0, '2014-02-14'),
(633, 78, 'Conqueror', 1, 0, 1, '2014-02-13'),
(633, 81, 'Conqueror', 0, 1, 0, '2014-02-14'),
(633, 228, 'Fabio', 0, 0, 1, '2014-02-13'),
(633, 229, 'Fabio', 1, 1, 0, '2014-02-15'),
(633, 230, 'Fabio', 1, 1, 0, '2014-02-14'),
(633, 246, 'Empire Maiden', 1, 1, 0, '2014-02-13'),
(633, 247, 'Empire Maiden', 0, 1, 0, '2014-02-15'),
(633, 248, 'Empire Maiden', 1, 1, 0, '2014-02-14'),
(633, 254, 'Empire Maiden', 1, 0, 1, '2014-02-13'),
(634, 162, 'Exarch', 0, 1, 0, '2014-02-14'),
(634, 163, 'Exarch', 1, 0, 1, '2014-02-13'),
(634, 168, 'Exarch', 1, 1, 0, '2014-02-15'),
(634, 172, 'Exarch', 1, 1, 0, '2014-02-15'),
(634, 186, 'Dixie Magic', 0, 0, 1, '2014-02-13'),
(634, 194, 'Dixie Magic', 1, 0, 1, '2014-02-14'),
(634, 215, 'Fabio', 1, 0, 1, '2014-02-15'),
(634, 219, 'Fabio', 1, 0, 1, '2014-02-14'),
(634, 220, 'Fabio', 1, 0, 1, '2014-02-13'),
(634, 245, 'Empire Maiden', 0, 0, 1, '2014-02-15'),
(634, 249, 'Empire Maiden', 1, 1, 0, '2014-02-14'),
(635, 8, 'Covenant', 1, 0, 1, '2014-02-13'),
(635, 9, 'Covenant', 1, 1, 0, '2014-02-15'),
(635, 10, 'Covenant', 0, 1, 0, '2014-02-14'),
(635, 11, 'Covenant', 1, 1, 0, '2014-02-13'),
(635, 12, 'Covenant', 1, 0, 1, '2014-02-15'),
(635, 42, 'Sea Hawk', 1, 1, 0, '2014-02-14'),
(635, 43, 'Sea Hawk', 0, 0, 1, '2014-02-13'),
(635, 44, 'Sea Hawk', 1, 1, 0, '2014-02-15'),
(635, 45, 'Sea Hawk', 1, 1, 0, '2014-02-14'),
(635, 70, 'Conqueror', 1, 1, 0, '2014-02-13'),
(635, 71, 'Conqueror', 0, 1, 0, '2014-02-15'),
(649, 34, 'Sea Hawk', 1, 1, 0, '2012-07-20'),
(649, 35, 'Sea Hawk', 1, 1, 0, '2012-07-19'),
(649, 94, 'Blue Skies', 1, 1, 0, '2012-07-21'),
(649, 95, 'Blue Skies', 0, 1, 0, '2012-07-20'),
(649, 110, 'Barebottom', 1, 1, 0, '2012-07-21'),
(649, 116, 'Barebottom', 0, 0, 1, '2012-07-19'),
(649, 117, 'Barebottom', 1, 1, 0, '2012-07-19'),
(649, 119, 'Barebottom', 1, 1, 0, '2012-07-21'),
(649, 128, 'Barebottom', 1, 0, 1, '2012-07-20'),
(649, 194, 'Dixie Magic', 1, 0, 1, '2012-07-20'),
(649, 221, 'Fabio', 1, 0, 1, '2012-07-19'),
(650, 19, 'Argo', 0, 0, 1, '2012-07-21'),
(650, 20, 'Argo', 1, 1, 0, '2012-07-20'),
(650, 21, 'Argo', 1, 1, 0, '2012-07-19'),
(650, 107, 'ALTERNATION', 1, 0, 1, '2012-07-21'),
(650, 108, 'ALTERNATION', 0, 1, 0, '2012-07-20'),
(650, 109, 'ALTERNATION', 1, 1, 0, '2012-07-19'),
(650, 113, 'Ala Maris', 1, 0, 1, '2012-07-21'),
(650, 115, 'Ala Maris', 1, 0, 1, '2012-07-20'),
(650, 199, 'APHRODITE', 0, 1, 0, '2012-07-19'),
(650, 200, 'APHRODITE', 1, 1, 0, '2012-07-21'),
(650, 201, 'APHRODITE', 1, 0, 1, '2012-07-20'),
(651, 87, 'Blue Skies', 1, 0, 1, '2012-07-19'),
(651, 88, 'Blue Skies', 0, 1, 0, '2012-07-21'),
(651, 89, 'Blue Skies', 1, 1, 0, '2012-07-20'),
(651, 90, 'Blue Skies', 1, 1, 0, '2012-07-19'),
(651, 119, 'Barebottom', 1, 1, 0, '2012-07-21'),
(651, 133, 'Barebottom', 0, 0, 1, '2012-07-20'),
(651, 135, 'Barebottom', 1, 1, 0, '2012-07-19'),
(651, 154, 'Raven', 1, 1, 0, '2012-07-21'),
(651, 162, 'Exarch', 1, 1, 0, '2012-07-20'),
(651, 163, 'Exarch', 0, 0, 1, '2012-07-19'),
(651, 168, 'Exarch', 1, 1, 0, '2012-07-21'),
(652, 2, 'Covenant', 1, 1, 0, '2012-07-20'),
(652, 5, 'Covenant', 1, 0, 1, '2012-07-19'),
(652, 6, 'Covenant', 0, 1, 0, '2012-07-21'),
(652, 36, 'Sea Hawk', 1, 1, 0, '2012-07-20'),
(652, 71, 'Conqueror', 1, 1, 0, '2012-07-19'),
(652, 76, 'Conqueror', 1, 1, 0, '2012-07-21'),
(652, 95, 'Blue Skies', 0, 1, 0, '2012-07-20'),
(652, 99, 'Blue Skies', 1, 0, 1, '2012-07-19'),
(652, 158, 'Raven', 1, 0, 1, '2012-07-21'),
(652, 165, 'Exarch', 1, 1, 0, '2012-07-20'),
(652, 166, 'Exarch', 0, 1, 0, '2012-07-19'),
(653, 151, 'Raven', 1, 1, 0, '2012-07-21'),
(653, 152, 'Raven', 1, 1, 0, '2012-07-20'),
(653, 153, 'Raven', 1, 1, 0, '2012-07-19'),
(653, 213, 'Fabio', 0, 1, 0, '2012-07-21'),
(653, 214, 'Fabio', 1, 0, 1, '2012-07-20'),
(653, 215, 'Fabio', 1, 0, 1, '2012-07-19'),
(653, 216, 'Fabio', 1, 1, 0, '2012-07-21'),
(653, 217, 'Fabio', 0, 1, 0, '2012-07-20'),
(653, 243, 'Empire Maiden', 1, 0, 1, '2012-07-19'),
(653, 244, 'Empire Maiden', 1, 1, 0, '2012-07-21'),
(653, 245, 'Empire Maiden', 1, 0, 1, '2012-07-20'),
(654, 11, 'Covenant', 0, 1, 0, '2012-07-19'),
(654, 12, 'Covenant', 1, 0, 1, '2012-07-21'),
(654, 13, 'Covenant', 1, 1, 0, '2012-07-20'),
(654, 14, 'Covenant', 1, 0, 1, '2012-07-19'),
(654, 38, 'Sea Hawk', 0, 1, 0, '2012-07-21'),
(654, 39, 'Sea Hawk', 1, 1, 0, '2012-07-20'),
(654, 40, 'Sea Hawk', 1, 1, 0, '2012-07-19'),
(654, 58, 'Conqueror', 1, 0, 1, '2012-07-21'),
(654, 59, 'Conqueror', 0, 1, 0, '2012-07-20'),
(654, 60, 'Conqueror', 1, 1, 0, '2012-07-19'),
(654, 61, 'Conqueror', 1, 1, 0, '2012-07-21'),
(655, 113, 'Ala Maris', 1, 0, 1, '2012-07-20'),
(655, 115, 'Ala Maris', 1, 0, 1, '2012-07-21'),
(655, 116, 'Ala Maris', 1, 0, 1, '2012-07-20'),
(655, 142, 'Hope Two', 1, 0, 1, '2012-07-19'),
(655, 143, 'Hope Two', 0, 0, 1, '2012-07-21'),
(655, 144, 'Hope Two', 1, 0, 1, '2012-07-20'),
(655, 171, 'Funky', 1, 1, 0, '2012-07-19'),
(655, 172, 'Funky', 1, 1, 0, '2012-07-21'),
(655, 173, 'Funky', 0, 1, 0, '2012-07-20'),
(655, 189, 'APHRODITE', 1, 1, 0, '2012-07-19'),
(656, 42, 'Sea Hawk', 1, 1, 0, '2012-07-21'),
(656, 43, 'Sea Hawk', 1, 0, 1, '2012-07-20'),
(656, 44, 'Sea Hawk', 0, 1, 0, '2012-07-19'),
(656, 64, 'Conqueror', 1, 0, 1, '2012-07-21'),
(656, 65, 'Conqueror', 1, 1, 0, '2012-07-20'),
(656, 66, 'Conqueror', 1, 1, 0, '2012-07-19'),
(656, 67, 'Conqueror', 0, 1, 0, '2012-07-21'),
(656, 149, 'Raven', 1, 1, 0, '2012-07-20'),
(656, 150, 'Raven', 1, 1, 0, '2012-07-19'),
(656, 151, 'Raven', 1, 1, 0, '2012-07-21'),
(656, 152, 'Raven', 0, 1, 0, '2012-07-20'),
(657, 75, 'Conqueror', 1, 0, 1, '2012-07-20'),
(657, 76, 'Conqueror', 0, 1, 0, '2012-07-19'),
(657, 78, 'Conqueror', 1, 0, 1, '2012-07-21'),
(657, 81, 'Conqueror', 1, 1, 0, '2012-07-19'),
(657, 228, 'Fabio', 1, 0, 1, '2012-07-21'),
(657, 229, 'Fabio', 1, 1, 0, '2012-07-20'),
(657, 230, 'Fabio', 1, 1, 0, '2012-07-19'),
(657, 246, 'Empire Maiden', 0, 1, 0, '2012-07-21'),
(657, 247, 'Empire Maiden', 1, 1, 0, '2012-07-20'),
(657, 248, 'Empire Maiden', 1, 1, 0, '2012-07-19'),
(657, 254, 'Empire Maiden', 1, 0, 1, '2012-07-21'),
(658, 162, 'Exarch', 1, 1, 0, '2012-07-19'),
(658, 163, 'Exarch', 1, 0, 1, '2012-07-21'),
(658, 168, 'Exarch', 1, 1, 0, '2012-07-20'),
(658, 172, 'Exarch', 0, 1, 0, '2012-07-20'),
(658, 186, 'Dixie Magic', 1, 0, 1, '2012-07-21'),
(658, 194, 'Dixie Magic', 0, 0, 1, '2012-07-19'),
(658, 215, 'Fabio', 1, 0, 1, '2012-07-20'),
(658, 219, 'Fabio', 1, 0, 1, '2012-07-19'),
(658, 220, 'Fabio', 0, 0, 1, '2012-07-21'),
(658, 245, 'Empire Maiden', 1, 0, 1, '2012-07-20'),
(658, 249, 'Empire Maiden', 1, 1, 0, '2012-07-19'),
(659, 8, 'Covenant', 1, 0, 1, '2012-07-21'),
(659, 9, 'Covenant', 0, 1, 0, '2012-07-20'),
(659, 10, 'Covenant', 1, 1, 0, '2012-07-19'),
(659, 11, 'Covenant', 1, 1, 0, '2012-07-21'),
(659, 12, 'Covenant', 1, 0, 1, '2012-07-20'),
(659, 42, 'Sea Hawk', 0, 1, 0, '2012-07-19'),
(659, 43, 'Sea Hawk', 1, 0, 1, '2012-07-21'),
(659, 44, 'Sea Hawk', 1, 1, 0, '2012-07-20'),
(659, 45, 'Sea Hawk', 1, 1, 0, '2012-07-19'),
(659, 70, 'Conqueror', 0, 1, 0, '2012-07-21'),
(659, 71, 'Conqueror', 1, 1, 0, '2012-07-20'),
(673, 34, 'Sea Hawk', 1, 1, 0, '2013-08-22'),
(673, 35, 'Sea Hawk', 1, 1, 0, '2013-08-24'),
(673, 94, 'Blue Skies', 0, 1, 0, '2013-08-23'),
(673, 95, 'Blue Skies', 1, 1, 0, '2013-08-22'),
(673, 110, 'Barebottom', 1, 1, 0, '2013-08-23'),
(673, 116, 'Barebottom', 1, 0, 1, '2013-08-24'),
(673, 117, 'Barebottom', 1, 1, 0, '2013-08-24'),
(673, 119, 'Barebottom', 1, 1, 0, '2013-08-23'),
(673, 128, 'Barebottom', 0, 0, 1, '2013-08-22'),
(673, 194, 'Dixie Magic', 1, 0, 1, '2013-08-22');
INSERT INTO `RACE_REGISTRATION` (`RaceID`, `MemberID`, `BoatName`, `FeePaidYN`, `SweepYN`, `DrummerYN`, `DateRegistered`) VALUES
(673, 221, 'Fabio', 0, 0, 1, '2013-08-24'),
(674, 19, 'Argo', 1, 0, 1, '2013-08-23'),
(674, 20, 'Argo', 1, 1, 0, '2013-08-22'),
(674, 21, 'Argo', 1, 1, 0, '2013-08-24'),
(674, 107, 'ALTERNATION', 0, 0, 1, '2013-08-23'),
(674, 108, 'ALTERNATION', 1, 1, 0, '2013-08-22'),
(674, 109, 'ALTERNATION', 1, 1, 0, '2013-08-24'),
(674, 113, 'Ala Maris', 1, 0, 1, '2013-08-23'),
(674, 115, 'Ala Maris', 0, 0, 1, '2013-08-22'),
(674, 199, 'APHRODITE', 1, 1, 0, '2013-08-24'),
(674, 200, 'APHRODITE', 1, 1, 0, '2013-08-23'),
(674, 201, 'APHRODITE', 1, 0, 1, '2013-08-22'),
(675, 87, 'Blue Skies', 0, 0, 1, '2013-08-24'),
(675, 88, 'Blue Skies', 1, 1, 0, '2013-08-23'),
(675, 89, 'Blue Skies', 1, 1, 0, '2013-08-22'),
(675, 90, 'Blue Skies', 1, 1, 0, '2013-08-24'),
(675, 119, 'Barebottom', 0, 1, 0, '2013-08-23'),
(675, 133, 'Barebottom', 1, 0, 1, '2013-08-22'),
(675, 135, 'Barebottom', 1, 1, 0, '2013-08-24'),
(675, 154, 'Raven', 1, 1, 0, '2013-08-23'),
(675, 162, 'Exarch', 0, 1, 0, '2013-08-22'),
(675, 163, 'Exarch', 1, 0, 1, '2013-08-24'),
(675, 168, 'Exarch', 1, 1, 0, '2013-08-23'),
(676, 2, 'Covenant', 1, 1, 0, '2013-08-22'),
(676, 5, 'Covenant', 0, 0, 1, '2013-08-24'),
(676, 6, 'Covenant', 1, 1, 0, '2013-08-23'),
(676, 36, 'Sea Hawk', 1, 1, 0, '2013-08-22'),
(676, 71, 'Conqueror', 1, 1, 0, '2013-08-24'),
(676, 76, 'Conqueror', 0, 1, 0, '2013-08-23'),
(676, 95, 'Blue Skies', 1, 1, 0, '2013-08-22'),
(676, 99, 'Blue Skies', 1, 0, 1, '2013-08-24'),
(676, 158, 'Raven', 1, 0, 1, '2013-08-23'),
(676, 165, 'Exarch', 0, 1, 0, '2013-08-22'),
(676, 166, 'Exarch', 1, 1, 0, '2013-08-24'),
(677, 151, 'Raven', 1, 1, 0, '2013-08-23'),
(677, 152, 'Raven', 1, 1, 0, '2013-08-22'),
(677, 153, 'Raven', 0, 1, 0, '2013-08-24'),
(677, 213, 'Fabio', 1, 1, 0, '2013-08-23'),
(677, 214, 'Fabio', 1, 0, 1, '2013-08-22'),
(677, 215, 'Fabio', 1, 0, 1, '2013-08-24'),
(677, 216, 'Fabio', 0, 1, 0, '2013-08-23'),
(677, 217, 'Fabio', 1, 1, 0, '2013-08-22'),
(677, 243, 'Empire Maiden', 1, 0, 1, '2013-08-24'),
(677, 244, 'Empire Maiden', 1, 1, 0, '2013-08-23'),
(677, 245, 'Empire Maiden', 0, 0, 1, '2013-08-22'),
(678, 11, 'Covenant', 1, 1, 0, '2013-08-24'),
(678, 12, 'Covenant', 1, 0, 1, '2013-08-23'),
(678, 13, 'Covenant', 1, 1, 0, '2013-08-22'),
(678, 14, 'Covenant', 0, 0, 1, '2013-08-24'),
(678, 38, 'Sea Hawk', 1, 1, 0, '2013-08-23'),
(678, 39, 'Sea Hawk', 1, 1, 0, '2013-08-22'),
(678, 40, 'Sea Hawk', 1, 1, 0, '2013-08-24'),
(678, 58, 'Conqueror', 0, 0, 1, '2013-08-23'),
(678, 59, 'Conqueror', 1, 1, 0, '2013-08-22'),
(678, 60, 'Conqueror', 1, 1, 0, '2013-08-24'),
(678, 61, 'Conqueror', 1, 1, 0, '2013-08-23'),
(679, 113, 'Ala Maris', 0, 0, 1, '2013-08-22'),
(679, 115, 'Ala Maris', 1, 0, 1, '2013-08-23'),
(679, 116, 'Ala Maris', 1, 0, 1, '2013-08-22'),
(679, 142, 'Hope Two', 0, 0, 1, '2013-08-24'),
(679, 143, 'Hope Two', 1, 0, 1, '2013-08-23'),
(679, 144, 'Hope Two', 1, 0, 1, '2013-08-22'),
(679, 171, 'Funky', 1, 1, 0, '2013-08-24'),
(679, 172, 'Funky', 0, 1, 0, '2013-08-23'),
(679, 173, 'Funky', 1, 1, 0, '2013-08-22'),
(679, 189, 'APHRODITE', 1, 1, 0, '2013-08-24'),
(680, 42, 'Sea Hawk', 1, 1, 0, '2013-08-23'),
(680, 43, 'Sea Hawk', 0, 0, 1, '2013-08-22'),
(680, 44, 'Sea Hawk', 1, 1, 0, '2013-08-24'),
(680, 64, 'Conqueror', 1, 0, 1, '2013-08-23'),
(680, 65, 'Conqueror', 1, 1, 0, '2013-08-22'),
(680, 66, 'Conqueror', 0, 1, 0, '2013-08-24'),
(680, 67, 'Conqueror', 1, 1, 0, '2013-08-23'),
(680, 149, 'Raven', 1, 1, 0, '2013-08-22'),
(680, 150, 'Raven', 1, 1, 0, '2013-08-24'),
(680, 151, 'Raven', 0, 1, 0, '2013-08-23'),
(680, 152, 'Raven', 1, 1, 0, '2013-08-22'),
(681, 75, 'Conqueror', 0, 0, 1, '2013-08-22'),
(681, 76, 'Conqueror', 1, 1, 0, '2013-08-24'),
(681, 78, 'Conqueror', 1, 0, 1, '2013-08-23'),
(681, 81, 'Conqueror', 1, 1, 0, '2013-08-24'),
(681, 228, 'Fabio', 1, 0, 1, '2013-08-23'),
(681, 229, 'Fabio', 1, 1, 0, '2013-08-22'),
(681, 230, 'Fabio', 0, 1, 0, '2013-08-24'),
(681, 246, 'Empire Maiden', 1, 1, 0, '2013-08-23'),
(681, 247, 'Empire Maiden', 1, 1, 0, '2013-08-22'),
(681, 248, 'Empire Maiden', 1, 1, 0, '2013-08-24'),
(681, 254, 'Empire Maiden', 0, 0, 1, '2013-08-23'),
(682, 162, 'Exarch', 1, 1, 0, '2013-08-24'),
(682, 163, 'Exarch', 1, 0, 1, '2013-08-23'),
(682, 168, 'Exarch', 0, 1, 0, '2013-08-22'),
(682, 172, 'Exarch', 1, 1, 0, '2013-08-22'),
(682, 186, 'Dixie Magic', 1, 0, 1, '2013-08-23'),
(682, 194, 'Dixie Magic', 1, 0, 1, '2013-08-24'),
(682, 215, 'Fabio', 1, 0, 1, '2013-08-22'),
(682, 219, 'Fabio', 0, 0, 1, '2013-08-24'),
(682, 220, 'Fabio', 1, 0, 1, '2013-08-23'),
(682, 245, 'Empire Maiden', 1, 0, 1, '2013-08-22'),
(682, 249, 'Empire Maiden', 1, 1, 0, '2013-08-24'),
(683, 8, 'Covenant', 0, 0, 1, '2013-08-23'),
(683, 9, 'Covenant', 1, 1, 0, '2013-08-22'),
(683, 10, 'Covenant', 1, 1, 0, '2013-08-24'),
(683, 11, 'Covenant', 1, 1, 0, '2013-08-23'),
(683, 12, 'Covenant', 0, 0, 1, '2013-08-22'),
(683, 42, 'Sea Hawk', 1, 1, 0, '2013-08-24'),
(683, 43, 'Sea Hawk', 1, 0, 1, '2013-08-23'),
(683, 44, 'Sea Hawk', 1, 1, 0, '2013-08-22'),
(683, 45, 'Sea Hawk', 0, 1, 0, '2013-08-24'),
(683, 70, 'Conqueror', 1, 1, 0, '2013-08-23'),
(683, 71, 'Conqueror', 1, 1, 0, '2013-08-22'),
(697, 34, 'Sea Hawk', 1, 1, 0, '2014-03-01'),
(697, 35, 'Sea Hawk', 0, 1, 0, '2014-02-28'),
(697, 94, 'Blue Skies', 1, 1, 0, '2014-02-27'),
(697, 95, 'Blue Skies', 1, 1, 0, '2014-03-01'),
(697, 110, 'Barebottom', 1, 1, 0, '2014-02-27'),
(697, 116, 'Barebottom', 1, 0, 1, '2014-02-28'),
(697, 117, 'Barebottom', 1, 1, 0, '2014-02-28'),
(697, 119, 'Barebottom', 0, 1, 0, '2014-02-27'),
(697, 128, 'Barebottom', 1, 0, 1, '2014-03-01'),
(697, 194, 'Dixie Magic', 0, 0, 1, '2014-03-01'),
(697, 221, 'Fabio', 1, 0, 1, '2014-02-28'),
(698, 19, 'Argo', 1, 0, 1, '2014-02-27'),
(698, 20, 'Argo', 1, 1, 0, '2014-03-01'),
(698, 21, 'Argo', 0, 1, 0, '2014-02-28'),
(698, 107, 'ALTERNATION', 1, 0, 1, '2014-02-27'),
(698, 108, 'ALTERNATION', 1, 1, 0, '2014-03-01'),
(698, 109, 'ALTERNATION', 1, 1, 0, '2014-02-28'),
(698, 113, 'Ala Maris', 0, 0, 1, '2014-02-27'),
(698, 115, 'Ala Maris', 1, 0, 1, '2014-03-01'),
(698, 199, 'APHRODITE', 1, 1, 0, '2014-02-28'),
(698, 200, 'APHRODITE', 1, 1, 0, '2014-02-27'),
(698, 201, 'APHRODITE', 0, 0, 1, '2014-03-01'),
(699, 87, 'Blue Skies', 1, 0, 1, '2014-02-28'),
(699, 88, 'Blue Skies', 1, 1, 0, '2014-02-27'),
(699, 89, 'Blue Skies', 1, 1, 0, '2014-03-01'),
(699, 90, 'Blue Skies', 0, 1, 0, '2014-02-28'),
(699, 119, 'Barebottom', 1, 1, 0, '2014-02-27'),
(699, 133, 'Barebottom', 1, 0, 1, '2014-03-01'),
(699, 135, 'Barebottom', 1, 1, 0, '2014-02-28'),
(699, 154, 'Raven', 0, 1, 0, '2014-02-27'),
(699, 162, 'Exarch', 1, 1, 0, '2014-03-01'),
(699, 163, 'Exarch', 1, 0, 1, '2014-02-28'),
(699, 168, 'Exarch', 1, 1, 0, '2014-02-27'),
(700, 2, 'Covenant', 0, 1, 0, '2014-03-01'),
(700, 5, 'Covenant', 1, 0, 1, '2014-02-28'),
(700, 6, 'Covenant', 1, 1, 0, '2014-02-27'),
(700, 36, 'Sea Hawk', 1, 1, 0, '2014-03-01'),
(700, 71, 'Conqueror', 0, 1, 0, '2014-02-28'),
(700, 76, 'Conqueror', 1, 1, 0, '2014-02-27'),
(700, 95, 'Blue Skies', 1, 1, 0, '2014-03-01'),
(700, 99, 'Blue Skies', 1, 0, 1, '2014-02-28'),
(700, 158, 'Raven', 0, 0, 1, '2014-02-27'),
(700, 165, 'Exarch', 1, 1, 0, '2014-03-01'),
(700, 166, 'Exarch', 1, 1, 0, '2014-02-28'),
(701, 151, 'Raven', 1, 1, 0, '2014-02-27'),
(701, 152, 'Raven', 0, 1, 0, '2014-03-01'),
(701, 153, 'Raven', 1, 1, 0, '2014-02-28'),
(701, 213, 'Fabio', 1, 1, 0, '2014-02-27'),
(701, 214, 'Fabio', 1, 0, 1, '2014-03-01'),
(701, 215, 'Fabio', 0, 0, 1, '2014-02-28'),
(701, 216, 'Fabio', 1, 1, 0, '2014-02-27'),
(701, 217, 'Fabio', 1, 1, 0, '2014-03-01'),
(701, 243, 'Empire Maiden', 1, 0, 1, '2014-02-28'),
(701, 244, 'Empire Maiden', 0, 1, 0, '2014-02-27'),
(701, 245, 'Empire Maiden', 1, 0, 1, '2014-03-01'),
(702, 11, 'Covenant', 1, 1, 0, '2014-02-28'),
(702, 12, 'Covenant', 1, 0, 1, '2014-02-27'),
(702, 13, 'Covenant', 0, 1, 0, '2014-03-01'),
(702, 14, 'Covenant', 1, 0, 1, '2014-02-28'),
(702, 38, 'Sea Hawk', 1, 1, 0, '2014-02-27'),
(702, 39, 'Sea Hawk', 1, 1, 0, '2014-03-01'),
(702, 40, 'Sea Hawk', 0, 1, 0, '2014-02-28'),
(702, 58, 'Conqueror', 1, 0, 1, '2014-02-27'),
(702, 59, 'Conqueror', 1, 1, 0, '2014-03-01'),
(702, 60, 'Conqueror', 1, 1, 0, '2014-02-28'),
(702, 61, 'Conqueror', 0, 1, 0, '2014-02-27'),
(703, 113, 'Ala Maris', 1, 0, 1, '2014-03-01'),
(703, 115, 'Ala Maris', 1, 0, 1, '2014-02-27'),
(703, 116, 'Ala Maris', 0, 0, 1, '2014-03-01'),
(703, 142, 'Hope Two', 1, 0, 1, '2014-02-28'),
(703, 143, 'Hope Two', 1, 0, 1, '2014-02-27'),
(703, 171, 'Funky', 0, 1, 0, '2014-02-28'),
(703, 172, 'Funky', 1, 1, 0, '2014-02-27'),
(703, 173, 'Funky', 1, 1, 0, '2014-03-01'),
(703, 189, 'APHRODITE', 1, 1, 0, '2014-02-28'),
(704, 42, 'Sea Hawk', 0, 1, 0, '2014-02-27'),
(704, 43, 'Sea Hawk', 1, 0, 1, '2014-03-01'),
(704, 44, 'Sea Hawk', 1, 1, 0, '2014-02-28'),
(704, 64, 'Conqueror', 1, 0, 1, '2014-02-27'),
(704, 65, 'Conqueror', 0, 1, 0, '2014-03-01'),
(704, 66, 'Conqueror', 1, 1, 0, '2014-02-28'),
(704, 67, 'Conqueror', 1, 1, 0, '2014-02-27'),
(704, 149, 'Raven', 1, 1, 0, '2014-03-01'),
(704, 150, 'Raven', 0, 1, 0, '2014-02-28'),
(704, 151, 'Raven', 1, 1, 0, '2014-02-27'),
(704, 152, 'Raven', 1, 1, 0, '2014-03-01'),
(705, 75, 'Conqueror', 1, 0, 1, '2014-03-01'),
(705, 76, 'Conqueror', 1, 1, 0, '2014-02-28'),
(705, 78, 'Conqueror', 0, 0, 1, '2014-02-27'),
(705, 81, 'Conqueror', 1, 1, 0, '2014-02-28'),
(705, 228, 'Fabio', 1, 0, 1, '2014-02-27'),
(705, 229, 'Fabio', 0, 1, 0, '2014-03-01'),
(705, 230, 'Fabio', 1, 1, 0, '2014-02-28'),
(705, 246, 'Empire Maiden', 1, 1, 0, '2014-02-27'),
(705, 247, 'Empire Maiden', 1, 1, 0, '2014-03-01'),
(705, 248, 'Empire Maiden', 0, 1, 0, '2014-02-28'),
(705, 254, 'Empire Maiden', 1, 0, 1, '2014-02-27'),
(706, 162, 'Exarch', 1, 1, 0, '2014-02-28'),
(706, 163, 'Exarch', 0, 0, 1, '2014-02-27'),
(706, 168, 'Exarch', 1, 1, 0, '2014-03-01'),
(706, 172, 'Exarch', 1, 1, 0, '2014-03-01'),
(706, 186, 'Dixie Magic', 1, 0, 1, '2014-02-27'),
(706, 194, 'Dixie Magic', 1, 0, 1, '2014-02-28'),
(706, 215, 'Fabio', 0, 0, 1, '2014-03-01'),
(706, 219, 'Fabio', 1, 0, 1, '2014-02-28'),
(706, 220, 'Fabio', 1, 0, 1, '2014-02-27'),
(706, 245, 'Empire Maiden', 1, 0, 1, '2014-03-01'),
(706, 249, 'Empire Maiden', 0, 1, 0, '2014-02-28'),
(707, 8, 'Covenant', 1, 0, 1, '2014-02-27'),
(707, 9, 'Covenant', 1, 1, 0, '2014-03-01'),
(707, 10, 'Covenant', 1, 1, 0, '2014-02-28'),
(707, 11, 'Covenant', 0, 1, 0, '2014-02-27'),
(707, 12, 'Covenant', 1, 0, 1, '2014-03-01'),
(707, 42, 'Sea Hawk', 1, 1, 0, '2014-02-28'),
(707, 43, 'Sea Hawk', 1, 0, 1, '2014-02-27'),
(707, 44, 'Sea Hawk', 0, 1, 0, '2014-03-01'),
(707, 45, 'Sea Hawk', 1, 1, 0, '2014-02-28'),
(707, 70, 'Conqueror', 1, 1, 0, '2014-02-27'),
(707, 71, 'Conqueror', 1, 1, 0, '2014-03-01');

-- --------------------------------------------------------

--
-- Table structure for table `REGATTA`
--

CREATE TABLE IF NOT EXISTS `REGATTA` (
  `RegattaID` int(11) NOT NULL AUTO_INCREMENT,
  `RegattaName` varchar(100) NOT NULL,
  `RegattaDate` date NOT NULL,
  `OrganisingClub` varchar(100) NOT NULL,
  `Location` varchar(100) NOT NULL,
  `ContactMember` int(11) NOT NULL,
  PRIMARY KEY (`RegattaID`),
  KEY `CLUB_REGATTA_FK` (`OrganisingClub`),
  KEY `MEMBER_REGATTA_FK` (`ContactMember`)
) ENGINE=InnoDB  DEFAULT CHARSET=utf8 AUTO_INCREMENT=31 ;

--
-- Dumping data for table `REGATTA`
--

INSERT INTO `REGATTA` (`RegattaID`, `RegattaName`, `RegattaDate`, `OrganisingClub`, `Location`, `ContactMember`) VALUES
(1, 'Richmond Regatta', '2014-02-15', 'Auris Dragon Boat Club', 'Richmond River', 3),
(2, 'Richmond Regatta', '2013-05-04', 'Auris Dragon Boat Club', 'Richmond River', 3),
(3, 'Richmond Regatta', '2012-03-17', 'Auris Dragon Boat Club', 'Richmond River', 3),
(4, 'Macleay River Regatta', '2014-03-09', 'Capricorn Dragon Boaters', 'Macleay River', 29),
(5, 'Macleay River Regatta', '2013-12-08', 'Capricorn Dragon Boaters', 'Macleay River', 29),
(6, 'Macleay River Regatta', '2012-12-15', 'Capricorn Dragon Boaters', 'Macleay River', 29),
(7, 'Evans River Regatta', '2014-01-12', 'Clarence Dragon Boat Club', 'Evans River', 57),
(8, 'Evans River Regatta', '2013-03-23', 'Clarence Dragon Boat Club', 'Evans River', 57),
(9, 'Evans River Regatta', '2012-03-10', 'Clarence Dragon Boat Club', 'Evans River', 57),
(10, 'Clarence River Regatta', '2014-05-26', 'Clarence Paddlers', 'Clarence River', 84),
(11, 'Clarence River Regatta', '2013-03-10', 'Clarence Paddlers', 'Clarence River', 84),
(12, 'Clarence River Regatta', '2012-02-05', 'Clarence Paddlers', 'Clarence River', 84),
(13, 'Coffs Harbour Regatta', '2014-04-28', 'Coffs Coast Paddlers', 'Urunga River', 110),
(14, 'Coffs Harbour Regatta', '2013-02-24', 'Coffs Coast Paddlers', 'Urunga River', 110),
(15, 'Coffs Harbour Regatta', '2012-01-14', 'Coffs Coast Paddlers', 'Urunga River', 110),
(16, 'Brunswick Regatta', '2014-01-04', 'Different Strokes Dragon Boat Club', 'Brunswick River', 136),
(17, 'Brunswick Regatta', '2013-03-17', 'Different Strokes Dragon Boat Club', 'Brunswick River', 136),
(18, 'Brunswick Regatta', '2012-02-11', 'Different Strokes Dragon Boat Club', 'Brunswick River', 136),
(19, 'Kalang River Regatta', '2014-02-23', 'Oceanus Paddlers', 'Kalang River', 161),
(20, 'Kalang River Regatta', '2013-08-17', 'Oceanus Paddlers', 'Kalang River', 161),
(21, 'Kalang River Regatta', '2012-04-14', 'Oceanus Paddlers', 'Kalang River', 161),
(22, 'Nambucca Regatta', '2014-03-08', 'Poseidon Paddlers', 'Nambucca River', 188),
(23, 'Nambucca Regatta', '2013-10-05', 'Poseidon Paddlers', 'Nambucca River', 188),
(24, 'Nambucca Regatta', '2012-09-15', 'Poseidon Paddlers', 'Nambucca River', 188),
(25, 'Tweed Coast Regatta', '2014-03-01', 'Tweed Dragon Boat Club', 'Tweed River', 215),
(26, 'Tweed Coast Regatta', '2013-08-24', 'Tweed Dragon Boat Club', 'Tweed River', 215),
(27, 'Tweed Coast Regatta', '2012-07-21', 'Tweed Dragon Boat Club', 'Tweed River', 215),
(28, 'Bellinger Regatta', '2014-02-22', 'Volaris Dragon Boaters', 'Bellinger River', 238),
(29, 'Bellinger Regatta', '2013-07-21', 'Volaris Dragon Boaters', 'Bellinger River', 238),
(30, 'Bellinger Regatta', '2012-04-08', 'Volaris Dragon Boaters', 'Bellinger River', 238);

-- --------------------------------------------------------

--
-- Stand-in structure for view `Regatta_Registration_View`
--
CREATE TABLE IF NOT EXISTS `Regatta_Registration_View` (
`Full Name` varchar(102)
,`Regatta` varchar(100)
,`Date` date
,`Club` varchar(100)
,`Heat` tinyint(2)
,`Race` tinyint(2)
,`Race Name` varchar(100)
,`Start Time` time
,`Boat` varchar(100)
,`Sweep` varchar(1)
,`Drummer` varchar(1)
,`Fee Paid` varchar(1)
);
-- --------------------------------------------------------

--
-- Table structure for table `SWEEP`
--

CREATE TABLE IF NOT EXISTS `SWEEP` (
  `MemberID` int(11) NOT NULL,
  `Level` tinyint(1) NOT NULL,
  `CertificationDate` date NOT NULL,
  PRIMARY KEY (`MemberID`),
  KEY `MEMBER_SWEEP_FK` (`MemberID`)
) ENGINE=InnoDB DEFAULT CHARSET=utf8;

--
-- Dumping data for table `SWEEP`
--

INSERT INTO `SWEEP` (`MemberID`, `Level`, `CertificationDate`) VALUES
(2, 2, '2012-08-02'),
(3, 1, '2009-06-29'),
(5, 4, '2015-03-12'),
(8, 2, '2009-09-04'),
(9, 1, '2013-09-16'),
(10, 2, '2010-10-14'),
(11, 3, '2013-08-01'),
(13, 4, '2009-07-06'),
(17, 3, '2011-03-02'),
(18, 1, '2013-01-07'),
(20, 4, '2011-02-21'),
(21, 5, '2009-09-02'),
(22, 4, '2010-01-26'),
(24, 2, '2010-08-16'),
(27, 4, '2014-11-07'),
(28, 5, '2011-03-29'),
(29, 2, '2012-11-05'),
(30, 4, '2009-08-06'),
(32, 2, '2011-04-13'),
(34, 5, '2013-02-22'),
(35, 5, '2012-06-12'),
(36, 1, '2011-05-17'),
(37, 3, '2010-10-26'),
(39, 4, '2011-07-04'),
(40, 5, '2010-04-02'),
(41, 5, '2011-05-12'),
(42, 4, '2011-12-26'),
(43, 2, '2009-10-15'),
(44, 2, '2011-08-12'),
(45, 5, '2009-11-09'),
(46, 2, '2010-10-27'),
(47, 2, '2012-07-06'),
(48, 3, '2009-06-19'),
(49, 4, '2012-11-01'),
(51, 1, '2010-09-03'),
(52, 5, '2013-11-15'),
(53, 4, '2011-11-09'),
(54, 1, '2014-08-14'),
(55, 2, '2014-03-31'),
(56, 1, '2014-01-11'),
(59, 2, '2014-02-06'),
(60, 3, '2012-07-18'),
(61, 4, '2012-12-03'),
(62, 5, '2012-07-20'),
(63, 2, '2014-09-04'),
(64, 5, '2010-01-12'),
(65, 5, '2013-02-14'),
(67, 1, '2012-06-18'),
(68, 1, '2013-04-05'),
(69, 1, '2010-02-04'),
(70, 1, '2009-08-21'),
(71, 5, '2013-08-12'),
(73, 1, '2013-12-11'),
(74, 5, '2012-03-28'),
(75, 3, '2010-12-29'),
(76, 3, '2010-07-05'),
(77, 3, '2011-04-06'),
(78, 4, '2012-12-05'),
(79, 1, '2013-04-23'),
(80, 3, '2011-09-09'),
(81, 5, '2015-04-17'),
(82, 4, '2010-01-08'),
(83, 5, '2011-08-08'),
(84, 3, '2014-03-03'),
(86, 2, '2012-03-10'),
(88, 1, '2011-05-17'),
(89, 4, '2013-04-16'),
(90, 3, '2011-12-13'),
(91, 4, '2012-04-18'),
(92, 1, '2015-01-07'),
(93, 3, '2010-11-03'),
(94, 3, '2013-06-06'),
(95, 4, '2013-07-23'),
(96, 2, '2009-06-23'),
(97, 4, '2010-05-05'),
(98, 3, '2013-09-24'),
(99, 1, '2010-04-16'),
(101, 1, '2011-04-15'),
(102, 4, '2013-09-23'),
(103, 3, '2011-06-09'),
(104, 3, '2014-05-16'),
(105, 5, '2009-09-09'),
(106, 5, '2010-10-25'),
(107, 3, '2014-07-23'),
(108, 3, '2013-03-06'),
(109, 5, '2014-09-17'),
(111, 5, '2014-10-07'),
(113, 3, '2013-04-09'),
(114, 4, '2010-09-07'),
(115, 2, '2010-12-20'),
(118, 5, '2014-05-15'),
(119, 1, '2014-06-09'),
(122, 4, '2013-05-06'),
(123, 1, '2014-09-19'),
(124, 1, '2011-05-10'),
(125, 4, '2014-08-22'),
(128, 5, '2010-10-27'),
(130, 4, '2009-08-10'),
(131, 3, '2011-09-21'),
(132, 3, '2013-12-30'),
(133, 5, '2010-11-10'),
(137, 3, '2015-07-01'),
(138, 4, '2015-06-05'),
(140, 2, '2011-02-16'),
(141, 5, '2011-08-08'),
(142, 4, '2015-02-20'),
(143, 1, '2011-02-03'),
(145, 3, '2011-02-11'),
(147, 1, '2013-11-19'),
(149, 2, '2009-09-01'),
(150, 5, '2014-11-20'),
(152, 5, '2012-01-19'),
(154, 5, '2009-09-15'),
(156, 1, '2009-11-05'),
(157, 2, '2012-05-30'),
(160, 4, '2009-11-23'),
(162, 3, '2012-11-16'),
(164, 3, '2009-12-24'),
(167, 3, '2015-04-17'),
(168, 5, '2010-10-12'),
(169, 2, '2010-05-03'),
(171, 1, '2010-04-30'),
(172, 5, '2010-09-30'),
(173, 5, '2010-02-10'),
(176, 4, '2011-07-15'),
(178, 3, '2010-01-14'),
(179, 2, '2010-07-19'),
(180, 2, '2014-08-15'),
(183, 3, '2013-04-01'),
(185, 2, '2010-11-04'),
(187, 3, '2012-12-25'),
(188, 5, '2011-08-03'),
(189, 3, '2012-03-12'),
(190, 1, '2012-01-06'),
(191, 1, '2010-08-17'),
(195, 3, '2011-06-22'),
(197, 3, '2011-10-13'),
(199, 4, '2011-07-06'),
(200, 1, '2010-11-19'),
(201, 3, '2015-05-07'),
(202, 5, '2014-04-15'),
(203, 3, '2012-07-02'),
(204, 3, '2011-01-24'),
(206, 1, '2009-10-01'),
(207, 5, '2013-08-07'),
(209, 4, '2010-10-14'),
(211, 3, '2012-08-06'),
(213, 4, '2014-10-31'),
(214, 2, '2011-09-22'),
(216, 1, '2012-08-17'),
(217, 1, '2012-01-20'),
(220, 2, '2010-08-18'),
(221, 2, '2012-02-16'),
(222, 3, '2012-12-11'),
(223, 2, '2012-09-25'),
(224, 4, '2012-09-27'),
(225, 5, '2010-04-05'),
(226, 5, '2015-02-19'),
(227, 1, '2009-06-26'),
(229, 2, '2013-06-21'),
(230, 5, '2013-05-28'),
(231, 3, '2010-07-19'),
(232, 2, '2010-07-26'),
(233, 4, '2011-05-05'),
(234, 1, '2009-06-15'),
(235, 2, '2013-01-25'),
(236, 3, '2011-03-29'),
(237, 4, '2013-10-21'),
(238, 1, '2014-02-27'),
(241, 2, '2014-08-26'),
(243, 1, '2009-09-11'),
(244, 3, '2010-06-21'),
(246, 1, '2013-04-23'),
(247, 2, '2014-10-13'),
(248, 5, '2014-12-10'),
(249, 2, '2011-02-18'),
(250, 2, '2013-02-26'),
(251, 5, '2010-09-09'),
(252, 1, '2010-02-25'),
(253, 4, '2014-09-01'),
(254, 1, '2012-06-22'),
(255, 4, '2009-11-16'),
(256, 4, '2011-10-19'),
(257, 5, '2014-04-21'),
(258, 1, '2015-02-11'),
(259, 1, '2014-08-14'),
(260, 4, '2014-11-14');

-- --------------------------------------------------------

--
-- Structure for view `Annual_Dues_Paid_View`
--
DROP TABLE IF EXISTS `Annual_Dues_Paid_View`;

CREATE ALGORITHM=UNDEFINED DEFINER=`jdoher10`@`%` SQL SECURITY DEFINER VIEW `Annual_Dues_Paid_View` AS select `Member_Contact_View`.`Club` AS `Club`,`Member_Contact_View`.`Full Name` AS `Full Name`,`Member_Contact_View`.`Email` AS `Email`,`Member_Contact_View`.`Phone` AS `Phone`,`DUES`.`MembershipYear` AS `Year`,sum(`DUES`.`Amount`) AS `Total Paid` from (`Member_Contact_View` left join `DUES` on((`Member_Contact_View`.`MemberID` = `DUES`.`MemberID`))) group by `Member_Contact_View`.`MemberID`,`DUES`.`MembershipYear`;

-- --------------------------------------------------------

--
-- Structure for view `Coach_View`
--
DROP TABLE IF EXISTS `Coach_View`;

CREATE ALGORITHM=UNDEFINED DEFINER=`jdoher10`@`%` SQL SECURITY DEFINER VIEW `Coach_View` AS select `MEMBER`.`MemberID` AS `MemberID`,`MEMBER`.`ClubName` AS `Club`,`MEMBER`.`LastName` AS `Last Name`,`MEMBER`.`FirstName` AS `First Name`,`MEMBER`.`Email` AS `Email`,`MEMBER`.`Phone` AS `Phone`,`COACH`.`Level` AS `Coach Level`,`COACH`.`CertificationDate` AS `Coach Certification Date` from (`MEMBER` join `COACH` on((`MEMBER`.`MemberID` = `COACH`.`MemberID`))) order by `MEMBER`.`LastName`,`MEMBER`.`FirstName`;

-- --------------------------------------------------------

--
-- Structure for view `Member_Contact_View`
--
DROP TABLE IF EXISTS `Member_Contact_View`;

CREATE ALGORITHM=UNDEFINED DEFINER=`jdoher10`@`%` SQL SECURITY DEFINER VIEW `Member_Contact_View` AS select `MEMBER`.`MemberID` AS `MemberID`,concat(`MEMBER`.`LastName`,', ',`MEMBER`.`FirstName`) AS `Full Name`,`MEMBER`.`ClubName` AS `Club`,`MEMBER`.`Email` AS `Email`,`MEMBER`.`Phone` AS `Phone`,`MEMBER`.`ClubPosition` AS `Club Position` from `MEMBER` order by concat(`MEMBER`.`LastName`,', ',`MEMBER`.`FirstName`);

-- --------------------------------------------------------

--
-- Structure for view `Member_Qualification_View`
--
DROP TABLE IF EXISTS `Member_Qualification_View`;

CREATE ALGORITHM=UNDEFINED DEFINER=`jdoher10`@`%` SQL SECURITY DEFINER VIEW `Member_Qualification_View` AS select `MEMBER`.`MemberID` AS `MemberID`,`MEMBER`.`ClubName` AS `Club`,`MEMBER`.`LastName` AS `Last Name`,`MEMBER`.`FirstName` AS `First Name`,`MEMBER`.`Phone` AS `Phone`,`COACH`.`Level` AS `Coach Level`,`COACH`.`CertificationDate` AS `Coach Certification Date`,`SWEEP`.`Level` AS `Sweep Level`,`SWEEP`.`CertificationDate` AS `Sweep Certification Date`,`DRUMMER`.`LastWorkshopDate` AS `Last Workshop Date` from (((`MEMBER` left join `COACH` on((`MEMBER`.`MemberID` = `COACH`.`MemberID`))) left join `SWEEP` on((`MEMBER`.`MemberID` = `SWEEP`.`MemberID`))) left join `DRUMMER` on((`MEMBER`.`MemberID` = `DRUMMER`.`MemberID`))) order by `MEMBER`.`LastName`,`MEMBER`.`FirstName`;

-- --------------------------------------------------------

--
-- Structure for view `Regatta_Registration_View`
--
DROP TABLE IF EXISTS `Regatta_Registration_View`;

CREATE ALGORITHM=UNDEFINED DEFINER=`jdoher10`@`%` SQL SECURITY DEFINER VIEW `Regatta_Registration_View` AS select `Member_Contact_View`.`Full Name` AS `Full Name`,`REGATTA`.`RegattaName` AS `Regatta`,`REGATTA`.`RegattaDate` AS `Date`,`Member_Contact_View`.`Club` AS `Club`,`RACE`.`HeatNumber` AS `Heat`,`RACE`.`RaceNumber` AS `Race`,`RACE`.`RaceName` AS `Race Name`,`RACE`.`StartTime` AS `Start Time`,`RACE_REGISTRATION`.`BoatName` AS `Boat`,if(`RACE_REGISTRATION`.`SweepYN`,'Y','N') AS `Sweep`,if(`RACE_REGISTRATION`.`DrummerYN`,'Y','N') AS `Drummer`,if(`RACE_REGISTRATION`.`FeePaidYN`,'Y','N') AS `Fee Paid` from (((`Member_Contact_View` join `RACE_REGISTRATION` on((`Member_Contact_View`.`MemberID` = `RACE_REGISTRATION`.`MemberID`))) join `RACE` on((`RACE_REGISTRATION`.`RaceID` = `RACE`.`RaceID`))) join `REGATTA` on((`RACE`.`RegattaID` = `REGATTA`.`RegattaID`))) order by `REGATTA`.`RegattaName`,`REGATTA`.`RegattaDate`,`RACE`.`StartTime`;

--
-- Constraints for dumped tables
--

--
-- Constraints for table `BOAT`
--
ALTER TABLE `BOAT`
  ADD CONSTRAINT `CLUB_BOAT_FK` FOREIGN KEY (`ClubName`) REFERENCES `CLUB` (`ClubName`);

--
-- Constraints for table `COACH`
--
ALTER TABLE `COACH`
  ADD CONSTRAINT `MEMBER_COACH_FK` FOREIGN KEY (`MemberID`) REFERENCES `MEMBER` (`MemberID`) ON DELETE CASCADE ON UPDATE CASCADE;

--
-- Constraints for table `DRUMMER`
--
ALTER TABLE `DRUMMER`
  ADD CONSTRAINT `MEMBER_DRUMMER_FK` FOREIGN KEY (`MemberID`) REFERENCES `MEMBER` (`MemberID`) ON DELETE CASCADE ON UPDATE CASCADE;

--
-- Constraints for table `DUES`
--
ALTER TABLE `DUES`
  ADD CONSTRAINT `MEMBER_DUES_FK` FOREIGN KEY (`MemberID`) REFERENCES `MEMBER` (`MemberID`) ON DELETE CASCADE ON UPDATE CASCADE;

--
-- Constraints for table `MEMBER`
--
ALTER TABLE `MEMBER`
  ADD CONSTRAINT `CLUB_MEMBER_FK` FOREIGN KEY (`ClubName`) REFERENCES `CLUB` (`ClubName`),
  ADD CONSTRAINT `MEMBER_REFERRER_FK` FOREIGN KEY (`ReferrerID`) REFERENCES `MEMBER` (`MemberID`);

--
-- Constraints for table `RACE`
--
ALTER TABLE `RACE`
  ADD CONSTRAINT `CLUB_RACE_FK` FOREIGN KEY (`WinningClub`) REFERENCES `CLUB` (`ClubName`) ON DELETE CASCADE ON UPDATE CASCADE,
  ADD CONSTRAINT `REGATTA_RACE_FK` FOREIGN KEY (`RegattaID`) REFERENCES `REGATTA` (`RegattaID`) ON DELETE CASCADE ON UPDATE CASCADE;

--
-- Constraints for table `RACE_REGISTRATION`
--
ALTER TABLE `RACE_REGISTRATION`
  ADD CONSTRAINT `BOAT_RACE_REGISTRATION_FK` FOREIGN KEY (`BoatName`) REFERENCES `BOAT` (`BoatName`) ON DELETE CASCADE ON UPDATE CASCADE,
  ADD CONSTRAINT `MEMBER_RACE_REGISTRATION_FK` FOREIGN KEY (`MemberID`) REFERENCES `MEMBER` (`MemberID`) ON DELETE CASCADE ON UPDATE CASCADE,
  ADD CONSTRAINT `RACE_RACE_REGISTRATION_FK` FOREIGN KEY (`RaceID`) REFERENCES `RACE` (`RaceID`) ON DELETE CASCADE ON UPDATE CASCADE;

--
-- Constraints for table `REGATTA`
--
ALTER TABLE `REGATTA`
  ADD CONSTRAINT `MEMBER_REGATTA_FK` FOREIGN KEY (`ContactMember`) REFERENCES `MEMBER` (`MemberID`),
  ADD CONSTRAINT `CLUB_REGATTA_FK` FOREIGN KEY (`OrganisingClub`) REFERENCES `CLUB` (`ClubName`);

--
-- Constraints for table `SWEEP`
--
ALTER TABLE `SWEEP`
  ADD CONSTRAINT `MEMBER_SWEEP_FK` FOREIGN KEY (`MemberID`) REFERENCES `MEMBER` (`MemberID`) ON DELETE CASCADE ON UPDATE CASCADE;

/*!40101 SET CHARACTER_SET_CLIENT=@OLD_CHARACTER_SET_CLIENT */;
/*!40101 SET CHARACTER_SET_RESULTS=@OLD_CHARACTER_SET_RESULTS */;
/*!40101 SET COLLATION_CONNECTION=@OLD_COLLATION_CONNECTION */;
